name,author,img_paths,bounding_boxes,text
This is Going to Hurt,Adam Kay,dataset\adjusted_dataset\Medical\0000001.jpg,[],[]
"Thinking, Fast and Slow",Daniel Kahneman,dataset\adjusted_dataset\Medical\0000002.jpg,"[[[0, 257], [406, 257], [406, 368], [0, 368]]]","[""thinking: fastand slow""]"
When Breath Becomes Air,Paul Kalanithi,dataset\adjusted_dataset\Medical\0000003.jpg,"[[[35, 355], [481, 355], [481, 496], [35, 496]]]","[""becomes pauldalanthi air""]"
The Happiness Trap,Russ Harris,dataset\adjusted_dataset\Medical\0000004.jpg,"[[[13, 128], [506, 128], [506, 280], [13, 280]]]","[""happiness trap""]"
Man's Search For Meaning,Viktor E. Frankl,dataset\adjusted_dataset\Medical\0000005.jpg,"[[[30, 9], [484, 9], [484, 196], [30, 196]]]","[""viktcre fxnkl man $ search for meaning""]"
The Man Who Mistook His Wife for a Hat,Oliver Sacks,dataset\adjusted_dataset\Medical\0000006.jpg,"[[[9, 285], [507, 285], [507, 452], [9, 452]]]","[""oliver sackts tne mar who mibeook hig vife ecr 4 hat""]"
The 8-week Blood Sugar Diet,Michael Mosley,dataset\adjusted_dataset\Medical\0000007.jpg,"[[[33, 136], [491, 136], [491, 503], [33, 503]]]","[""8-week blood sugar diet lme #aipr lait anu terogjmce twr eodg [df4tint dimut k""]"
The Clever Guts Diet,Michael Mosley,dataset\adjusted_dataset\Medical\0000008.jpg,[],[]
12 Rules for Life,Jordan B. Peterson,dataset\adjusted_dataset\Medical\0000009.jpg,"[[[101, 201], [407, 201], [407, 346], [101, 346]]]","[""12 rule _ for life h #atinote t0 \u20achds""]"
Being Mortal,Atul Gawande,dataset\adjusted_dataset\Medical\0000010.jpg,[],[]
Gut,Giulia Enders,dataset\adjusted_dataset\Medical\0000011.jpg,[],[]
The Brain That Changes Itself,Norman Doidge,dataset\adjusted_dataset\Medical\0000012.jpg,"[[[0, 0], [491, 0], [491, 147], [0, 147]]]","[""nobmay doldc e tlie brain thal changes ttself""]"
Medical Medium Liver Rescue,Anthony William,dataset\adjusted_dataset\Medical\0000013.jpg,"[[[103, 0], [411, 0], [411, 109], [103, 109]]]","[""medicalyedium liver""]"
Wreck This Journal,Keri Smith,dataset\adjusted_dataset\Medical\0000014.jpg,"[[[107, 123], [373, 123], [373, 286], [107, 286]]]","[""wreck this journal""]"
12 Rules for Life,Jordan B. Peterson,dataset\adjusted_dataset\Medical\0000015.jpg,"[[[101, 184], [407, 184], [407, 330], [101, 330]]]","[""12 rules for life 0r #ttidete 10 c0ko""]"
12 Rules for Life,Jordan B. Peterson,dataset\adjusted_dataset\Medical\0000016.jpg,"[[[72, 190], [442, 190], [442, 346], [72, 346]]]","[""1.2 rule 5 fd r life 44 w4tidote 10 chaos""]"
Gut and Psychology Syndrome,Dr Natasha Campbell-McBride,dataset\adjusted_dataset\Medical\0000017.jpg,"[[[77, 36], [431, 36], [431, 109], [77, 109]]]","[""guland peycholopy syndcue""]"
Medical Medium Thyroid Healing,Anthony William,dataset\adjusted_dataset\Medical\0000018.jpg,"[[[38, 41], [474, 41], [474, 229], [38, 229]]]","[""thyroid healing kkkigr \""gkeenatz &os""]"
Steal Like an Artist,Austin Kleon,dataset\adjusted_dataset\Medical\0000019.jpg,"[[[54, 28], [468, 28], [468, 495], [54, 495]]]","[""hriree steal like an artist p jdy rt p aptut ir\"" cpety austin kleon""]"
Sitting Still Like A Frog,Eline Snel,dataset\adjusted_dataset\Medical\0000020.jpg,"[[[54, 0], [464, 0], [464, 126], [54, 126]]]","[""sitting still like a froc mntuing [oriclec rige""]"
How Not To Die,Michael Greger,dataset\adjusted_dataset\Medical\0000021.jpg,[],[]
The Whole-Brain Child,Tina Payne Bryson,dataset\adjusted_dataset\Medical\0000022.jpg,[],[]
Birth Skills,Juju Sundin,dataset\adjusted_dataset\Medical\0000023.jpg,"[[[21, 108], [502, 108], [502, 375], [21, 375]]]","[""juju sundins birth skills \""h *eh munj""]"
Diagnostic and Statistical Manual of Mental Disorders (DSM-5),American Psychiatric Association,dataset\adjusted_dataset\Medical\0000024.jpg,"[[[8, 62], [490, 62], [490, 230], [8, 230]]]","[""diagnosic and stamistical manual of menia discrders fifth eoton dsm-5""]"
Medical Medium Celery Juice,Anthony William,dataset\adjusted_dataset\Medical\0000025.jpg,"[[[106, 8], [406, 8], [406, 40], [106, 40]]]","[""medical medium""]"
The Book You Wish Your Parents Had Read (and Your Children Will Be Glad That You Did),Philippa Perry,dataset\adjusted_dataset\Medical\0000026.jpg,"[[[26, 185], [488, 185], [488, 305], [26, 305]]]","[""the bccktol vush tour parcnts had read {and tour childrenwvill be glad tha: ycu did}""]"
Publication Manual of the American Psychological Association,American Psychological Association,dataset\adjusted_dataset\Medical\0000027.jpg,[],[]
Proof of Heaven,Dr. Eben Alexander,dataset\adjusted_dataset\Medical\0000028.jpg,"[[[30, 195], [489, 195], [489, 487], [30, 487]]]","[""proof of heaven #nwacnzor] to\""tttp gano i@ndin kmn jnsti\""n w""]"
The Immortal Life of Henrietta Lacks,Rebecca Skloot,dataset\adjusted_dataset\Medical\0000029.jpg,"[[[159, 74], [506, 74], [506, 349], [159, 349]]]","[""inmortal life qf henrjeiia lacks""]"
The Complete Guide to Asperger's Syndrome,Tony Attwood,dataset\adjusted_dataset\Medical\0000030.jpg,"[[[17, 32], [497, 32], [497, 185], [17, 185]]]","[""thecomplete gguidle 10 aspergers syndrome""]"
The Checklist Manifesto,Atul Gawande,dataset\adjusted_dataset\Medical\0000031.jpg,"[[[45, 88], [470, 88], [470, 483], [45, 483]]]","[""the j atul gawande""]"
Do No Harm,Henry Marsh,dataset\adjusted_dataset\Medical\0000032.jpg,[],[]
The Anatomy Coloring Book,Wynn Kapit,dataset\adjusted_dataset\Medical\0000033.jpg,"[[[35, 25], [443, 25], [443, 128], [35, 128]]]","[""anatomy ccloring book #w\"" ljitvmozt""]"
The Plant Paradox,Steven R. Gundry,dataset\adjusted_dataset\Medical\0000034.jpg,"[[[45, 31], [472, 31], [472, 135], [45, 135]]]","[""pl  n t pa r a d o*""]"
Wreck This Journal Everywhere,Keri Smith,dataset\adjusted_dataset\Medical\0000035.jpg,"[[[162, 95], [439, 95], [439, 336], [162, 336]]]","[""wreck this journal eve rywxeri""]"
How to Change Your Mind,Michael Pollan,dataset\adjusted_dataset\Medical\0000036.jpg,[],[]
Raising an Emotionally Intelligent Child,John Gottman,dataset\adjusted_dataset\Medical\0000037.jpg,[],[]
Allen Carr's Easy Way to Stop Smoking,Allen Carr,dataset\adjusted_dataset\Medical\0000038.jpg,"[[[3, 64], [508, 64], [508, 475], [3, 475]]]","[""allen carr s easy wayto stop smoking xno it\"" ane voc thim btk euteta yrars""]"
The Mindful Way through Depression,J. Mark G. Williams,dataset\adjusted_dataset\Medical\0000039.jpg,"[[[46, 75], [472, 75], [472, 301], [46, 301]]]","[""mindful way chrough depression 040 el lm f 4o7 gwa7kig 4fef !""]"
Call The Midwife,Jennifer Worth,dataset\adjusted_dataset\Medical\0000040.jpg,"[[[36, 328], [477, 328], [477, 498], [36, 498]]]","[""gill-he miduife  e 4nife r w 0a / h""]"
The Dialectical Behavior Therapy Skills Workbook,Matthew McKay,dataset\adjusted_dataset\Medical\0000041.jpg,"[[[90, 87], [429, 87], [429, 319], [90, 319]]]","[""the dialectical behavior therapy skills workhook htitofiteta lennea \""lek entnnaal s""]"
The Reality Slap,Russ Harris,dataset\adjusted_dataset\Medical\0000042.jpg,[],[]
"The Boy Who Was Raised as a Dog, 3rd Edition",Bruce D. Perry,dataset\adjusted_dataset\Medical\0000043.jpg,"[[[85, 93], [435, 93], [435, 293], [85, 293]]]","[""the boy who was raised as a dog""]"
Strength Training Anatomy,Frederic Delavier,dataset\adjusted_dataset\Medical\0000044.jpg,"[[[31, 25], [483, 25], [483, 171], [31, 171]]]","[""strength training anatomy""]"
The Brain That Changes Itself,Norman Doidge,dataset\adjusted_dataset\Medical\0000045.jpg,"[[[29, 86], [483, 86], [483, 472], [29, 472]]]","[""the b r rin that changes itself esdir_trratrinerk fr3 wlovmier& urjin eei=ue= ncrmandoidce md""]"
Lost Ocean,Johanna Basford,dataset\adjusted_dataset\Medical\0000046.jpg,"[[[101, 208], [410, 208], [410, 359], [101, 359]]]","[""lost ocean""]"
Mating in Captivity,Esther Perel,dataset\adjusted_dataset\Medical\0000047.jpg,"[[[27, 179], [483, 179], [483, 276], [27, 276]]]","[""mating in captivity""]"
This is Going to Hurt,Adam Kay,dataset\adjusted_dataset\Medical\0000048.jpg,"[[[17, 45], [350, 45], [350, 482], [17, 482]]]","[""this is goi 48 to hurt 600tt n adam ha""]"
You Are the Placebo,Joe Dispenza,dataset\adjusted_dataset\Medical\0000049.jpg,"[[[58, 0], [452, 0], [452, 94], [58, 94]]]","[""yod are the placebo nito yotrmtd ncllet""]"
Radical Acceptance,Tara Brach,dataset\adjusted_dataset\Medical\0000050.jpg,"[[[123, 44], [386, 44], [386, 88], [123, 88]]]","[""radic""]"
Awakenings,Oliver Sacks,dataset\adjusted_dataset\Medical\0000051.jpg,"[[[9, 285], [507, 285], [507, 395], [9, 395]]]","[""oliver sackts awakenings""]"
Unnatural Causes,Dr Richard Shepherd,dataset\adjusted_dataset\Medical\0000052.jpg,"[[[26, 165], [493, 165], [493, 217], [26, 217]]]","[""unnatural""]"
Oxford Handbook of Clinical Medicine,Ian B. Wilkinson,dataset\adjusted_dataset\Medical\0000053.jpg,"[[[34, 94], [351, 94], [351, 181], [34, 181]]]","[""olndaindcc d clinical medicine""]"
"DBT Skills Training Manual, Second Edition",Marsha M. Linehan,dataset\adjusted_dataset\Medical\0000054.jpg,"[[[87, 132], [406, 132], [406, 363], [87, 363]]]","[""dbt skills training manual""]"
All Cats Have Asperger Syndrome,Kathy Hoopmann,dataset\adjusted_dataset\Medical\0000055.jpg,"[[[11, 181], [364, 181], [364, 355], [11, 355]]]","[""all cats have asperger syndfome""]"
Becoming Supernatural,Joe Dispenza,dataset\adjusted_dataset\Medical\0000056.jpg,"[[[39, 61], [470, 61], [470, 97], [39, 97]]]","[""supernatural""]"
Anatomy Trains,Thomas W. Myers,dataset\adjusted_dataset\Medical\0000057.jpg,"[[[102, 346], [236, 346], [236, 396], [102, 396]]]","[""anatr y""]"
Hallucinations,Oliver Sacks,dataset\adjusted_dataset\Medical\0000058.jpg,"[[[9, 285], [507, 285], [507, 387], [9, 387]]]","[""oliver sacks hallucifalidna""]"
Loving What Is,Byron Katie,dataset\adjusted_dataset\Medical\0000059.jpg,"[[[15, 288], [489, 288], [489, 498], [15, 498]]]","[""loving whal is couoleg-innt jiriche trn knli""]"
An Introductory Guide to Anatomy & Physiology,Louise Tucker,dataset\adjusted_dataset\Medical\0000060.jpg,"[[[32, 27], [372, 27], [372, 156], [32, 156]]]","[""anktojusct sucl1o anatomy &physiology""]"
The Body Keeps the Score,Bessel van der Kolk,dataset\adjusted_dataset\Medical\0000061.jpg,"[[[28, 62], [496, 62], [496, 189], [28, 189]]]","[""tae bodt keeps the scdre \""ran mrdindbboy lki 48ilit untrionm""]"
The Muscular System Anatomical Chart,Anatomical Chart Company,dataset\adjusted_dataset\Medical\0000062.jpg,"[[[62, 0], [434, 0], [434, 22], [62, 22]]]","[""tve mugculat gysth""]"
Rewire Your Anxious Brain,Catherine M. Pittman,dataset\adjusted_dataset\Medical\0000063.jpg,[],[]
Shadows Of The Workhouse,Jennifer Worth,dataset\adjusted_dataset\Medical\0000064.jpg,"[[[19, 0], [492, 0], [492, 174], [19, 174]]]","[""shidons of the workhouse jenntren w0n t h""]"
Call The Midwife,Jennifer Worth,dataset\adjusted_dataset\Medical\0000065.jpg,"[[[11, 111], [496, 111], [496, 179], [11, 179]]]","[""call the midwife t7le #d72 @or ejntre 15c0""]"
The Emperor of All Maladies,Siddhartha Mukherjee,dataset\adjusted_dataset\Medical\0000066.jpg,"[[[27, 59], [479, 59], [479, 190], [27, 190]]]","[""tbe emperor & almlaladies fictrpsorcint""]"
Complications,Atul Gawande,dataset\adjusted_dataset\Medical\0000067.jpg,"[[[51, 144], [469, 144], [469, 317], [51, 317]]]","[""gawande #lw complications""]"
Brain Maker,David Perlmutter,dataset\adjusted_dataset\Medical\0000068.jpg,"[[[26, 452], [494, 452], [494, 480], [26, 480]]]","[""dr david perlnutter""]"
The Gift of Therapy,Irvin Yalom,dataset\adjusted_dataset\Medical\0000069.jpg,"[[[34, 10], [481, 10], [481, 189], [34, 189]]]","[""the gift of therapy u0id \""itdi-ifiteen-_ lcucditgue 715p9jutltr pjliont""]"
Change Your Thinking,Dr. Sarah Edelman,dataset\adjusted_dataset\Medical\0000070.jpg,[],[]
You Can Heal Your Life,Louise Hay,dataset\adjusted_dataset\Medical\0000071.jpg,"[[[27, 78], [491, 78], [491, 279], [27, 279]]]","[""ven cr kezl mvnv life""]"
Gratitude,Oliver Sacks,dataset\adjusted_dataset\Medical\0000072.jpg,"[[[55, 65], [461, 65], [461, 133], [55, 133]]]","[""gratitude""]"
"DBT (R) Skills Training Handouts and Worksheets, Second Edition",Marsha M. Linehan,dataset\adjusted_dataset\Medical\0000073.jpg,"[[[98, 131], [358, 131], [358, 346], [98, 346]]]","[""dbt skills training handouts and worksheets""]"
Man's Search for Meaning,Viktor E. Frankl,dataset\adjusted_dataset\Medical\0000074.jpg,"[[[52, 26], [461, 26], [461, 325], [52, 325]]]","[""man 5 searchi for meantng viktor e . frankl""]"
Don't Shoot the Dog!,Karen Pryor,dataset\adjusted_dataset\Medical\0000075.jpg,[],[]
The Mindful Self-Compassion Workbook,Kristin Neff,dataset\adjusted_dataset\Medical\0000076.jpg,"[[[30, 104], [484, 104], [484, 319], [30, 319]]]","[""self-compassion workbook 4 fmoth tar jo afciti toueel, poild irr stenattt, 4 tvi""]"
Self Compassion,Kristin Neff,dataset\adjusted_dataset\Medical\0000077.jpg,"[[[182, 76], [343, 76], [343, 141], [182, 141]]]","[""self\""""]"
Trail Guide to the Body,R.  Andrew Biel,dataset\adjusted_dataset\Medical\0000078.jpg,"[[[43, 18], [502, 18], [502, 148], [43, 148]]]","[""trail guide to the body""]"
The Man Who Mistook His Wife for a Hat,Oliver Sacks,dataset\adjusted_dataset\Medical\0000079.jpg,[],[]
Hands Of Light,Barbara Ann Brennan,dataset\adjusted_dataset\Medical\0000080.jpg,"[[[44, 23], [481, 23], [481, 222], [44, 222]]]","[""hands of light anudm frluu} tintauk jt} ontan erre fukl""]"
The Drama of the Gifted Child,Alice Miller,dataset\adjusted_dataset\Medical\0000081.jpg,"[[[23, 119], [486, 119], [486, 301], [23, 301]]]","[""the drama of tite gifted child te 54enanth u hm nt %_ i0""]"
Taking Charge of Your Fertility,Toni Weschler,dataset\adjusted_dataset\Medical\0000082.jpg,[],[]
When Breath Becomes Air,Paul Kalanithi,dataset\adjusted_dataset\Medical\0000083.jpg,"[[[33, 193], [481, 193], [481, 496], [33, 496]]]","[""when breath becomes pauldalanthi air""]"
It Didn't Start with You,Mark Wolynn,dataset\adjusted_dataset\Medical\0000084.jpg,"[[[109, 38], [413, 38], [413, 173], [109, 173]]]","[""it didnt start with you""]"
Trauma and Recovery,Judith Herman,dataset\adjusted_dataset\Medical\0000085.jpg,"[[[45, 74], [460, 74], [460, 174], [45, 174]]]","[""trauma and recovery""]"
Love's Executioner,Irvin D. Yalom,dataset\adjusted_dataset\Medical\0000086.jpg,"[[[58, 0], [477, 0], [477, 62], [58, 62]]]","[""luves execulioner omlerbleztorolrf:""]"
The Complete Ketogenic Diet for Beginners,Amy Ramos,dataset\adjusted_dataset\Medical\0000087.jpg,"[[[178, 122], [474, 122], [474, 365], [178, 365]]]","[""complete ketogemic diet for beginners maranlal dulde e kar elatiy amyiimor""]"
The Compassionate Mind,Paul Gilbert,dataset\adjusted_dataset\Medical\0000088.jpg,"[[[17, 233], [483, 233], [483, 402], [17, 402]]]","[""compassionate mind""]"
I Had a Black Dog,Matthew Johnstone,dataset\adjusted_dataset\Medical\0000089.jpg,"[[[71, 64], [459, 64], [459, 109], [71, 109]]]","[""hadablack dug""]"
The End of Alzheimer's,Dale E. Bredesen,dataset\adjusted_dataset\Medical\0000090.jpg,"[[[30, 53], [486, 53], [486, 185], [30, 185]]]","[""the end ol alzheimer 5""]"
The Secret Language of Color Cards,Inna Segal,dataset\adjusted_dataset\Medical\0000091.jpg,"[[[28, 44], [472, 44], [472, 299], [28, 299]]]","[""tsecre langijage color fards""]"
The China Study: Revised and Expanded Edition,T. Colin Campbell,dataset\adjusted_dataset\Medical\0000092.jpg,"[[[42, 150], [468, 150], [468, 417], [42, 417]]]","[""china study agvisdind [labidtdtiog ceundteci utritan litr ddurud""]"
Immortal Life of Henrietta Lacks,Rebecca Skloot,dataset\adjusted_dataset\Medical\0000093.jpg,[],[]
"Cognitive Behavior Therapy, Second Edition",Judith S. Beck,dataset\adjusted_dataset\Medical\0000094.jpg,"[[[66, 76], [450, 76], [450, 292], [66, 292]]]","[""cognitive behavior therapy baslc $ an beyond""]"
Smart but Scattered,Peg Dawson,dataset\adjusted_dataset\Medical\0000095.jpg,[],[]
Better,Atul Gawande,dataset\adjusted_dataset\Medical\0000096.jpg,"[[[73, 256], [456, 256], [456, 320], [73, 320]]]","[""better""]"
The Complete Low-Fodmap Diet,Sue Shepherd,dataset\adjusted_dataset\Medical\0000097.jpg,[],[]
Farewell To The East End,Jennifer Worth,dataset\adjusted_dataset\Medical\0000098.jpg,"[[[24, 0], [488, 0], [488, 158], [24, 158]]]","[""farewvell t tke eaft end tbnntavr w0#t h""]"
The Epigenetics Revolution,Nessa Carey,dataset\adjusted_dataset\Medical\0000099.jpg,"[[[19, 86], [496, 86], [496, 315], [19, 315]]]","[""epigenetics revolution noy modorr buclca? anlan [7ng t 095""]"
Maps of Meaning,Jordan B. Peterson,dataset\adjusted_dataset\Medical\0000100.jpg,"[[[263, 441], [427, 441], [427, 481], [263, 481]]]","[""pmeasii""]"
A Mind of Your Own,Kelly Brogan,dataset\adjusted_dataset\Medical\0000101.jpg,"[[[75, 76], [448, 76], [448, 294], [75, 294]]]","[""a mind of your qwn""]"
The Gene,Siddhartha Mukherjee,dataset\adjusted_dataset\Medical\0000102.jpg,"[[[182, 63], [494, 63], [494, 190], [182, 190]]]","[""the gene anintirxtckstort""]"
"Many Lives, Many Masters",Brian L. Weiss,dataset\adjusted_dataset\Medical\0000103.jpg,[],[]
Musicophilia,Oliver Sacks,dataset\adjusted_dataset\Medical\0000104.jpg,"[[[12, 288], [506, 288], [506, 396], [12, 396]]]","[""oliver sucl musicophilia""]"
The How Not To Die Cookbook,Michael Greger,dataset\adjusted_dataset\Medical\0000105.jpg,"[[[124, 138], [394, 138], [394, 475], [124, 475]]]","[""not t0 je gookkook wmuelckee 4d mnn""]"
"Breaking the vicious cycle, Intestinal health through diet",Elaine Gottscha,dataset\adjusted_dataset\Medical\0000106.jpg,"[[[28, 52], [486, 52], [486, 164], [28, 164]]]","[""breaking evciows cycle""]"
Highly Sensitive Child,Elaine N. Aron,dataset\adjusted_dataset\Medical\0000107.jpg,"[[[135, 239], [498, 239], [498, 452], [135, 452]]]","[""the otrem highly sensitive child""]"
The 4 Pillar Plan,Dr. Rangan Chatterjee,dataset\adjusted_dataset\Medical\0000108.jpg,[],[]
Into the Magic Shop,Dr. James R. Doty,dataset\adjusted_dataset\Medical\0000109.jpg,"[[[116, 130], [394, 130], [394, 230], [116, 230]]]","[""magic shop""]"
Schema Therapy,Jeffrey E. Young,dataset\adjusted_dataset\Medical\0000110.jpg,"[[[0, 95], [491, 95], [491, 275], [0, 275]]]","[""sch iema therabx hamamd""]"
The Body Remembers,Babette Rothschild,dataset\adjusted_dataset\Medical\0000111.jpg,[],[]
The Undiscovered Self,C G Jung,dataset\adjusted_dataset\Medical\0000112.jpg,"[[[26, 381], [490, 381], [490, 465], [26, 465]]]","[""tme wnoiscoven @ 6elf c (3 jung""]"
Desk Reference to the Diagnostic Criteria from DSM-5,American Psychiatric Association,dataset\adjusted_dataset\Medical\0000113.jpg,"[[[62, 118], [452, 118], [452, 234], [62, 234]]]","[""diagnostic criteria faiha dsm-5""]"
When My Worries Get Too Big!,Kari Dunn Buron,dataset\adjusted_dataset\Medical\0000114.jpg,"[[[34, 4], [479, 4], [479, 140], [34, 140]]]","[""when mv worrles gettoo blgl 4rcloxollon boolforchdrtn whslie wuh anxety""]"
"Mind Over Mood, Second Edition",Dennis Greenberger,dataset\adjusted_dataset\Medical\0000115.jpg,[],[]
ACT Made Simple,Russ Harris,dataset\adjusted_dataset\Medical\0000116.jpg,"[[[19, 0], [435, 0], [435, 234], [19, 234]]]","[""m[j i-pjmtr mlujnttjur m act made simple""]"
Dibs in Search of Self,Virginia M. Axline,dataset\adjusted_dataset\Medical\0000117.jpg,"[[[39, 83], [465, 83], [465, 206], [39, 206]]]","[""in search cf self vwmmkt""]"
We Should All Be Feminists,Chimamanda Ngozi Adichie,dataset\adjusted_dataset\Medical\0000118.jpg,"[[[14, 23], [504, 23], [504, 484], [14, 484]]]","[""chimamanda ngozi adichie we should all be feminists""]"
The Heal Your Gut Cookbook,Hillary Boynton,dataset\adjusted_dataset\Medical\0000119.jpg,[],[]
On Becoming a Person,Carl Rogers,dataset\adjusted_dataset\Medical\0000120.jpg,"[[[217, 237], [479, 237], [479, 387], [217, 387]]]","[""w becuminc j person""]"
"Ayurveda, the Science of Self-healing: A Practical Guide",Vasant Lad,dataset\adjusted_dataset\Medical\0000121.jpg,"[[[40, 19], [494, 19], [494, 142], [40, 142]]]","[""ayurieda te secre gech-heallng tutnuu [.""]"
The Mindful Path to Self-Compassion,Christopher Germer,dataset\adjusted_dataset\Medical\0000122.jpg,"[[[33, 54], [467, 54], [467, 293], [33, 293]]]","[""lhe mindful path co selt compassion ttrt w""]"
Mindsight,Daniel J Siegel,dataset\adjusted_dataset\Medical\0000123.jpg,[],[]
With the Old Breed,E B Sledge,dataset\adjusted_dataset\Medical\0000124.jpg,"[[[53, 13], [459, 13], [459, 145], [53, 145]]]","[""mem norilies bestseller wihthe oldbreed""]"
Get Out of Your Mind and into Your Life,Steven C. Hayes,dataset\adjusted_dataset\Medical\0000125.jpg,[],[]
Sweet Poison,David Gillespie,dataset\adjusted_dataset\Medical\0000126.jpg,[],[]
When the Body Says No,Gabor Mate,dataset\adjusted_dataset\Medical\0000127.jpg,"[[[114, 76], [403, 76], [403, 400], [114, 400]]]","[""when the body says n exploringihe stressdisease connection""]"
Listening to the Animals: Becoming The Supervet,Noel Fitzpatrick,dataset\adjusted_dataset\Medical\0000128.jpg,"[[[24, 68], [485, 68], [485, 257], [24, 257]]]","[""fitzpatrick fecoming the supervet lstun~$ 1 0 acta4 &""]"
Dmt : the Spririt Molecule,Rick Strassman M D,dataset\adjusted_dataset\Medical\0000129.jpg,"[[[39, 10], [467, 10], [467, 162], [39, 162]]]","[""dmt tr spirit molecule""]"
Art Therapy Sourcebook,Cathy Malchiodi,dataset\adjusted_dataset\Medical\0000130.jpg,"[[[13, 96], [503, 96], [503, 307], [13, 307]]]","[""art therapy sourcebo k""]"
The Skeletal System Anatomical Chart,Anatomical Chart Company,dataset\adjusted_dataset\Medical\0000131.jpg,"[[[68, 0], [448, 0], [448, 22], [68, 22]]]","[""the seelei sistem""]"
Intuitive Eating,Evelyn Tribole,dataset\adjusted_dataset\Medical\0000132.jpg,[],[]
Spiritual Midwifery,Ina May Gaskin,dataset\adjusted_dataset\Medical\0000133.jpg,"[[[142, 139], [373, 139], [373, 225], [142, 225]]]","[""enricual (idwifera""]"
Marshall & Ruedy's On Call: Principles & Protocols,Anthony F. T. Brown,dataset\adjusted_dataset\Medical\0000134.jpg,"[[[0, 193], [477, 193], [477, 333], [0, 333]]]","[""on call ptincipifs & polorols fte""]"
Anatomy of Movement,Blandine Calais-Germain,dataset\adjusted_dataset\Medical\0000135.jpg,"[[[118, 108], [410, 108], [410, 193], [118, 193]]]","[""movement fo""]"
Civilization and Its Discontents,Sigmund Freud,dataset\adjusted_dataset\Medical\0000136.jpg,[],[]
Get into Medical School - 1250 UKCAT Practice Questions. Includes Full Mock Exam,Olivier Picard,dataset\adjusted_dataset\Medical\0000137.jpg,"[[[40, 52], [476, 52], [476, 389], [40, 389]]]","[""medical school 1250 ukcat practice questions includer full mock exam fti veca jica 467 l= l0oic4cnecl d 0ur""]"
The Gift Of Therapy,Irvin D. Yalom,dataset\adjusted_dataset\Medical\0000138.jpg,"[[[20, 232], [503, 232], [503, 434], [20, 434]]]","[""the gift of therapy kntntn intct matirsttienn uurtr und aiirtalcui""]"
Mary Sheridan's From Birth to Five Years: Children's Developmental Progress,Ajay Sharma,dataset\adjusted_dataset\Medical\0000139.jpg,"[[[21, 117], [179, 117], [179, 291], [21, 291]]]","[""from birth to five tears""]"
Brain Rules (Updated and Expanded),John Medina,dataset\adjusted_dataset\Medical\0000140.jpg,"[[[103, 157], [421, 157], [421, 343], [103, 343]]]","[""brain rules""]"
Food Rules,Michael Pollan,dataset\adjusted_dataset\Medical\0000141.jpg,"[[[184, 15], [491, 15], [491, 211], [184, 211]]]","[""micfael pollav food rules atr ]8 fedd""]"
Nutrient Power,William J. Walsh,dataset\adjusted_dataset\Medical\0000142.jpg,"[[[40, 94], [466, 94], [466, 202], [40, 202]]]","[""nutrient power heaycur biochemstry andhealtour brain""]"
Wheat Belly,William Davis,dataset\adjusted_dataset\Medical\0000143.jpg,"[[[51, 290], [474, 290], [474, 500], [51, 500]]]","[""wheat belly ileiam dayis 4d""]"
"Motivational Interviewing, Third Edition",William R. Miller,dataset\adjusted_dataset\Medical\0000144.jpg,"[[[76, 64], [440, 64], [440, 238], [76, 238]]]","[""mitivatiinal inteaviewine wp ropt ojunt""]"
An Anthropologist on Mars,Oliver Sacks,dataset\adjusted_dataset\Medical\0000145.jpg,"[[[6, 283], [506, 283], [506, 445], [6, 445]]]","[""oliver saeks ki alchropclogiet orl kirs""]"
Girls Only! All About Periods and Growing-Up Stuff,Victoria Parker,dataset\adjusted_dataset\Medical\0000146.jpg,"[[[0, 57], [512, 57], [512, 507], [0, 507]]]","[""gtrls qhlyi tettrowu""]"
How to Eat Better,James Wong,dataset\adjusted_dataset\Medical\0000147.jpg,"[[[29, 0], [483, 0], [483, 61], [29, 61]]]","[""james wong how to eat better""]"
Hashimoto's Protocol,Izabella Wentz,dataset\adjusted_dataset\Medical\0000148.jpg,[],[]
Talley and O'Connor's Clinical Examination - 2-Volume Set,Professor Nicholas J. Talley,dataset\adjusted_dataset\Medical\0000149.jpg,[],[]
The Wahls Protocol,Terry Wahls,dataset\adjusted_dataset\Medical\0000150.jpg,"[[[31, 416], [489, 416], [489, 459], [31, 459]]]","[""terry wahls md""]"
The How Not To Die Cookbook,Michael Greger,dataset\adjusted_dataset\Medical\0000151.jpg,"[[[155, 270], [451, 270], [451, 441], [155, 441]]]","[""die coorrook ari \""c  nu""]"
Pilates Anatomy,Rael Isacowitz,dataset\adjusted_dataset\Medical\0000152.jpg,"[[[26, 30], [377, 30], [377, 171], [26, 171]]]","[""pilates anatomy jat""]"
Quiet the Mind,Matthew Johnstone,dataset\adjusted_dataset\Medical\0000153.jpg,"[[[235, 39], [339, 39], [339, 83], [235, 83]]]","[""hind""]"
"Your Body, Your Yoga",Bernie Clark,dataset\adjusted_dataset\Medical\0000154.jpg,"[[[56, 22], [461, 22], [461, 418], [56, 418]]]","[""b8xr you r y ga ff fie clare""]"
"Medical Interviews - a Comprehensive Guide to Ct, St and Registrar Interview Skills",Olivier Picard,dataset\adjusted_dataset\Medical\0000155.jpg,"[[[38, 99], [474, 99], [474, 128], [38, 128]]]","[""ci.st & roglstrar intarutbvj skils""]"
Radical Remission,Kelly A. Turner,dataset\adjusted_dataset\Medical\0000156.jpg,"[[[30, 131], [486, 131], [486, 322], [30, 322]]]","[""radical remission surviying cancer agxinst all ddds""]"
The Immortal Life of Henrietta Lacks,Rebecca Skloot,dataset\adjusted_dataset\Medical\0000157.jpg,"[[[94, 82], [430, 82], [430, 302], [94, 302]]]","[""tke immo-al life of henrietta lafi""]"
The Crystal Bible Volume 2,Judy Hall,dataset\adjusted_dataset\Medical\0000158.jpg,"[[[28, 304], [231, 304], [231, 416], [28, 416]]]","[""t crystal bible 2""]"
Start Where You Are,Meera Lee Patel,dataset\adjusted_dataset\Medical\0000159.jpg,"[[[18, 6], [512, 6], [512, 447], [18, 447]]]","[""start where you jova 4 vmfeueltid  are""]"
Birth Skills,Juju Sundin,dataset\adjusted_dataset\Medical\0000160.jpg,[],[]
The Clever Guts Diet,Michael Mosley,dataset\adjusted_dataset\Medical\0000161.jpg,[],[]
Dirty Genes,Ben Lynch,dataset\adjusted_dataset\Medical\0000162.jpg,"[[[64, 92], [450, 92], [450, 129], [64, 129]]]","[""dr ben lynch""]"
Adult Children of Emotionally Immature Parents,Lindsay C. Gibson,dataset\adjusted_dataset\Medical\0000163.jpg,"[[[59, 38], [451, 38], [451, 211], [59, 211]]]","[""adult children %t emotionally immature parents""]"
Genius Foods,Max Lugavere,dataset\adjusted_dataset\Medical\0000164.jpg,"[[[56, 34], [460, 34], [460, 148], [56, 148]]]","[""g e n| u $ f 0 0 d 5""]"
"Theory and Practice of Group Psychotherapy, Fifth Edition",Irvin D. Yalom,dataset\adjusted_dataset\Medical\0000165.jpg,"[[[4, 6], [376, 6], [376, 280], [4, 280]]]","[""5tk nndk the theory and practice of group psychotherapy""]"
"Good Calories, Bad Calories",Gary Taubes,dataset\adjusted_dataset\Medical\0000166.jpg,"[[[64, 126], [492, 126], [492, 180], [64, 180]]]","[""calories""]"
Havard's Nursing Guide to Drugs,Adriana P. Tiziani,dataset\adjusted_dataset\Medical\0000167.jpg,"[[[81, 60], [431, 60], [431, 205], [81, 205]]]","[""nursing guide to drugs""]"
Hypnobirthing,Marie F. Mongan,dataset\adjusted_dataset\Medical\0000168.jpg,"[[[19, 115], [486, 115], [486, 196], [19, 196]]]","[""hypnobirthing du""]"
The Continuum Concept,Jean Liedloff,dataset\adjusted_dataset\Medical\0000169.jpg,"[[[130, 128], [377, 128], [377, 192], [130, 192]]]","[""continuum concett""]"
BSAVA Textbook of Veterinary Nursing,Tim Greet,dataset\adjusted_dataset\Medical\0000170.jpg,"[[[19, 50], [288, 50], [288, 226], [19, 226]]]","[""bsaua terbook o veterinary nursing st eutibn aol atret cnndtiniltr hal tad""]"
Trigger Point Therapy Workbook,Clair Davies,dataset\adjusted_dataset\Medical\0000171.jpg,"[[[142, 52], [495, 52], [495, 171], [142, 171]]]","[""the 'trigger folnt thcrap workhonk tkd k\""t tiri""]"
Your Body's Many Cries for Water,F. Batmanghelidj,dataset\adjusted_dataset\Medical\0000172.jpg,[],[]
The Autoimmune Solution,Amy Myers,dataset\adjusted_dataset\Medical\0000173.jpg,[],[]
Healing the Fragmented Selves of Trauma Survivors,Janina Fisher,dataset\adjusted_dataset\Medical\0000174.jpg,"[[[0, 25], [499, 25], [499, 93], [0, 93]]]","[""fragmentec selves of taauma surviyoas""]"
Being Mortal,Atul Gawande,dataset\adjusted_dataset\Medical\0000175.jpg,"[[[28, 249], [480, 249], [480, 316], [28, 316]]]","[""being mortal""]"
Creative Ways to Help Children Manage BIG Feelings,Fiona Zandt,dataset\adjusted_dataset\Medical\0000176.jpg,"[[[0, 346], [512, 346], [512, 512], [0, 512]]]","[""creative  ays to help childrenmanage big feelings thir_ast= fudec crnnd 'tf eceooglaoey_ ftodesne""]"
Mycelium Running,Paul Stamets,dataset\adjusted_dataset\Medical\0000177.jpg,"[[[25, 17], [489, 17], [489, 215], [25, 215]]]","[""mycelium running huw musbruoms can help save iee wiorld""]"
The Beauty Detox Solution,Kimberly Snyder,dataset\adjusted_dataset\Medical\0000178.jpg,"[[[135, 50], [373, 50], [373, 195], [135, 195]]]","[""beauty detox solution""]"
Eat to Beat Disease,William Li,dataset\adjusted_dataset\Medical\0000179.jpg,[],[]
Nutrition and Physical Degeneration,Weston Price,dataset\adjusted_dataset\Medical\0000180.jpg,"[[[49, 69], [461, 69], [461, 105], [49, 105]]]","[""fhrsical deeeneralino""]"
Sensorimotor Psychotherapy,Pat Ogden,dataset\adjusted_dataset\Medical\0000181.jpg,"[[[45, 282], [471, 282], [471, 357], [45, 357]]]","[""sensortmotor psxcaotherapy""]"
Johanna's Christmas,Johanna Basford,dataset\adjusted_dataset\Medical\0000182.jpg,"[[[122, 190], [387, 190], [387, 346], [122, 346]]]","[""johanna s christmas itobtr""]"
Mindsight,Daniel Siegel,dataset\adjusted_dataset\Medical\0000183.jpg,[],[]
Put Your Heart in Your Mouth,Dr Natasha Campbell-McBride,dataset\adjusted_dataset\Medical\0000184.jpg,"[[[94, 32], [420, 32], [420, 95], [94, 95]]]","[""fut quur heart in kuur mouth""]"
The Eye Of The World,Robert Jordan,dataset\adjusted_dataset\Medical\0000185.jpg,"[[[26, 126], [239, 126], [239, 230], [26, 230]]]","[""eye of""]"
Ayurveda,Sahara Rose Ketabi,dataset\adjusted_dataset\Medical\0000186.jpg,"[[[26, 146], [487, 146], [487, 237], [26, 237]]]","[""ayurveda""]"
8 Keys to Safe Trauma Recovery,Babette Rothschild,dataset\adjusted_dataset\Medical\0000187.jpg,"[[[141, 54], [501, 54], [501, 139], [141, 139]]]","[""kets to ree8veryma""]"
The Sweet Poison Quit Plan,David Gillespie,dataset\adjusted_dataset\Medical\0000188.jpg,"[[[0, 253], [512, 253], [512, 512], [0, 512]]]","[""the sweet poison qtt plan koy to kick tene svoka habit akd lose weight mavim rillerpie""]"
Oxford Handbook of Anaesthesia,Keith G. Allman,dataset\adjusted_dataset\Medical\0000189.jpg,"[[[34, 128], [387, 128], [387, 184], [34, 184]]]","[""cnedab hieuceddr anaesthesia""]"
The Shallows,Nicholas Carr,dataset\adjusted_dataset\Medical\0000190.jpg,[],[]
Body Positive Power,Megan Jayne Crabbe,dataset\adjusted_dataset\Medical\0000191.jpg,"[[[61, 129], [453, 129], [453, 238], [61, 238]]]","[""posttie power""]"
Owning it: Your Bullsh*t-Free Guide to Living with Anxiety,Caroline Foran,dataset\adjusted_dataset\Medical\0000192.jpg,"[[[96, 290], [416, 290], [416, 402], [96, 402]]]","[""bullsh\""tfree guide td cdfing with anxiety""]"
Change Your Thinking with CBT,Dr. Sarah Edelman,dataset\adjusted_dataset\Medical\0000193.jpg,"[[[52, 12], [460, 12], [460, 172], [52, 172]]]","[""change thinking withcbt""]"
Metaphysical Anatomy,Evette Rose,dataset\adjusted_dataset\Medical\0000194.jpg,"[[[64, 296], [460, 296], [460, 432], [64, 432]]]","[""metaphtsical anaiomy tiui bjl f wbixg . xei0] [sii:""]"
The Human Brain Coloring Book,Diamond Books,dataset\adjusted_dataset\Medical\0000195.jpg,"[[[45, 30], [482, 30], [482, 117], [45, 117]]]","[""human brain ~clsr c""]"
The Telomere Effect,Elizabeth Blackburn,dataset\adjusted_dataset\Medical\0000196.jpg,"[[[43, 185], [477, 185], [477, 321], [43, 321]]]","[""celomere effect""]"
West's Respiratory Physiology,John B. West,dataset\adjusted_dataset\Medical\0000197.jpg,"[[[41, 54], [471, 54], [471, 299], [41, 299]]]","[""west's respiratory physiology the raaentiala tfnd eoitmm""]"
When Breath Becomes Air,Paul Kalanithi,dataset\adjusted_dataset\Medical\0000198.jpg,"[[[0, 18], [512, 18], [512, 253], [0, 253]]]","[""wvhen breath becomes""]"
The Autoimmune Solution,Amy Myers,dataset\adjusted_dataset\Medical\0000199.jpg,[],[]
The Body Keeps the Score,Bessel van der Kolk,dataset\adjusted_dataset\Medical\0000200.jpg,"[[[73, 71], [439, 71], [439, 111], [73, 111]]]","[""keeps ifscore""]"
Living with a Black Dog,Matthew Johnstone,dataset\adjusted_dataset\Medical\0000201.jpg,"[[[67, 51], [463, 51], [463, 96], [67, 96]]]","[""livine kili_ blackdog""]"
Owning Your Own Shadow,Robert A. Johnson,dataset\adjusted_dataset\Medical\0000202.jpg,"[[[166, 129], [348, 129], [348, 204], [166, 204]]]","[""otnina tou o#o shidcr""]"
Wreck This Journal (Paper Bag),Keri Smith,dataset\adjusted_dataset\Medical\0000203.jpg,"[[[128, 124], [369, 124], [369, 286], [128, 286]]]","[""wreck this journal""]"
Dr Bernstein's Diabetes Solution,Dr. Richard K. Bernstein,dataset\adjusted_dataset\Medical\0000204.jpg,"[[[26, 469], [488, 469], [488, 500], [26, 500]]]","[""richard e bernstein md""]"
Robbins & Cotran Pathologic Basis of Disease,Vinay Kumar,dataset\adjusted_dataset\Medical\0000205.jpg,"[[[41, 183], [475, 183], [475, 297], [41, 297]]]","[""robbins id cotnan pathologic ba5i5 of disease htilint""]"
Accessing the Healing Power of the Vagus Nerve,Stanley Rosenberg,dataset\adjusted_dataset\Medical\0000206.jpg,"[[[0, 0], [512, 0], [512, 203], [0, 203]]]","[""he healingfower ofthcvagus nerve ldcci nba 040047/""]"
How to Starve Cancer,Jane McLelland,dataset\adjusted_dataset\Medical\0000207.jpg,"[[[39, 275], [473, 275], [473, 343], [39, 343]]]","[""cancer""]"
The Handbook of Child and Adolescent Clinical Psychology,Alan Carr,dataset\adjusted_dataset\Medical\0000208.jpg,"[[[57, 149], [489, 149], [489, 254], [57, 254]]]","[""tmhacuan 0i child and adolescent clinical psychology""]"
The Mindful Way Workbook,John D. Teasdale,dataset\adjusted_dataset\Medical\0000209.jpg,"[[[32, 107], [484, 107], [484, 283], [32, 283]]]","[""the mindful wvay workbook ji8 wotk ptoordin io frer yolmerh imem drptahon @nd embllenal dintruni""]"
Mindfulness for Health,Dr. Danny Penman,dataset\adjusted_dataset\Medical\0000210.jpg,"[[[95, 31], [485, 31], [485, 179], [95, 179]]]","[""mindtulness tor health elllyino kictoldlcingetokst hd rotccihc h""]"
The Female Brain,Louann Brizendine,dataset\adjusted_dataset\Medical\0000211.jpg,"[[[41, 105], [473, 105], [473, 232], [41, 232]]]","[""female braln""]"
Health Through God's Pharmacy,Maria Treben,dataset\adjusted_dataset\Medical\0000212.jpg,"[[[36, 110], [468, 110], [468, 260], [36, 260]]]","[""health through god's pharmacy adrice und proten cures #in medicinal kerbz""]"
Confessions of a Sociopath,M. E. Thomas,dataset\adjusted_dataset\Medical\0000213.jpg,"[[[30, 62], [482, 62], [482, 235], [30, 235]]]","[""confessions 7p sodiopal#""]"
Potter & Perry's Fundamentals of Nursing - Australian Version - 5th Edition. Print Book & E-Book,Douglas,dataset\adjusted_dataset\Medical\0000214.jpg,[],[]
Healing Back Pain (Reissue Edition),John E. Sarno,dataset\adjusted_dataset\Medical\0000215.jpg,"[[[30, 65], [486, 65], [486, 210], [30, 210]]]","[""tc wrt vo? fnis=cstee_ healing back pain the pindpodtcc\""ecton""]"
"Overcoming Binge Eating, Second Edition",Christopher G. Fairburn,dataset\adjusted_dataset\Medical\0000216.jpg,"[[[32, 54], [489, 54], [489, 320], [32, 320]]]","[""qvercoming binge ealing secomd edition tnonn fr70ram f lazn knp yav enp\"" ondno\"" you con %1cp""]"
Magical Jungle,Johanna Basford,dataset\adjusted_dataset\Medical\0000217.jpg,"[[[128, 194], [379, 194], [379, 348], [128, 348]]]","[""magical unigle:""]"
Without Conscience,Robert D. Hare,dataset\adjusted_dataset\Medical\0000218.jpg,[],[]
"Women's Bodies, Women's Wisdom",Christiane Northrup,dataset\adjusted_dataset\Medical\0000219.jpg,"[[[13, 28], [487, 28], [487, 354], [13, 354]]]","[""christiane northrup md women $ bodies. womens wisdom eue tlueica | 004/\"" bijud iyoling""]"
The Happiness Trap Pocketbook,Russ Harris,dataset\adjusted_dataset\Medical\0000220.jpg,"[[[0, 120], [512, 120], [512, 397], [0, 397]]]","[""happiness trap porkelbook 4nlutrtiso qunl< dn mom {o 0o7rugrlng+ndgori iyue""]"
Descartes' Error,Antonio Damasio,dataset\adjusted_dataset\Medical\0000221.jpg,"[[[20, 43], [501, 43], [501, 174], [20, 174]]]","[""descartes' erro r""]"
Free to Learn,Peter Gray,dataset\adjusted_dataset\Medical\0000222.jpg,"[[[102, 46], [410, 46], [410, 102], [102, 102]]]","[""free lo""]"
"Disarming the Narcissist, Second Edition",Wendy T. Behary,dataset\adjusted_dataset\Medical\0000223.jpg,"[[[81, 41], [430, 41], [430, 232], [81, 232]]]","[""disarming the harcissist liiol\""""]"
Maybe You Should Talk to Someone,Lori Gottlieb,dataset\adjusted_dataset\Medical\0000224.jpg,"[[[58, 37], [443, 37], [443, 239], [58, 239]]]","[""mlanbe \""on shoutd tuk to som poh""]"
"Overcoming Anxiety, 2nd Edition",Helen Kennerley,dataset\adjusted_dataset\Medical\0000225.jpg,"[[[15, 74], [500, 74], [500, 309], [15, 309]]]","[""overcoming anxiety juli-hala pulde uiton conailve bchnrioral techniquej""]"
The Unexpected Joy of Being Sober,Catherine Gray,dataset\adjusted_dataset\Medical\0000226.jpg,"[[[115, 110], [387, 110], [387, 226], [115, 226]]]","[""netpecied joy 0f being lutta""]"
Overcoming Multiple Sclerosis Cookbook,Ingrid Adelsberger,dataset\adjusted_dataset\Medical\0000227.jpg,"[[[22, 120], [491, 120], [491, 297], [22, 297]]]","[""overcoming multiple sclerosis cookbook iirl ncbid delsbercer cos""]"
The Polyvagal Theory in Therapy,Deborah A. Dana,dataset\adjusted_dataset\Medical\0000228.jpg,"[[[25, 57], [391, 57], [391, 343], [25, 343]]]","[""the polyvagal theory therapy""]"
The Psychobiotic Revolution,Scott C. Anderson,dataset\adjusted_dataset\Medical\0000229.jpg,"[[[39, 201], [479, 201], [479, 338], [39, 338]]]","[""psychoblotic revolution tnr ar tti l tmlie""]"
Just Eat It,Laura Thomas,dataset\adjusted_dataset\Medical\0000230.jpg,[],[]
The Dance of Anger,Harriet Lerner,dataset\adjusted_dataset\Medical\0000231.jpg,[],[]
The Physiology Coloring Book,Wynn Kapit,dataset\adjusted_dataset\Medical\0000232.jpg,"[[[63, 38], [434, 38], [434, 119], [63, 119]]]","[""physiology cooring bock""]"
Period Repair Manual,Lara Briden,dataset\adjusted_dataset\Medical\0000233.jpg,"[[[153, 128], [500, 128], [500, 482], [153, 482]]]","[""period repair manual hala4 iu4ikl4t ili jil mhn\""ic 44d gititivicds lara bripen""]"
Grief Counselling and Grief Therapy,J. William Worden,dataset\adjusted_dataset\Medical\0000234.jpg,"[[[68, 53], [445, 53], [445, 239], [68, 239]]]","[""counseling 4# griel therapy tuanizgltr lr uh\""bjl |kolh rrartituer""]"
The Original Reiki Handbook of Dr. Mikao Usui,Mikao Usui,dataset\adjusted_dataset\Medical\0000235.jpg,"[[[45, 327], [483, 327], [483, 401], [45, 401]]]","[""reiki hantbolz wwr mikan lsui""]"
The Sick Rose,Richard Barnett,dataset\adjusted_dataset\Medical\0000236.jpg,"[[[211, 69], [439, 69], [439, 105], [211, 105]]]","[""sick rose""]"
The Sports Gene,David Epstein,dataset\adjusted_dataset\Medical\0000237.jpg,"[[[59, 47], [391, 47], [391, 91], [59, 91]]]","[""sport $""]"
The Web That Has No Weaver,Ted J. Kaptchuk,dataset\adjusted_dataset\Medical\0000238.jpg,"[[[40, 94], [476, 94], [476, 252], [40, 252]]]","[""that hasno veaver ddne chntir aiuna""]"
Breaking Negative Thinking Patterns,Gitta Jacob,dataset\adjusted_dataset\Medical\0000239.jpg,"[[[109, 43], [407, 43], [407, 240], [109, 240]]]","[""beeakix icting patterns""]"
The Feeling Good Handbook,David D. Burns,dataset\adjusted_dataset\Medical\0000240.jpg,"[[[21, 83], [490, 83], [490, 347], [21, 347]]]","[""feeling good handbook tttotoot l lroee""]"
NeuroTribes,Steve Silberman,dataset\adjusted_dataset\Medical\0000241.jpg,"[[[0, 188], [512, 188], [512, 240], [0, 240]]]","[""n e u r o tr ! b e 5""]"
Listening to the Animals: Becoming The Supervet,Noel Fitzpatrick,dataset\adjusted_dataset\Medical\0000242.jpg,[],[]
"The Anxiety and Phobia Workbook, 6th Edition",Edmund J. Bourne,dataset\adjusted_dataset\Medical\0000243.jpg,[],[]
Maps of Narrative Practice,Michael White,dataset\adjusted_dataset\Medical\0000244.jpg,"[[[38, 20], [512, 20], [512, 260], [38, 260]]]","[""712521 0 [ narra (iv 8 pra eti 0 &""]"
Ivy and the Inky Butterfly,Johanna Basford,dataset\adjusted_dataset\Medical\0000245.jpg,"[[[53, 54], [466, 54], [466, 107], [53, 107]]]","[""jvy andthejnkv butteglv""]"
Stiff,Mary Roach,dataset\adjusted_dataset\Medical\0000246.jpg,"[[[63, 12], [492, 12], [492, 199], [63, 199]]]","[""c i stiff""]"
The Mindful Therapist,Daniel J. Siegel,dataset\adjusted_dataset\Medical\0000247.jpg,"[[[91, 141], [481, 141], [481, 239], [91, 239]]]","[""mindful therapist""]"
Healing Stories for Challenging Behaviour,Susan Perrow,dataset\adjusted_dataset\Medical\0000248.jpg,"[[[67, 44], [444, 44], [444, 130], [67, 130]]]","[""healing stories for challeuging belaviour""]"
Clean,Alejandro Junger,dataset\adjusted_dataset\Medical\0000249.jpg,"[[[35, 20], [476, 20], [476, 122], [35, 122]]]","[""clean""]"
Cognitive Behavioural Therapy For Dummies,Rhena Branch,dataset\adjusted_dataset\Medical\0000250.jpg,"[[[13, 64], [501, 64], [501, 354], [13, 354]]]","[""cognitive behavioural therapy dummies arim jeraehe val""]"
The Diabetes Code,Dr. Jason Fung,dataset\adjusted_dataset\Medical\0000251.jpg,[],[]
It Starts with the Egg,Rebecca Fett,dataset\adjusted_dataset\Medical\0000252.jpg,"[[[78, 248], [442, 248], [442, 497], [78, 497]]]","[""starts with the egg rebecca fett""]"
The Skincare Bible,Dr Anjali Mahto,dataset\adjusted_dataset\Medical\0000253.jpg,"[[[32, 84], [474, 84], [474, 296], [32, 296]]]","[""5032jhe 2 skincare bible""]"
"Psychoanalytic Diagnosis, Second Edition",Nancy McWilliams,dataset\adjusted_dataset\Medical\0000254.jpg,"[[[32, 75], [487, 75], [487, 284], [32, 284]]]","[""unueritungeng rerarattstuttn in thc cliraal toztr psychoanalytic diagnosis enn""]"
"I'm Ok, You're Ok",Thomas A. Harris,dataset\adjusted_dataset\Medical\0000255.jpg,"[[[8, 107], [493, 107], [493, 502], [8, 502]]]","[""fm youre 0k ok""]"
Pain and Prejudice,Gabrielle Jackson,dataset\adjusted_dataset\Medical\0000256.jpg,"[[[18, 17], [497, 17], [497, 239], [18, 239]]]","[""yomenandther bcoies pain and prfjudice""]"
The Wisdom of Menopause,Christiane Northrup,dataset\adjusted_dataset\Medical\0000257.jpg,"[[[18, 70], [486, 70], [486, 354], [18, 354]]]","[""northrue md the visdom of menopause ft\"" mtricilainl umwnnni fh td\""tuu fknr""]"
The Emperor of All Maladies,Siddhartha Mukherjee,dataset\adjusted_dataset\Medical\0000258.jpg,[],[]
Period Power,Maisie Hill,dataset\adjusted_dataset\Medical\0000259.jpg,"[[[50, 143], [465, 143], [465, 344], [50, 344]]]","[""period power:""]"
French Women Don't Get Fat,Mireille Guiliano,dataset\adjusted_dataset\Medical\0000260.jpg,"[[[42, 104], [469, 104], [469, 369], [42, 369]]]","[""eeneh qwomen dor t get sat""]"
The Pioppi Diet,Dr. Aseem Malhotra,dataset\adjusted_dataset\Medical\0000261.jpg,"[[[49, 35], [468, 35], [468, 192], [49, 192]]]","[""pioppi diet""]"
Carbs & Cals Carb & Calorie Counter,Chris Cheyette,dataset\adjusted_dataset\Medical\0000262.jpg,"[[[17, 48], [496, 48], [496, 152], [17, 152]]]","[""carb & calorie counter""]"
The Language of Kindness,Christie Watson,dataset\adjusted_dataset\Medical\0000263.jpg,"[[[45, 171], [469, 171], [469, 271], [45, 271]]]","[""languagf of kindness""]"
Seeing Voices,Oliver Sacks,dataset\adjusted_dataset\Medical\0000264.jpg,"[[[7, 285], [507, 285], [507, 431], [7, 431]]]","[""oliver sacks seeing vcices""]"
Exploring Feelings,Tony Attwood,dataset\adjusted_dataset\Medical\0000265.jpg,"[[[19, 13], [493, 13], [493, 103], [19, 103]]]","[""exploring feelings lagnra kelctin g hemp} in \""on qe #ir""]"
The Stress Solution,Dr Rangan Chatterjee,dataset\adjusted_dataset\Medical\0000266.jpg,"[[[203, 59], [467, 59], [467, 461], [203, 461]]]","[""the stress solution the 4 steps toreset nodi jind \""eationship dufpose""]"
The Healing Code,Alexander Loyd,dataset\adjusted_dataset\Medical\0000267.jpg,"[[[36, 174], [478, 174], [478, 310], [36, 310]]]","[""healing code""]"
In Defense of Food,Michael Pollan,dataset\adjusted_dataset\Medical\0000268.jpg,"[[[0, 23], [512, 23], [512, 152], [0, 152]]]","[""in cefense 0f food 4 e rt! k ma~*e <t2""]"
Bad Pharma,Ben Goldacre,dataset\adjusted_dataset\Medical\0000269.jpg,[],[]
"First Aid for the USMLE Step 1 2019, Twenty-ninth edition",Tao Le,dataset\adjusted_dataset\Medical\0000270.jpg,"[[[17, 9], [497, 9], [497, 389], [17, 389]]]","[""first aidfee usmle step 2019 4nudlal jo-etlolt goidl iata etdere eta ealla""]"
The Vaccine-Friendly Plan,Thomas Paul,dataset\adjusted_dataset\Medical\0000271.jpg,[],[]
Bartram's Encyclopedia of Herbal Medicine,Thomas Bartram,dataset\adjusted_dataset\Medical\0000272.jpg,"[[[20, 33], [481, 33], [481, 347], [20, 347]]]","[""bartram's enciclopedia of herbal medicine""]"
Stop the Thyroid Madness,Janie A Bowthorpe,dataset\adjusted_dataset\Medical\0000273.jpg,"[[[61, 13], [443, 13], [443, 273], [61, 273]]]","[""stop the th4roid maoness arutart murculicn 4oulnn darrdnn ullaner lammlnruirki""]"
The Postnatal Depletion Cure,Dr Oscar Serrallach,dataset\adjusted_dataset\Medical\0000274.jpg,"[[[136, 90], [404, 90], [404, 298], [136, 298]]]","[""fosinatal depletion cure f""]"
Essential Reiki,Diane Stein,dataset\adjusted_dataset\Medical\0000275.jpg,"[[[99, 209], [497, 209], [497, 386], [99, 386]]]","[""essential rekz; inet hetu~n h""]"
Existential Psychotherapy,Irvin D. Yalom,dataset\adjusted_dataset\Medical\0000276.jpg,"[[[26, -25], [525, -25], [525, 537], [26, 537]]]","[""psychot herapy existential irvin dyalom""]"
An Introduction to Cognitive Behaviour Therapy,Helen Kennerley,dataset\adjusted_dataset\Medical\0000277.jpg,"[[[17, 130], [418, 130], [418, 269], [17, 269]]]","[""cognitive behaviour therapy""]"
Secret of Childhood,Maria Montessori,dataset\adjusted_dataset\Medical\0000278.jpg,"[[[38, 316], [499, 316], [499, 393], [38, 393]]]","[""mari montessori the secret qf chidhodd""]"
The Doctor's Kitchen: Supercharge your health with 100 delicious everyday recipes,Rupy Aujla,dataset\adjusted_dataset\Medical\0000279.jpg,[],[]
The Thriving Adolescent,Louise Hayes,dataset\adjusted_dataset\Medical\0000280.jpg,"[[[62, 24], [485, 24], [485, 116], [62, 116]]]","[""the thriving adolescent""]"
What to Do When Bad Habits Take Hold,Dawn Huebner,dataset\adjusted_dataset\Medical\0000281.jpg,"[[[122, 72], [497, 72], [497, 171], [122, 171]]]","[""bad habits takr hotd rcjr""]"
Birthing from within,Pam England,dataset\adjusted_dataset\Medical\0000282.jpg,"[[[12, 50], [488, 50], [488, 190], [12, 190]]]","[""brthing from within""]"
Miracle Ball Method,Elaine Petrone,dataset\adjusted_dataset\Medical\0000283.jpg,"[[[124, 140], [480, 140], [480, 386], [124, 386]]]","[""the miraale ball metliod""]"
Wreck This Journal (Red),Keri Smith,dataset\adjusted_dataset\Medical\0000284.jpg,"[[[131, 125], [371, 125], [371, 285], [131, 285]]]","[""wreck this journal""]"
"Essentials of Human Anatomy & Physiology, Global Edition",Elaine N. Marieb,dataset\adjusted_dataset\Medical\0000285.jpg,"[[[27, 37], [339, 37], [339, 147], [27, 147]]]","[""essentials of human anatomy 8 physiology""]"
With the End in Mind,Kathryn Mannix,dataset\adjusted_dataset\Medical\0000286.jpg,"[[[36, 27], [467, 27], [467, 482], [36, 482]]]","[""with dvidcih the 3n 1icom end i 1 \"" lye\"" \""jeuiml in mind""]"
Balanced and Barefoot,Angela J. Hanscom,dataset\adjusted_dataset\Medical\0000287.jpg,"[[[68, 264], [442, 264], [442, 460], [68, 460]]]","[""balanced and barefuot""]"
Dissolving Illusions,Roman Bystrianyk,dataset\adjusted_dataset\Medical\0000288.jpg,"[[[27, 22], [488, 22], [488, 193], [27, 193]]]","[""dissolving tlusions""]"
Lewis's Medical-Surgical Nursing,Diane Brown,dataset\adjusted_dataset\Medical\0000289.jpg,"[[[30, 194], [480, 194], [480, 347], [30, 347]]]","[""leivis\""s medical_surgical nursing bemmor monnonenc l uul""]"
Gut,Giulia Enders,dataset\adjusted_dataset\Medical\0000290.jpg,[],[]
The Longevity Paradox,Steven R. Gundry,dataset\adjusted_dataset\Medical\0000291.jpg,"[[[95, 37], [490, 37], [490, 143], [95, 143]]]","[""longevity paradox""]"
The Eczema Diet,Karen Fischer,dataset\adjusted_dataset\Medical\0000292.jpg,"[[[11, 279], [488, 279], [488, 496], [11, 496]]]","[""th eczema diet kren hlcle""]"
Healing Developmental Trauma,Laurence Heller,dataset\adjusted_dataset\Medical\0000293.jpg,"[[[29, 29], [400, 29], [400, 162], [29, 162]]]","[""healing developmental 'trallm:l""]"
Contented Dementia,Oliver James,dataset\adjusted_dataset\Medical\0000294.jpg,"[[[17, 244], [494, 244], [494, 473], [17, 473]]]","[""the sunduy tiete @eaeellet contented dementia halaiamt \""jutal t\""""]"
DBT (R) Skills Manual for Adolescents,Jill H. Rathus,dataset\adjusted_dataset\Medical\0000295.jpg,"[[[42, 46], [472, 46], [472, 192], [42, 192]]]","[""dht gkills manual adolbsents""]"
Starving the Anxiety Gremlin for Children Aged 5-9,Kate Collins-Donnelly,dataset\adjusted_dataset\Medical\0000296.jpg,"[[[21, 28], [467, 28], [467, 250], [21, 250]]]","[""starving the azdit b4rnl5y anxiety aixo ktttaytt gremlin n""]"
The Mind-Gut Connection,Emeran Mayer,dataset\adjusted_dataset\Medical\0000297.jpg,"[[[0, 28], [512, 28], [512, 139], [0, 139]]]","[""mind-gul connectton""]"
Allen Carr's Easy Way for Women to Stop Smoking,Allen Carr,dataset\adjusted_dataset\Medical\0000298.jpg,"[[[19, 42], [491, 42], [491, 471], [19, 471]]]","[""ovar 11 xion ecoks sold allen carr easy wy for women to stop smokig wnhout gainikg weight #ud""]"
Dibs in Search of Self,Virginia M. Axline,dataset\adjusted_dataset\Medical\0000299.jpg,"[[[110, 0], [407, 0], [407, 171], [110, 171]]]","[""dibs msenrch f self""]"
Discovery of the Child,Maria Montessori,dataset\adjusted_dataset\Medical\0000300.jpg,"[[[47, 415], [451, 415], [451, 476], [47, 476]]]","[""marianontessori thedicoveryorutchik""]"
"Clinical Handbook of Psychological Disorders, Fifth Edition",David H. Barlow,dataset\adjusted_dataset\Medical\0000301.jpg,"[[[27, 125], [464, 125], [464, 364], [27, 364]]]","[""clinical handbook of psychological disorders 4 bloput nop trcutinenttnuni""]"
Why Love Matters,Sue Gerhardt,dataset\adjusted_dataset\Medical\0000302.jpg,"[[[47, 206], [494, 206], [494, 487], [47, 487]]]","[""why love matters 8e bhapan tbaby8ca""]"
All That Remains,Professor Sue Black,dataset\adjusted_dataset\Medical\0000303.jpg,"[[[112, 246], [398, 246], [398, 298], [112, 298]]]","[""remains""]"
The Omnivore's Dilemma,Michael Pollan,dataset\adjusted_dataset\Medical\0000304.jpg,"[[[41, 75], [463, 75], [463, 209], [41, 209]]]","[""omnivore 5 dilemma fcun""]"
The Low-Fodmap Diet Cookbook,Sue Shepherd,dataset\adjusted_dataset\Medical\0000305.jpg,[],[]
In Defence of Food,Michael Pollan,dataset\adjusted_dataset\Medical\0000306.jpg,"[[[0, 13], [491, 13], [491, 207], [0, 207]]]","[""micaael pollan sh odefrce cf jood""]"
Beyond the Pill,Jolene Brighten,dataset\adjusted_dataset\Medical\0000307.jpg,"[[[25, 407], [195, 407], [195, 423], [25, 423]]]","[""bnncontaeu""]"
Gray's Anatomy for Students,Richard Drake,dataset\adjusted_dataset\Medical\0000308.jpg,"[[[11, 70], [497, 70], [497, 385], [11, 385]]]","[""anatomy formiudfnts itmerit 3""]"
"Treatment Plans and Interventions for Depression and Anxiety Disorders, 2e",Robert L. Leahy,dataset\adjusted_dataset\Medical\0000309.jpg,"[[[79, 62], [435, 62], [435, 272], [79, 272]]]","[""treatment plans and interventions for depression and anxiely disorders 40c v # v 2@ /0i0""]"
"Essential Examination, third edition",Alasdair K. B. Ruthven,dataset\adjusted_dataset\Medical\0000310.jpg,"[[[59, 146], [464, 146], [464, 362], [59, 362]]]","[""jr ldivicr essential examination iuddelrk b. aubiven""]"
Mess,Keri Smith,dataset\adjusted_dataset\Medical\0000311.jpg,"[[[176, 81], [396, 81], [396, 158], [176, 158]]]","[""mess e""]"
How to Be a Superhero Called Self-Control!,Lauren Brukner,dataset\adjusted_dataset\Medical\0000312.jpg,"[[[21, 62], [494, 62], [494, 156], [21, 156]]]","[""how to be 4 superhero""]"
Clinical Cases for General Practice Exams,Susan Wearne,dataset\adjusted_dataset\Medical\0000313.jpg,"[[[108, 86], [466, 86], [466, 138], [108, 138]]]","[""ciinic!(asester general natmabamg 3e""]"
The FastDiet Cookbook,Mimi Spencer,dataset\adjusted_dataset\Medical\0000314.jpg,"[[[35, 351], [499, 351], [499, 501], [35, 501]]]","[""fastdiet cookbook irtfuerin""]"
All Creatures Great and Small,James Herriot,dataset\adjusted_dataset\Medical\0000315.jpg,"[[[26, 308], [490, 308], [490, 460], [26, 460]]]","[""herriot aj creatures greot 401d smul""]"
The Wise Heart,Jack Kornfield,dataset\adjusted_dataset\Medical\0000316.jpg,"[[[54, 30], [469, 30], [469, 217], [54, 217]]]","[""wise 7oe heart evi n lni drait 9k 7,""]"
An Early Start for Your Child with Autism,Sally J. Rogers,dataset\adjusted_dataset\Medical\0000317.jpg,"[[[51, 90], [461, 90], [461, 491], [51, 491]]]","[""early start for your child lrtn autism lsmg ecrncav litulet hjtoon ctetct 3clda sllty heaey pnd ocraldinc dwicokhb haltat fluneta ffh""]"
The Polyvagal Theory,Stephen W. Porges,dataset\adjusted_dataset\Medical\0000318.jpg,"[[[88, 39], [455, 39], [455, 106], [88, 106]]]","[""the poltvagal theoay""]"
Trauma And Memory,Peter A. Levine,dataset\adjusted_dataset\Medical\0000319.jpg,"[[[37, 66], [476, 66], [476, 280], [37, 280]]]","[""trauma cau memory wroinindeddyin 4ieaachfor the ltngrast""]"
Neurological Rehabilitation,Janet H. Carr,dataset\adjusted_dataset\Medical\0000320.jpg,"[[[159, 145], [471, 145], [471, 241], [159, 241]]]","[""neurological rebabilltation mmc rrinrm""]"
Eat Right for Your Type Comple,Peter D'Adamo,dataset\adjusted_dataset\Medical\0000321.jpg,"[[[55, 46], [455, 46], [455, 369], [55, 369]]]","[""eat right far your type complete blord type encydopedia""]"
Neurocomic,Matteo Farinella,dataset\adjusted_dataset\Medical\0000322.jpg,"[[[92, 86], [426, 86], [426, 118], [92, 118]]]","[""neurucomic""]"
The Spark in the Machine,Dr Daniel Keown,dataset\adjusted_dataset\Medical\0000323.jpg,"[[[56, 284], [465, 284], [465, 466], [56, 466]]]","[""t72 spark in #e machine ha# and  upidn daeddcntxtvna hea""]"
The Maudsley Prescribing Guidelines in Psychiatry,David M. Taylor,dataset\adjusted_dataset\Medical\0000324.jpg,"[[[67, 31], [439, 31], [439, 290], [67, 290]]]","[""the maudsley prescribing guidelines in psychiatry thiciton""]"
The New Optimum Nutrition Bible,Patrick Holford,dataset\adjusted_dataset\Medical\0000325.jpg,"[[[35, 51], [481, 51], [481, 168], [35, 168]]]","[""optimum nutrition b]ble""]"
Momma And The Meaning Of Life,Irvin D. Yalom,dataset\adjusted_dataset\Medical\0000326.jpg,"[[[36, 204], [477, 204], [477, 311], [36, 311]]]","[""mnmma tnn meaning u lile: tan 01 ptrtap)""]"
Body by Science,John R. Little,dataset\adjusted_dataset\Medical\0000327.jpg,"[[[108, 2], [405, 2], [405, 126], [108, 126]]]","[""body bl""]"
The Intuitive Eating Workbook,Evelyn Tribole,dataset\adjusted_dataset\Medical\0000328.jpg,"[[[53, 75], [457, 75], [457, 231], [53, 231]]]","[""intuitive eating workbook""]"
Trim Healthy Mama,Pearl P Barrett,dataset\adjusted_dataset\Medical\0000329.jpg,"[[[0, 0], [491, 0], [491, 149], [0, 149]]]","[""trim healthy mvarr""]"
The Butchering Art,Lindsey Fitzharris,dataset\adjusted_dataset\Medical\0000330.jpg,"[[[0, 0], [512, 0], [512, 243], [0, 243]]]","[""bhechereng art""]"
The Pocket Guide to The Polyvagal Theory,Stephen Porges,dataset\adjusted_dataset\Medical\0000331.jpg,"[[[83, 122], [464, 122], [464, 294], [83, 294]]]","[""tae pocket guide to the poltvagal theory ihe tronstormorive fowyero fceling sofe""]"
The Happiness Hypothesis,Jonathan Haidt,dataset\adjusted_dataset\Medical\0000332.jpg,"[[[43, 262], [472, 262], [472, 378], [43, 378]]]","[""ttt happiness hypothesis""]"
How to Be Human,Ruby Wax,dataset\adjusted_dataset\Medical\0000333.jpg,"[[[12, 19], [501, 19], [501, 290], [12, 290]]]","[""ruby wax hnha m jili 44 howto c be human""]"
Womancode,Alisa Vitti,dataset\adjusted_dataset\Medical\0000334.jpg,[],[]
What Doesn't Kill Us,Scott Carney,dataset\adjusted_dataset\Medical\0000335.jpg,"[[[84, 270], [431, 270], [431, 414], [84, 414]]]","[""what doesn't kill us""]"
Starving the Anxiety Gremlin,Kate Collins-Donnelly,dataset\adjusted_dataset\Medical\0000336.jpg,"[[[42, 26], [461, 26], [461, 227], [42, 227]]]","[""starving the anxiety gremlin loct""]"
Smart but Scattered Teens,Richard Guare,dataset\adjusted_dataset\Medical\0000337.jpg,[],[]
Twas The Nightshift Before Christmas,Adam Kay,dataset\adjusted_dataset\Medical\0000338.jpg,"[[[4, 213], [509, 213], [509, 405], [4, 405]]]","[""nightsh befop christmas""]"
Becoming Myself,Irvin D. Yalom,dataset\adjusted_dataset\Medical\0000339.jpg,"[[[38, 136], [466, 136], [466, 190], [38, 190]]]","[""my self""]"
True Refuge,Tara Brach,dataset\adjusted_dataset\Medical\0000340.jpg,[],[]
A Brief History of Medicine,Paul Strathern,dataset\adjusted_dataset\Medical\0000341.jpg,[],[]
The Mind's Eye,Oliver Sacks,dataset\adjusted_dataset\Medical\0000342.jpg,[],[]
Introduction to Veterinary Anatomy and Physiology Textbook,Victoria Aspinall,dataset\adjusted_dataset\Medical\0000343.jpg,"[[[21, 81], [491, 81], [491, 171], [21, 171]]]","[""inroducmon veterinary anatomy physiclcgy textboor""]"
"The Autism Discussion Page on anxiety, behavior, school, and parenting strategies",Bill Nason,dataset\adjusted_dataset\Medical\0000344.jpg,"[[[42, 295], [420, 295], [420, 348], [42, 348]]]","[""dn aniiett, dciavicr scxdol, andfafntinc sattegies""]"
Unthinkable,Helen Thomson,dataset\adjusted_dataset\Medical\0000345.jpg,[],[]
Trauma and the Body,Pat Ogden,dataset\adjusted_dataset\Medical\0000346.jpg,"[[[28, 137], [487, 137], [487, 269], [28, 269]]]","[""trauma and tke body dmanaprrua""]"
Brain On Fire: My Month of Madness,Susannah Cahalan,dataset\adjusted_dataset\Medical\0000347.jpg,[],[]
Overcoming Depression 3rd Edition,Prof Paul Gilbert,dataset\adjusted_dataset\Medical\0000348.jpg,"[[[11, 71], [503, 71], [503, 317], [11, 317]]]","[""overcoming depression tmtt dllemzr""]"
The How Not to Die Cookbook,Michael Greger,dataset\adjusted_dataset\Medical\0000349.jpg,"[[[153, 248], [439, 248], [439, 417], [153, 417]]]","[""die cook rook w\""mkerfr#\""""]"
Becoming Attached,Robert Karen,dataset\adjusted_dataset\Medical\0000350.jpg,"[[[14, 283], [509, 283], [509, 358], [14, 358]]]","[""b e ( 0 m | n g attic a e lj""]"
"Ganong's Review of Medical Physiology, Twenty-Fifth Edition",Kim E. Barrett,dataset\adjusted_dataset\Medical\0000351.jpg,"[[[27, 25], [333, 25], [333, 203], [27, 203]]]","[""ganong'5 review of medical physiology""]"
A Therapeutic Treasure Box for Working with Children and Adolescents with Developmental Trauma,Karen Treisman,dataset\adjusted_dataset\Medical\0000352.jpg,"[[[50, 121], [483, 121], [483, 344], [50, 344]]]","[""treasure box lutten dlttn &d idelententi gul developmental trauid fahrtut ktust tu atluitink""]"
The Alphabet of the Human Heart,Matthew Johnstone,dataset\adjusted_dataset\Medical\0000353.jpg,"[[[71, 37], [438, 37], [438, 86], [71, 86]]]","[""'ilfhabet himah hfart""]"
Overcoming Trauma Through Yoga,David Emerson,dataset\adjusted_dataset\Medical\0000354.jpg,"[[[62, 225], [446, 225], [446, 268], [62, 268]]]","[""reeidiming tour dudy""]"
Windows to Our Children,Violet Oaklander,dataset\adjusted_dataset\Medical\0000355.jpg,[],[]
Social Work Practice in Mental Health,Robert Bland,dataset\adjusted_dataset\Medical\0000356.jpg,"[[[176, 215], [480, 215], [480, 407], [176, 407]]]","[""social work practice in mental health icaugti""]"
Understanding Pathophysiology Anz 3e,Judy Craft,dataset\adjusted_dataset\Medical\0000357.jpg,"[[[79, 308], [493, 308], [493, 371], [79, 371]]]","[""undersanding pathophysiology""]"
The Upward Spiral,Alex Korb,dataset\adjusted_dataset\Medical\0000358.jpg,"[[[60, 448], [456, 448], [456, 505], [60, 505]]]","[""tlex kork fad vju sigr m""]"
The Worry Trick,David A. Carbonell,dataset\adjusted_dataset\Medical\0000359.jpg,"[[[19, 170], [495, 170], [495, 251], [19, 251]]]","[""wdrry trick""]"
The Man Who Mistook His Wife for a Hat and Other Clinical Tales,Oliver W Sacks,dataset\adjusted_dataset\Medical\0000360.jpg,"[[[13, 211], [489, 211], [489, 454], [13, 454]]]","[""mistook his wife tor hat 104 07aef cucicitise""]"
Yoga Therapy,A.G. Mohan,dataset\adjusted_dataset\Medical\0000361.jpg,"[[[43, 49], [472, 49], [472, 122], [43, 122]]]","[""yoga therapy""]"
My Voice Will Go with You,Sidney Rosen,dataset\adjusted_dataset\Medical\0000362.jpg,"[[[37, 34], [495, 34], [495, 317], [37, 317]]]","[""my voice will go with you the teacking tas opnilton *erickson""]"
Why Isn't My Brain Working?,Datis Kharrazian,dataset\adjusted_dataset\Medical\0000363.jpg,"[[[52, 10], [464, 10], [464, 162], [52, 162]]]","[""why isnt my brain working?""]"
It Hurts When I Poop!,Howard J. Bennett,dataset\adjusted_dataset\Medical\0000364.jpg,[],[]
Miller's Review of Critical Vaccine Studies,Neil Z. Miller,dataset\adjusted_dataset\Medical\0000365.jpg,"[[[8, 8], [482, 8], [482, 385], [8, 385]]]","[""miller $ review critical 40o utoron ntl fia ropcl vaccine enuoncd ioi paret end studies fotrorcher neil 7 kem ket coniofcnttd""]"
Active Birth,Janet Balaskas,dataset\adjusted_dataset\Medical\0000366.jpg,[],[]
The Reconnection,Eric Pearl,dataset\adjusted_dataset\Medical\0000367.jpg,[],[]
Self-Esteem Workbook for Teens,Lisa M. Schab,dataset\adjusted_dataset\Medical\0000368.jpg,"[[[15, 39], [501, 39], [501, 373], [15, 373]]]","[""selt esteem warkbook tor teens 0cxab1o mepib coniklencaenri aayitprb mion *mt wutan acc4p 4d fa wave""]"
The Aware Baby,Ph.D  Aletha J. Solter,dataset\adjusted_dataset\Medical\0000369.jpg,"[[[9, 382], [230, 382], [230, 508], [9, 508]]]","[""the aware baby""]"
Play Therapy,Virginia M. Axline,dataset\adjusted_dataset\Medical\0000370.jpg,"[[[0, 0], [512, 0], [512, 204], [0, 204]]]","[""virginia maxline cns kirereset 7t play therapy""]"
The Longevity Diet,Valter Longo,dataset\adjusted_dataset\Medical\0000371.jpg,"[[[116, 244], [398, 244], [398, 337], [116, 337]]]","[""longevity diet""]"
An Introduction to the Lightning Process (R),Phil Parker,dataset\adjusted_dataset\Medical\0000372.jpg,"[[[105, 320], [491, 320], [491, 497], [105, 497]]]","[""jn introductidn tomhe lightning process miedasts7ec6todemd""]"
Baby-Led Weaning,Gill Rapley,dataset\adjusted_dataset\Medical\0000373.jpg,[],[]
The Brain That Changes Itself,Norman Doidge,dataset\adjusted_dataset\Medical\0000374.jpg,"[[[36, 124], [366, 124], [366, 152], [36, 152]]]","[""tha bealin mat""]"
Guyton and Hall Textbook of Medical Physiology,John E. Hall,dataset\adjusted_dataset\Medical\0000375.jpg,"[[[43, 236], [487, 236], [487, 399], [43, 399]]]","[""guyton and hall teec dk df medical physiology thrieenthednicn""]"
Stahl's Essential Psychopharmacology,Stephen M. Stahl,dataset\adjusted_dataset\Medical\0000376.jpg,"[[[53, 113], [474, 113], [474, 183], [53, 183]]]","[""psychopharmacology tslrit e ljunuruex""]"
Love's Executioner,Irvin D. Yalom,dataset\adjusted_dataset\Medical\0000377.jpg,"[[[46, 148], [472, 148], [472, 196], [46, 196]]]","[""executioner""]"
Concise Rules of APA Style,American Psychological Association,dataset\adjusted_dataset\Medical\0000378.jpg,"[[[27, 283], [507, 283], [507, 369], [27, 369]]]","[""apa style""]"
Veterinary Anatomy Coloring Book,Baljit Singh,dataset\adjusted_dataset\Medical\0000379.jpg,"[[[79, 74], [417, 74], [417, 155], [79, 155]]]","[""yeterinary anatomy coloring book sefjndediton""]"
Anatomy Of An Epidemic,Robert Whitaker,dataset\adjusted_dataset\Medical\0000380.jpg,"[[[19, 79], [491, 79], [491, 159], [19, 159]]]","[""anatomy ofan epidemic""]"
Human Anatomy,Margaret Matt,dataset\adjusted_dataset\Medical\0000381.jpg,"[[[37, 42], [474, 42], [474, 121], [37, 121]]]","[""humananatomy cclrlng book""]"
The Story of the Human Body,Daniel Lieberman,dataset\adjusted_dataset\Medical\0000382.jpg,"[[[103, 293], [407, 293], [407, 376], [103, 376]]]","[""hu man bodx""]"
Ketotarian,Will Cole,dataset\adjusted_dataset\Medical\0000383.jpg,"[[[59, 75], [445, 75], [445, 168], [59, 168]]]","[""keto-tarian iimdan anne gcte eant""]"
Neuroanatomy through Clinical Cases,Hal Blumenfeld,dataset\adjusted_dataset\Medical\0000384.jpg,"[[[54, 46], [457, 46], [457, 179], [54, 179]]]","[""neuroanatomy trongk clinical cases""]"
Into the Magic Shop,Director James R Doty,dataset\adjusted_dataset\Medical\0000385.jpg,"[[[135, 176], [379, 176], [379, 224], [135, 224]]]","[""irto the naoic shcf""]"
"Taking Charge of ADHD, Third Edition",Russell A. Barkley,dataset\adjusted_dataset\Medical\0000386.jpg,"[[[56, 90], [454, 90], [454, 336], [56, 336]]]","[""tking charqe adhd the  ampletle ihtbiauth j ejujs""]"
How Doctors Think,Jerome E. Groopman,dataset\adjusted_dataset\Medical\0000387.jpg,"[[[40, 58], [454, 58], [454, 332], [40, 332]]]","[""tf* torr miafs rfstsfiife how doctors think""]"
Pregnancy For Men (Revised Edition),Mark Woods,dataset\adjusted_dataset\Medical\0000388.jpg,"[[[12, 42], [493, 42], [493, 214], [12, 214]]]","[""pregnancy men the wholzo months""]"
Nursing Calculations,Nicole Phillips,dataset\adjusted_dataset\Medical\0000389.jpg,"[[[40, 97], [472, 97], [472, 247], [40, 247]]]","[""nursing calculations j0 gattard naphje feuia""]"
Loving Someone with Borderline Personality Disorder,Shari Y. Manning,dataset\adjusted_dataset\Medical\0000390.jpg,"[[[51, 88], [479, 88], [479, 333], [51, 333]]]","[""lovirg sonaeone wvith borderline personality disorder""]"
"Herbal Antibiotics, 2nd Edition",Stephen Harrod Buhner,dataset\adjusted_dataset\Medical\0000391.jpg,"[[[53, 5], [497, 5], [497, 310], [53, 310]]]","[""herbal antiblotics natural aiternatives fip17 4196 jru6-reysj] bici kia""]"
Undo It!,Dean Ornish MD,dataset\adjusted_dataset\Medical\0000392.jpg,[],[]
Last's Anatomy,Chummy S. Sinnatamby,dataset\adjusted_dataset\Medical\0000393.jpg,"[[[21, 95], [469, 95], [469, 139], [21, 139]]]","[""last'$ anatoat""]"
Exploring Feelings,Tony Attwood,dataset\adjusted_dataset\Medical\0000394.jpg,"[[[17, 11], [499, 11], [499, 101], [17, 101]]]","[""exploring feelings log thvz belzij: teipy tu iainny: aniger""]"
Between Heaven and Earth,Harriet Beinfield,dataset\adjusted_dataset\Medical\0000395.jpg,"[[[121, 53], [384, 53], [384, 197], [121, 197]]]","[""beiween heareh and earth""]"
It's All in Your Head,Dr. Suzanne O'Sullivan,dataset\adjusted_dataset\Medical\0000396.jpg,"[[[0, 25], [485, 25], [485, 510], [0, 510]]]","[""it's tt wnanf all in youp head mtjniirrm e7rdr om+jcwina lonne &r""]"
Anti-Oedipus,Professor Gilles Deleuze,dataset\adjusted_dataset\Medical\0000397.jpg,[],[]
The Circle of Security Intervention,Bert Powell,dataset\adjusted_dataset\Medical\0000398.jpg,"[[[20, 78], [497, 78], [497, 303], [20, 303]]]","[""circle of security intervention enhunera nharhwnin eli  poreni chlld tintulinnatarr""]"
Stealing Fire,Steven Kotler,dataset\adjusted_dataset\Medical\0000399.jpg,"[[[55, 111], [453, 111], [453, 199], [55, 199]]]","[""steactng fire""]"
Drugs in Anaesthesia and Intensive Care,Edward Scarth,dataset\adjusted_dataset\Medical\0000400.jpg,"[[[9, 9], [496, 9], [496, 178], [9, 178]]]","[""e7 3 drugs in anaesthesia and injtensiye care""]"
Hardwiring Happiness,Rick Hanson,dataset\adjusted_dataset\Medical\0000401.jpg,"[[[35, 90], [512, 90], [512, 156], [35, 156]]]","[""h ppiness""]"
Trauma-Proofing Your Kids,Maggie Kline,dataset\adjusted_dataset\Medical\0000402.jpg,"[[[78, 17], [432, 17], [432, 152], [78, 152]]]","[""trauma- proofing your kids""]"
Fat Chance,Robert Lustig,dataset\adjusted_dataset\Medical\0000403.jpg,[],[]
The Anxiety Journal,Corinne Sweet,dataset\adjusted_dataset\Medical\0000404.jpg,"[[[134, 139], [370, 139], [370, 267], [134, 267]]]","[""the anxie jovrna lan""]"
Oxford Handbook of Clinical Dentistry,David A. Mitchell,dataset\adjusted_dataset\Medical\0000405.jpg,"[[[36, 96], [454, 96], [454, 186], [36, 186]]]","[""dxoedheno\""opk*f clnicae dentistry""]"
The Checklist Manifesto,Atul Gawande,dataset\adjusted_dataset\Medical\0000406.jpg,"[[[18, 438], [495, 438], [495, 482], [18, 482]]]","[""atul c4mande""]"
Childhood Disrupted,Donna Jackson Nakazawa,dataset\adjusted_dataset\Medical\0000407.jpg,[],[]
Oxford Handbook of Emergency Medicine,Jonathan Wyatt,dataset\adjusted_dataset\Medical\0000408.jpg,"[[[36, 94], [466, 94], [466, 186], [36, 186]]]","[""oxnordhandeookof energenct medicine""]"
Asperger's Syndrome,Tony Attwood,dataset\adjusted_dataset\Medical\0000409.jpg,"[[[70, 46], [446, 46], [446, 269], [70, 269]]]","[""asperger's syndrome 4omfrivereuntobuk touu auumnu fnnnnd%""]"
Playing and Reality,D. W. Winnicott,dataset\adjusted_dataset\Medical\0000410.jpg,[],[]
8 Steps to a Pain-free Back,Esther Gokhale,dataset\adjusted_dataset\Medical\0000411.jpg,"[[[58, 61], [452, 61], [452, 307], [58, 307]]]","[""8 steps to a pain-free back""]"
Attachment Theory in Practice,Susan M. Johnson,dataset\adjusted_dataset\Medical\0000412.jpg,"[[[49, 38], [465, 38], [465, 253], [49, 253]]]","[""attachment the@ry in practice emcacnall feeue gdkatatn [efti milt mnnnidunt umd""]"
Grow Your Own Drugs,James Wong,dataset\adjusted_dataset\Medical\0000413.jpg,"[[[34, 289], [496, 289], [496, 430], [34, 430]]]","[""ghow your dwyn drugs""]"
Understanding Nutrition with Online Study Tools,Eleanor Whitney,dataset\adjusted_dataset\Medical\0000414.jpg,[],[]
Dare,Barry Mcdonagh,dataset\adjusted_dataset\Medical\0000415.jpg,"[[[0, 223], [460, 223], [460, 307], [0, 307]]]","[""dare""]"
Keep Calm and Colour Unicorns,,dataset\adjusted_dataset\Medical\0000416.jpg,"[[[119, 249], [398, 249], [398, 334], [119, 334]]]","[""colour unicorns""]"
Art as Therapy,Alain Botton,dataset\adjusted_dataset\Medical\0000417.jpg,[],[]
Trauma Through A Childs Eyes,Maggie Kline,dataset\adjusted_dataset\Medical\0000418.jpg,"[[[25, 22], [486, 22], [486, 117], [25, 117]]]","[""trauna through a childs eyes""]"
Psychiatric & Mental Health Nursing,Katie Evans,dataset\adjusted_dataset\Medical\0000419.jpg,"[[[58, 124], [340, 124], [340, 218], [58, 218]]]","[""psychiatricad hental health nursing""]"
Ready To Run,Kelly Starrett,dataset\adjusted_dataset\Medical\0000420.jpg,"[[[48, 163], [512, 163], [512, 286], [48, 286]]]","[""readytorun dr; kelly starretl""]"
Diagnostic and Statistical Manual of Mental Disorders (DSM-5 (R)),American Psychiatric Association,dataset\adjusted_dataset\Medical\0000421.jpg,"[[[22, 71], [492, 71], [492, 238], [22, 238]]]","[""diacnostic and staiisiic4 manuaof menial dsorcers eottoni dsm-5""]"
The Autism Discussion Page on the core challenges of autism,Bill Nason,dataset\adjusted_dataset\Medical\0000422.jpg,"[[[48, 294], [426, 294], [426, 356], [48, 356]]]","[""@n the core challenges df avtism""]"
Client Centred Therapy (New Ed),Carl Rogers,dataset\adjusted_dataset\Medical\0000423.jpg,"[[[39, 9], [468, 9], [468, 210], [39, 210]]]","[""client_ centered therapy""]"
Schema Therapy in Practice,Arnoud Arntz,dataset\adjusted_dataset\Medical\0000424.jpg,"[[[37, 295], [380, 295], [380, 440], [37, 440]]]","[""echema zherp n ptaccice""]"
Packing for Mars,Mary Roach,dataset\adjusted_dataset\Medical\0000425.jpg,"[[[77, 140], [485, 140], [485, 421], [77, 421]]]","[""gking mars ofetu# kkl""]"
Attachment-Focused Family Therapy Workbook,Daniel A. Hughes,dataset\adjusted_dataset\Medical\0000426.jpg,"[[[36, 25], [479, 25], [479, 193], [36, 193]]]","[""attachment- focused famtly tafrapy worka&0k""]"
Vibrational Medicine,Richard Gerber,dataset\adjusted_dataset\Medical\0000427.jpg,"[[[66, 141], [487, 141], [487, 273], [66, 273]]]","[""ibrational id medicine""]"
Alchemy of Herbs,Rosalee De La Foret,dataset\adjusted_dataset\Medical\0000428.jpg,"[[[151, 30], [354, 30], [354, 108], [151, 108]]]","[""alchemy of herrs""]"
"Eye Movement Desensitization and Reprocessing (EMDR) Therapy, Third Edition",Francine Shapiro,dataset\adjusted_dataset\Medical\0000429.jpg,"[[[0, 2], [490, 2], [490, 512], [0, 512]]]","[""e eye movement desensitization m and reprocessing (emdr) therapy t htad edit! bazic ftinciply piolutuk ed picoeuuies r francine shapiro""]"
Play Therapy,Garry L. Landreth,dataset\adjusted_dataset\Medical\0000430.jpg,"[[[29, 21], [466, 21], [466, 311], [29, 311]]]","[""pa therapy the art ofthe relationthip""]"
Jung: A Very Short Introduction,Anthony Stevens,dataset\adjusted_dataset\Medical\0000431.jpg,[],[]
Dr Podcast Scripts for the Primary FRCA,Rebecca A. Leslie,dataset\adjusted_dataset\Medical\0000432.jpg,"[[[58, 147], [464, 147], [464, 390], [58, 390]]]","[""dr podcast scripts for the primary frca onll acb3rj /z ledlic euiilt k-jllrcn aundrn i guadvin""]"
The Strength Training Anatomy Workout,Frederic Delavier,dataset\adjusted_dataset\Medical\0000433.jpg,"[[[0, 5], [507, 5], [507, 202], [0, 202]]]","[""ilie strength training amatomvt""]"
Clean Gut,Alejandro Junger,dataset\adjusted_dataset\Medical\0000434.jpg,"[[[12, 90], [503, 90], [503, 336], [12, 336]]]","[""clean gut nbak tr""]"
Cure Tooth Decay,Ramiel Nagel,dataset\adjusted_dataset\Medical\0000435.jpg,[],[]
Interview Guide for Evaluation of Dsm-V Disorders,Zimmerman,dataset\adjusted_dataset\Medical\0000436.jpg,"[[[50, 130], [478, 130], [478, 189], [50, 189]]]","[""inberey guldalc croluaricn 034-7 #tha diaoroer jidae konedi gn perininein""]"
The Hormone Reset Diet,Sara Gottfried,dataset\adjusted_dataset\Medical\0000437.jpg,"[[[17, 76], [294, 76], [294, 301], [17, 301]]]","[""hormone reset diet td #a#tnrn tjcc ?77 npnmntn-dt""]"
Trauma-Sensitive Mindfulness,David A. Treleaven,dataset\adjusted_dataset\Medical\0000438.jpg,"[[[30, 82], [482, 82], [482, 168], [30, 168]]]","[""ceiui sensitive flindfu lnets""]"
The Big Fat Activity Book for Pregnant People,Jordan Reid,dataset\adjusted_dataset\Medical\0000439.jpg,"[[[4, 2], [509, 2], [509, 161], [4, 161]]]","[""the big fat activity pook for pregnant people""]"
The American Indian Secrets of Crystal Healing,Luc Bourgault,dataset\adjusted_dataset\Medical\0000440.jpg,"[[[22, 80], [490, 80], [490, 128], [22, 128]]]","[""crystal healing""]"
Counseling with Choice Theory,William Glasser,dataset\adjusted_dataset\Medical\0000441.jpg,"[[[37, 323], [471, 323], [471, 361], [37, 361]]]","[""tthanes renlltitthotiopy""]"
Your Body Speaks Your Mind,Deb Shapiro,dataset\adjusted_dataset\Medical\0000442.jpg,"[[[0, 249], [512, 249], [512, 473], [0, 473]]]","[""your body sgraks your mi dadtastadxc hde jol tot jnd tuolonts oncie td4 ealii""]"
Engaging Autism,Stanley I. Greenspan,dataset\adjusted_dataset\Medical\0000443.jpg,"[[[51, 55], [462, 55], [462, 221], [51, 221]]]","[""engaging autism""]"
The Autoimmune Solution Cookbook,Amy Myers,dataset\adjusted_dataset\Medical\0000444.jpg,"[[[45, 59], [465, 59], [465, 247], [45, 247]]]","[""autoimmune solution cookbook tmamcin anarm""]"
The Myth of Mental Illness,Thomas S. Szasz,dataset\adjusted_dataset\Medical\0000445.jpg,"[[[42, 118], [466, 118], [466, 450], [42, 450]]]","[""the mttt of memtal illness foundations 0l a theory 0i personal conduci""]"
Pharmacology for Anaesthesia and Intensive Care,Tom E. Peck,dataset\adjusted_dataset\Medical\0000446.jpg,"[[[55, 28], [449, 28], [449, 181], [55, 181]]]","[""pharmacology for anaesthesia and intensive care ifech n40 hiz""]"
"Your Spine, Your Yoga",Bernie Clark,dataset\adjusted_dataset\Medical\0000447.jpg,"[[[123, 69], [393, 69], [393, 369], [123, 369]]]","[""youp spine kour ga (be rnie ci6ad""]"
The Complete Book Of Ayurvedic Home Remedies,Vasant Lad,dataset\adjusted_dataset\Medical\0000448.jpg,"[[[0, 0], [512, 0], [512, 232], [0, 232]]]","[""tre coaplet e boor 0f ayurvedic home remedies cjmpeehensite gujde i ihe ancleni healing 61 indla""]"
Spirit Catches You and You Fall Down,Anne Fadiman,dataset\adjusted_dataset\Medical\0000449.jpg,[],[]
Super Immunity,Joel Fuhrman,dataset\adjusted_dataset\Medical\0000450.jpg,"[[[17, 81], [491, 81], [491, 245], [17, 245]]]","[""super immunity dr7 uaee dei""]"
Schema Therapy,Jeffrey Young,dataset\adjusted_dataset\Medical\0000451.jpg,"[[[84, 223], [280, 223], [280, 313], [84, 313]]]","[""schena therapy""]"
T A Today,Ian Stewart,dataset\adjusted_dataset\Medical\0000452.jpg,[],[]
Oxford Handbook of General Practice,Chantal Simon,dataset\adjusted_dataset\Medical\0000453.jpg,"[[[26, 96], [457, 96], [457, 186], [26, 186]]]","[""clcnd kldjoo dn general practice""]"
The Fragrant Mind,Valerie Ann Worwood,dataset\adjusted_dataset\Medical\0000454.jpg,"[[[62, 60], [430, 60], [430, 145], [62, 145]]]","[""fraagrant mind""]"
The Body Remembers Casebook,Babette Rothschild,dataset\adjusted_dataset\Medical\0000455.jpg,[],[]
The Primal Wound: Understanding the Adopted Child,Nancy Verrier,dataset\adjusted_dataset\Medical\0000456.jpg,"[[[60, 34], [458, 34], [458, 210], [60, 210]]]","[""primal wound itri atci""]"
The Low-FODMAP Recipe Book,Lucy Whigham,dataset\adjusted_dataset\Medical\0000457.jpg,"[[[35, 224], [387, 224], [387, 477], [35, 477]]]","[""the low fodmap recipe book runyo tmdkt int cachk tplet bingr gut olcatin in lik""]"
Getting Unstuck in ACT,Russ Harris,dataset\adjusted_dataset\Medical\0000458.jpg,"[[[85, 74], [439, 74], [439, 303], [85, 303]]]","[""getting unstuckin act""]"
Eat Right for Blood Type O,Dr. Peter J. D'Adamo,dataset\adjusted_dataset\Medical\0000459.jpg,"[[[0, 56], [512, 56], [512, 268], [0, 268]]]","[""eat right f4f blood type 0""]"
The Amazing Liver and Gallbladder Flush,Andreas Moritz,dataset\adjusted_dataset\Medical\0000460.jpg,"[[[16, 13], [374, 13], [374, 108], [16, 108]]]","[""the amezing liver and gallbladder fflah""]"
Last'S Anatomy Revised 9e,McMinn,dataset\adjusted_dataset\Medical\0000461.jpg,"[[[48, 0], [456, 0], [456, 149], [48, 149]]]","[""lasts anatomy regionalandapplied""]"
A Colorful Introduction to the Anatomy of the Human Brain,John P. J. Pinel,dataset\adjusted_dataset\Medical\0000462.jpg,"[[[46, 14], [458, 14], [458, 111], [46, 111]]]","[""eolorfukinroaretuto; anaromy hunan brain""]"
Fat for Fuel Ketogenic Cookbook,Joseph Mercola,dataset\adjusted_dataset\Medical\0000463.jpg,"[[[65, 95], [211, 95], [211, 227], [65, 227]]]","[""fat fuel curknk""]"
Psychopath Free,Jackson Mackenzie,dataset\adjusted_dataset\Medical\0000464.jpg,[],[]
Handbook of Hypnotic Suggestions and Metaphors,D. Corydon Hammond,dataset\adjusted_dataset\Medical\0000465.jpg,"[[[112, 43], [465, 43], [465, 291], [112, 291]]]","[""tindiook cf hvnatic dseesens jd metaphhor""]"
Ross & Wilson Anatomy and Physiology in Health and Illness,Grant,dataset\adjusted_dataset\Medical\0000466.jpg,"[[[23, 302], [328, 302], [328, 432], [23, 432]]]","[""ross & wilson anatomianc physiclegy""]"
The Mind-Gut Connection,Emeran Mayer,dataset\adjusted_dataset\Medical\0000467.jpg,"[[[29, 10], [486, 10], [486, 123], [29, 123]]]","[""mind-gut connection""]"
Attachment in Psychotherapy,David J. Wallin,dataset\adjusted_dataset\Medical\0000468.jpg,"[[[8, 225], [500, 225], [500, 281], [8, 281]]]","[""alachment in psychotherapy""]"
The Maudsley Prescribing Guidelines in Psychiatry,David Taylor,dataset\adjusted_dataset\Medical\0000469.jpg,"[[[65, 26], [441, 26], [441, 287], [65, 287]]]","[""the maudsley prescribing guidelines in psychiatry ih eittiitn""]"
On the Move,Oliver Sacks,dataset\adjusted_dataset\Medical\0000470.jpg,"[[[38, 62], [470, 62], [470, 251], [38, 251]]]","[""sacks tn thee mttl itc""]"
The Handbook of Adult Clinical Psychology,Alan Carr,dataset\adjusted_dataset\Medical\0000471.jpg,"[[[219, 149], [487, 149], [487, 251], [219, 251]]]","[""tuhucbonr oi adult clinical psychology""]"
The Beauty Detox Foods,Kimberly Snyder,dataset\adjusted_dataset\Medical\0000472.jpg,"[[[144, 86], [378, 86], [378, 246], [144, 246]]]","[""beauty detox foods""]"
The Body Book,Cameron Diaz,dataset\adjusted_dataset\Medical\0000473.jpg,"[[[38, 220], [504, 220], [504, 337], [38, 337]]]","[""body book emeiux peiz""]"
The Yoga of Herbs,David Frawley,dataset\adjusted_dataset\Medical\0000474.jpg,"[[[108, 55], [409, 55], [409, 179], [108, 179]]]","[""txogaf herbs""]"
My Child Won't Eat,Carlos González,dataset\adjusted_dataset\Medical\0000475.jpg,"[[[32, 24], [495, 24], [495, 167], [32, 167]]]","[""my child wont eatl""]"
Cognitive Behavior Therapy and Eating Disorders,Christopher G. Fairburn,dataset\adjusted_dataset\Medical\0000476.jpg,"[[[121, 176], [450, 176], [450, 423], [121, 423]]]","[""cognitive behavior therapy and eating disorders""]"
The Hot Zone,Richard Preston,dataset\adjusted_dataset\Medical\0000477.jpg,[],[]
Attachment Play,Aletha Jauch Solter,dataset\adjusted_dataset\Medical\0000478.jpg,"[[[21, 354], [486, 354], [486, 436], [21, 436]]]","[""attachment play hor twbrtildems tiur problm: #id pi uuu r""]"
If You Meet Buddha-Kill Him,Sheldon Kopp,dataset\adjusted_dataset\Medical\0000479.jpg,"[[[31, 97], [512, 97], [512, 424], [31, 424]]]","[""if you meet the buddha on the road, kill himi the fllsrmage ci phnheepy fatenis""]"
Deep Nutrition,Catherine Shanahan,dataset\adjusted_dataset\Medical\0000480.jpg,"[[[162, 106], [358, 106], [358, 156], [162, 156]]]","[""deep""]"
Person-Centred Counselling in Action,Brian Thorne,dataset\adjusted_dataset\Medical\0000481.jpg,"[[[59, 54], [441, 54], [441, 104], [59, 104]]]","[""ceuinseling in aatlen""]"
Why We Sleep,Matthew Walker,dataset\adjusted_dataset\Medical\0000482.jpg,[],[]
How to Play the Piano,James Rhodes,dataset\adjusted_dataset\Medical\0000483.jpg,"[[[60, 92], [451, 92], [451, 170], [60, 170]]]","[""how to play the piano""]"
Essential Medical Statistics,Betty R. Kirkwood,dataset\adjusted_dataset\Medical\0000484.jpg,"[[[101, 70], [413, 70], [413, 143], [101, 143]]]","[""medical statistics""]"
Essential Oil Safety,Robert Tisserand,dataset\adjusted_dataset\Medical\0000485.jpg,"[[[94, 69], [414, 69], [414, 180], [94, 180]]]","[""essential oil safety""]"
Coping with Trauma-Related Dissociation,Suzette Boon,dataset\adjusted_dataset\Medical\0000486.jpg,"[[[73, 27], [476, 27], [476, 220], [73, 220]]]","[""coping with trauma-related dissociation skells training for paticnts ond therapista""]"
After the Affair,Janis Abrahms Spring,dataset\adjusted_dataset\Medical\0000487.jpg,[],[]
Clinically Oriented Anatomy,Keith L. Moore,dataset\adjusted_dataset\Medical\0000488.jpg,"[[[54, 73], [459, 73], [459, 303], [54, 303]]]","[""ioor cliienlted keatoumx""]"
How to Beat Worry and Generalised Anxiety Disorder One Step at a Time,Paul Farrand,dataset\adjusted_dataset\Medical\0000489.jpg,"[[[110, 20], [512, 20], [512, 475], [110, 475]]]","[""howv (0 beaf worry and generalised anxiety disorder on stet ututine us\""r 4 jen? has d iuw-jwtcnsic; ( rt aerheili\""inwonh m|u""]"
Medical School Interviews: a Practical Guide to Help You Get That Place at Medical School - Over 150 Questions Analysed. Includes Mini-multi Interviews,George Lee,dataset\adjusted_dataset\Medical\0000490.jpg,[],[]
The School of Life,The School of Life,dataset\adjusted_dataset\Medical\0000491.jpg,"[[[203, 203], [405, 203], [405, 299], [203, 299]]]","[""school df life hbieadl iocowe \""""]"
Comic Strip Conversations,Carol Gray,dataset\adjusted_dataset\Medical\0000492.jpg,"[[[51, 21], [497, 21], [497, 121], [51, 121]]]","[""ohir conversations""]"
The Touch Of Healing,Alice Burmeister,dataset\adjusted_dataset\Medical\0000493.jpg,"[[[8, 138], [506, 138], [506, 210], [8, 210]]]","[""of healing""]"
Do Not Open This Box: Keri Smith Deluxe Boxed Set,Keri Smith,dataset\adjusted_dataset\Medical\0000494.jpg,[],[]
Examination Medicine,Talley,dataset\adjusted_dataset\Medical\0000495.jpg,"[[[30, 169], [337, 169], [337, 243], [30, 243]]]","[""exominotion medicine""]"
The Thyroid Connection,Amy Myers,dataset\adjusted_dataset\Medical\0000496.jpg,"[[[51, 42], [474, 42], [474, 261], [51, 261]]]","[""the thyroid connection rut igueo0l mato @rein-faleiea -0d ooewcor jnd w0510 tn xed""]"
Textbook of Ayurveda,Vasant Lad,dataset\adjusted_dataset\Medical\0000497.jpg,[],[]
Slow Death by Rubber Duck,Rick Smith,dataset\adjusted_dataset\Medical\0000498.jpg,"[[[20, 48], [491, 48], [491, 137], [20, 137]]]","[""slow death ry rurbea ducr""]"
The No-Cry Nap Solution: Guaranteed Gentle Ways to Solve All Your Naptime Problems,Elizabeth Pantley,dataset\adjusted_dataset\Medical\0000499.jpg,[],[]
Reiki And The Seven Chakras,Richard Ellis,dataset\adjusted_dataset\Medical\0000500.jpg,"[[[19, 353], [417, 353], [417, 506], [19, 506]]]","[""reiki atid tle scven chakras yur essbiwa gutde""]"
CBT Toolbox for Children and Adolescents,Lisa Phifer,dataset\adjusted_dataset\Medical\0000501.jpg,"[[[140, 38], [376, 38], [376, 216], [140, 216]]]","[""cbt toolbox for children & adolescents""]"
Delavier's Stretching Anatomy,Frederic Delavier,dataset\adjusted_dataset\Medical\0000502.jpg,"[[[290, 414], [502, 414], [502, 473], [290, 473]]]","[""rederlc deljve #eclmincc7 clnianl""]"
Dynamic Alignment Through Imagery,Eric Franklin,dataset\adjusted_dataset\Medical\0000503.jpg,"[[[110, 25], [485, 25], [485, 303], [110, 303]]]","[""dynamc alignment through #agery 64\""mto] emntrjojd fdtnnedsa""]"
Anxiety and Panic,Harry Barry,dataset\adjusted_dataset\Medical\0000504.jpg,[],[]
Jarvis'S Physical Examination and Health Assessment Anz 2e,Forbes,dataset\adjusted_dataset\Medical\0000505.jpg,"[[[28, 75], [474, 75], [474, 171], [28, 171]]]","[""physicalexamination  health assessment 20""]"
The Nervous System Anatomical Chart,Anatomical Chart Company,dataset\adjusted_dataset\Medical\0000506.jpg,"[[[78, 7], [441, 7], [441, 32], [78, 32]]]","[""tie rervovs arbtem""]"
Bowls of Goodness: Vibrant Vegetarian Recipes Full of Nourishment,Nina Olsson,dataset\adjusted_dataset\Medical\0000507.jpg,"[[[79, 17], [438, 17], [438, 107], [79, 107]]]","[""bowls of goodness""]"
Principles of Physiology for the Anaesthetist,Peter Kam,dataset\adjusted_dataset\Medical\0000508.jpg,"[[[77, 17], [440, 17], [440, 178], [77, 178]]]","[""principles of physiology for the anaesthetist thipd tmtti?n""]"
"Eat Rich, Live Long",Ivor Cummins,dataset\adjusted_dataset\Medical\0000509.jpg,[],[]
Healing the Child Within,Charles L. Whitfield,dataset\adjusted_dataset\Medical\0000510.jpg,"[[[114, 55], [460, 55], [460, 266], [114, 266]]]","[""healing ni chil within""]"
Wreck This Journal (Duct Tape),Keri Smith,dataset\adjusted_dataset\Medical\0000511.jpg,"[[[132, 128], [371, 128], [371, 283], [132, 283]]]","[""wreck this journal""]"
The Complete Homeopathy Handbook,Miranda Castro,dataset\adjusted_dataset\Medical\0000512.jpg,"[[[103, 61], [409, 61], [409, 287], [103, 287]]]","[""tie complete hcmmkothy handbock wetc tnek #nbdn ran llaan l aujejntt iutn tnai""]"
The Food Medic for Life,Dr Hazel Wallace,dataset\adjusted_dataset\Medical\0000513.jpg,"[[[217, 97], [501, 97], [501, 247], [217, 247]]]","[""food medic for life""]"
Starving the Anger Gremlin for Children Aged 5-9,Kate Collins-Donnelly,dataset\adjusted_dataset\Medical\0000514.jpg,"[[[15, 23], [478, 23], [478, 247], [15, 247]]]","[""starving fhe erton #45 anger; 3n \"" gremlin pxoisx""]"
Social Skills Training,Ph D Jed E Baker,dataset\adjusted_dataset\Medical\0000515.jpg,"[[[37, 11], [418, 11], [418, 212], [37, 212]]]","[""social skills training""]"
Why We Sleep,Matthew Walker,dataset\adjusted_dataset\Medical\0000516.jpg,[],[]
The Pleasure Trap,Douglas J Lisle,dataset\adjusted_dataset\Medical\0000517.jpg,"[[[26, 14], [449, 14], [449, 188], [26, 188]]]","[""hc pleasure trad""]"
Compassion Focused Therapy,Prof Paul Gilbert,dataset\adjusted_dataset\Medical\0000518.jpg,"[[[84, 211], [396, 211], [396, 352], [84, 352]]]","[""eumpasslon focusad therpy""]"
"Mindfulness-Based Cognitive Therapy for Depression, Second Edition",Zindel V. Segal,dataset\adjusted_dataset\Medical\0000519.jpg,"[[[30, 242], [473, 242], [473, 496], [30, 496]]]","[""mindfulness-based cognicive therapy for deptession zindel u seval mark g. wiama jjohn 0 tcasuulc""]"
Illustrated Textbook of Paediatrics,Tom Lissauer,dataset\adjusted_dataset\Medical\0000520.jpg,"[[[72, 146], [496, 146], [496, 260], [72, 260]]]","[""ilustrated textbopk of paediatrics""]"
Radiant - Eat Your Way to Healthy Skin,Hanna Sillitoe,dataset\adjusted_dataset\Medical\0000521.jpg,[],[]
Migraine,Oliver Sacks,dataset\adjusted_dataset\Medical\0000522.jpg,"[[[12, 288], [506, 288], [506, 396], [12, 396]]]","[""oliven sacle migraine""]"
Three Birds Renovations,Bonnie Hindmarsh,dataset\adjusted_dataset\Medical\0000523.jpg,"[[[60, 18], [483, 18], [483, 132], [60, 132]]]","[""hvrebids r e hovation;""]"
Oxford Handbook of Clinical Medicine and Oxford Assess and Progress: Clinical Medicine Pack,Murray Longmore,dataset\adjusted_dataset\Medical\0000524.jpg,"[[[12, 83], [470, 83], [470, 220], [12, 220]]]","[""gxrecd axndezck cf clinical medicine oxrdaaxan; clinical mmedicine""]"
The Iodine Crisis,Lynne Farrow,dataset\adjusted_dataset\Medical\0000525.jpg,"[[[44, 33], [477, 33], [477, 155], [44, 155]]]","[""the todine crisis""]"
Coconut Cures,Bruce Fife,dataset\adjusted_dataset\Medical\0000526.jpg,[],[]
Taking Charge of Adult ADHD,Russell A. Barkley,dataset\adjusted_dataset\Medical\0000527.jpg,"[[[42, 33], [476, 33], [476, 403], [42, 403]]]","[""taking charge ofadult adhd @rtckcopct #hueytuuem jneded bi asi jeacl? jo ] alie hnt tu fro1] w4htl vext""]"
The Body Electric,Robert O. Becker,dataset\adjusted_dataset\Medical\0000528.jpg,"[[[15, 169], [494, 169], [494, 404], [15, 404]]]","[""body electric""]"
Messages From The Masters,Brian Weiss,dataset\adjusted_dataset\Medical\0000529.jpg,"[[[29, 63], [485, 63], [485, 143], [29, 143]]]","[""messages from the masters""]"
The Unofficial Guide to Passing OSCEs,Zeshan Qureshi,dataset\adjusted_dataset\Medical\0000530.jpg,[],[]
The Wahls Protocol,Terry Wahls,dataset\adjusted_dataset\Medical\0000531.jpg,"[[[64, 420], [448, 420], [448, 491], [64, 491]]]","[""dr terry wahls 347 4d er unti=""]"
Working Stiff,Judy Melinek,dataset\adjusted_dataset\Medical\0000532.jpg,[],[]
The Fast Metabolism Diet,Haylie Pomroy,dataset\adjusted_dataset\Medical\0000533.jpg,"[[[20, 4], [496, 4], [496, 501], [20, 501]]]","[""lose up to 20 lbs in 28 days the fast metabolism diet eltcr haylie pomroy""]"
Mindfulness for Life,Stephen McKenzie,dataset\adjusted_dataset\Medical\0000534.jpg,"[[[50, 56], [463, 56], [463, 202], [50, 202]]]","[""mindfulness for life txin 453 pendnnaer yollicon @n imomdtour lrr""]"
Medical Herbalism,David Hoffmann,dataset\adjusted_dataset\Medical\0000535.jpg,"[[[17, 0], [493, 0], [493, 212], [17, 212]]]","[""medical herbalism the sceence and practice cf herbal medcne""]"
Molecules of Emotion The Science Behind Mind Body Medicine,Candace Pert,dataset\adjusted_dataset\Medical\0000536.jpg,"[[[21, 133], [496, 133], [496, 401], [21, 401]]]","[""molecules emation tae agierce eatn d mtnd ddot t edtgtn e""]"
Concise Medical Dictionary,Elizabeth Martin,dataset\adjusted_dataset\Medical\0000537.jpg,"[[[95, 201], [418, 201], [418, 354], [95, 354]]]","[""concise medical dicttona ry""]"
Pocket Guide to Interpersonal Neurobiology,Daniel J. Siegel,dataset\adjusted_dataset\Medical\0000538.jpg,"[[[27, 87], [481, 87], [481, 173], [27, 173]]]","[""interpersonal neurobiology""]"
Helping Your Child with Extreme Picky Eating,Katja Rowell MD,dataset\adjusted_dataset\Medical\0000539.jpg,"[[[11, 179], [503, 179], [503, 501], [11, 501]]]","[""helping your child with extreme picky earing stn buinfi !anlt hr4 irnruninunrfan lallnttfinnl kuetalmn _ td eutt dicuncu ttix konlmj jenrtmtemtn r ihhemtar mdt""]"
Life Lessons from a Brain Surgeon,Rahul Jandial,dataset\adjusted_dataset\Medical\0000540.jpg,"[[[79, 183], [429, 183], [429, 323], [79, 323]]]","[""life lessons from a brain surgeon""]"
Your Inner Fish,Neil Shubin,dataset\adjusted_dataset\Medical\0000541.jpg,"[[[39, 79], [489, 79], [489, 241], [39, 241]]]","[""shubin tjur inner fish""]"
Learning Emotion-Focused Therapy,Robert Elliott,dataset\adjusted_dataset\Medical\0000542.jpg,"[[[23, 13], [475, 13], [475, 75], [23, 75]]]","[""learning""]"
The Immune System Recovery Plan,Dr Susan Blum,dataset\adjusted_dataset\Medical\0000543.jpg,"[[[27, 247], [485, 247], [485, 289], [27, 289]]]","[""recovery plan""]"
The Concise Human Body Book,DK,dataset\adjusted_dataset\Medical\0000544.jpg,"[[[35, 341], [491, 341], [491, 493], [35, 493]]]","[""human body book goyu""]"
Fresh Vegetable and Fruit Juices,Norman W. Walker,dataset\adjusted_dataset\Medical\0000545.jpg,[],[]
Ghost Boy,Martin Pistorius,dataset\adjusted_dataset\Medical\0000546.jpg,[],[]
Neurology Pocketcard Set,Sebastian Stuckrad-Barre,dataset\adjusted_dataset\Medical\0000547.jpg,,
"Bountiful, Beautiful, Blissful",Gurmukh Kaur Khalsa,dataset\adjusted_dataset\Medical\0000548.jpg,"[[[39, 0], [485, 0], [485, 111], [39, 111]]]","[""b o u ntt[ful bea4t[fh l blisseul""]"
Counselling Adolescents,Kathryn Geldard,dataset\adjusted_dataset\Medical\0000549.jpg,"[[[23, 80], [472, 80], [472, 169], [23, 169]]]","[""counselling adolesrents the atejitie tnaorch ltapk""]"
The Vital Psoas Muscle,Jo Ann Staugaard-Jones,dataset\adjusted_dataset\Medical\0000550.jpg,"[[[259, 123], [488, 123], [488, 368], [259, 368]]]","[""the vital psoas muscle connreo- flaics bnulz4i, and fnmbri het-bellg""]"
"First Aid for the USMLE Step 2 CK, Ninth Edition",Tao Le,dataset\adjusted_dataset\Medical\0000551.jpg,"[[[12, 5], [503, 5], [503, 393], [12, 393]]]","[""first aid fre usmle step 2 ck clinical knowledge inn edit etudent-[v- snood mmd eatli \"" nat i blea""]"
DBT Made Simple,Sheri Van Dijk,dataset\adjusted_dataset\Medical\0000552.jpg,"[[[80, 140], [437, 140], [437, 302], [80, 302]]]","[""dbt made simple""]"
LEGO (R)-Based Therapy,Daniel B. LeGoff,dataset\adjusted_dataset\Medical\0000553.jpg,[],[]
Think Like a Pancreas,Gary Scheiner,dataset\adjusted_dataset\Medical\0000554.jpg,"[[[12, 455], [497, 455], [497, 506], [12, 506]]]","[""gary scheiner aei, cde""]"
Why Do I Still Have Thyroid Symptoms? When My Lab Tests Are Normal,Datis Kharrazian,dataset\adjusted_dataset\Medical\0000555.jpg,"[[[18, 39], [495, 39], [495, 346], [18, 346]]]","[""way do [ siill have tayroid symptoms? iyhen eeln lrtestsx ncrmal""]"
Attachment-Focused Parenting,Daniel A. Hughes,dataset\adjusted_dataset\Medical\0000556.jpg,"[[[177, 57], [485, 57], [485, 175], [177, 175]]]","[""ttachmert dcused pa rentin g""]"
Oxford Handbook of Clinical Surgery,Greg McLatchie,dataset\adjusted_dataset\Medical\0000557.jpg,"[[[38, 98], [458, 98], [458, 186], [38, 186]]]","[""dedr] andeccr df clinical surgert""]"
Attachment in Psychotherapy,David J. Wallin,dataset\adjusted_dataset\Medical\0000558.jpg,"[[[6, 226], [504, 226], [504, 278], [6, 278]]]","[""atfachnent in psycholherapy""]"
The Schema Therapy Clinician's Guide,Joan M. Farrell,dataset\adjusted_dataset\Medical\0000559.jpg,"[[[24, 21], [490, 21], [490, 91], [24, 91]]]","[""the schema therapy clinican5 guide""]"
Talking Back to OCD,John S. March,dataset\adjusted_dataset\Medical\0000560.jpg,[],[]
The Wahls Protocol,Terry Wahls,dataset\adjusted_dataset\Medical\0000561.jpg,"[[[29, 439], [489, 439], [489, 479], [29, 479]]]","[""terrt wahls  vld""]"
The Brain's Way of Healing,Norman Doidge,dataset\adjusted_dataset\Medical\0000562.jpg,"[[[63, 342], [455, 342], [455, 482], [63, 482]]]","[""tk brain\""$ way healing""]"
The Autoimmune Paleo Cookbook,Mickey Trescott,dataset\adjusted_dataset\Medical\0000563.jpg,"[[[60, 27], [469, 27], [469, 143], [60, 143]]]","[""the autoimmune paleo cookbook nicce! tklzui 4tp futy""]"
Admissions,Henry Marsh,dataset\adjusted_dataset\Medical\0000564.jpg,"[[[33, 217], [479, 217], [479, 261], [33, 261]]]","[""admissicns""]"
"Healthy Sleep Habits, Happy Child",Marc Weissbluth,dataset\adjusted_dataset\Medical\0000565.jpg,"[[[17, 220], [488, 220], [488, 499], [17, 499]]]","[""healthy sleep habits happy child ster-by-sep pcgcmto jdt 0gcodnijnts%26p dr mijc wncisshlu""]"
The Pocket Guide to the DSM-5 (R) Diagnostic Exam,Abraham M. Nussbaum,dataset\adjusted_dataset\Medical\0000566.jpg,"[[[71, 89], [443, 89], [443, 282], [71, 282]]]","[""pocket guidz hche dsn-5 diagnostic exam""]"
The Drama Of Being A Child,Alice Miller,dataset\adjusted_dataset\Medical\0000567.jpg,"[[[0, 276], [512, 276], [512, 499], [0, 499]]]","[""alice miller the drana ol being # child""]"
Anatomy and Physiology For Dummies,Erin Odya,dataset\adjusted_dataset\Medical\0000568.jpg,"[[[75, 85], [483, 85], [483, 241], [75, 241]]]","[""anatomy & physiology dummies""]"
Publication Manual of the American Psychological Association,American Psychological Association,dataset\adjusted_dataset\Medical\0000569.jpg,[],[]
The Wicked Good Ketogenic Diet Cookbook,Amanda C Hughes,dataset\adjusted_dataset\Medical\0000570.jpg,"[[[5, 70], [477, 70], [477, 249], [5, 249]]]","[""ab wicked goqd ketogenic djiel cookbook""]"
Oxford Handbook of Clinical Specialties,Andrew Baldwin,dataset\adjusted_dataset\Medical\0000571.jpg,"[[[34, 87], [464, 87], [464, 176], [34, 176]]]","[""dnfoxdhandadok df clinical specialties""]"
The Conversation Train,Joel Shaul,dataset\adjusted_dataset\Medical\0000572.jpg,"[[[7, 203], [502, 203], [502, 495], [7, 495]]]","[""conversation hmli tpain:""]"
The Autistic Brain,Temple Grandin,dataset\adjusted_dataset\Medical\0000573.jpg,"[[[20, 232], [496, 232], [496, 284], [20, 284]]]","[""au tistic""]"
Cognitive-Behavioral Treatment of Borderline Personality Disorder,Marsha M. Linehan,dataset\adjusted_dataset\Medical\0000574.jpg,"[[[57, 71], [432, 71], [432, 321], [57, 321]]]","[""cognitive_ behavioral treatment of borderline personality disorder""]"
The Dukan Diet,Dr Pierre Dukan,dataset\adjusted_dataset\Medical\0000575.jpg,"[[[29, 427], [480, 427], [480, 493], [29, 493]]]","[""dr: fierre djukan emallv!""]"
Kumar and Clark's Clinical Medicine,Parveen Kumar CBE BSC MD DM (Hc) Frcp Frcp(edin),dataset\adjusted_dataset\Medical\0000576.jpg,[],[]
Wild Power,Sjanie Hugo Wurlitzer,dataset\adjusted_dataset\Medical\0000577.jpg,[],[]
MURTAGH'S GENERAL PRACTICE 7E,J. Murtagh,dataset\adjusted_dataset\Medical\0000578.jpg,"[[[89, 399], [491, 399], [491, 495], [89, 495]]]","[""mupgts eralpractce""]"
Tiny But Mighty,Hannah Shaw,dataset\adjusted_dataset\Medical\0000579.jpg,[],[]
Essentials of WAIS-IV Assessment,Elizabeth O. Lichtenberger,dataset\adjusted_dataset\Medical\0000580.jpg,"[[[39, 91], [467, 91], [467, 285], [39, 285]]]","[""essentials c wais-iv assessment sctn\"" editic' eir""]"
Blood Chemistry and CBC Analysis,Dicken Weatherby,dataset\adjusted_dataset\Medical\0000581.jpg,"[[[41, 59], [471, 59], [471, 162], [41, 162]]]","[""blood chemistry and cbc analysis""]"
"Kids in the Syndrome Mix of ADHD, LD, Autism Spectrum, Tourette's, Anxiety, and More!",Martin L. Kutscher,dataset\adjusted_dataset\Medical\0000582.jpg,"[[[126, 100], [380, 100], [380, 323], [126, 323]]]","[""snersw he pe adhd ld ausma spectpum tourette's anxiety and mmorei""]"
The Horse Anatomy Workbook,Maggie Raynor,dataset\adjusted_dataset\Medical\0000583.jpg,"[[[0, 0], [382, 0], [382, 138], [0, 138]]]","[""i6 hcky anaiomi workrook me enei""]"
The Wisdom of Psychopaths,Kevin Dutton,dataset\adjusted_dataset\Medical\0000584.jpg,"[[[11, 21], [506, 21], [506, 158], [11, 158]]]","[""the wisdom of psychopaths""]"
The Modern Herbal Dispensatory,Thomas Easley,dataset\adjusted_dataset\Medical\0000585.jpg,"[[[0, 0], [510, 0], [510, 263], [0, 263]]]","[""7 } modern herbal dispensatory ldeeelicgli0h""]"
Plants of the Gods,Richard Evans Schultes,dataset\adjusted_dataset\Medical\0000586.jpg,[],[]
Proof of Heaven,Eben Alexander,dataset\adjusted_dataset\Medical\0000587.jpg,[],[]
Herbal Antivirals,Stephen Harrod Buhner,dataset\adjusted_dataset\Medical\0000588.jpg,[],[]
Neurokinetic Therapy,David Weinstock,dataset\adjusted_dataset\Medical\0000589.jpg,"[[[86, 68], [436, 68], [436, 328], [86, 328]]]","[""neurokinetic therapy aatrondtve appnirri %i manus ausclc testrg""]"
The Structure of Magic: A Book About Language and Therapy v. 1,John Grinder,dataset\adjusted_dataset\Medical\0000590.jpg,[],[]
Clinical Medicine for the MRCP PACES,Gautam Mehta,dataset\adjusted_dataset\Medical\0000591.jpg,"[[[26, 94], [488, 94], [488, 186], [26, 186]]]","[""clinical nedicine for the mrcp paces volurde t:core clirincot gkill""]"
The Origin of Consciousness in the Breakdown of the Bicameral Mind,Julian Jaynes,dataset\adjusted_dataset\Medical\0000592.jpg,"[[[0, 155], [512, 155], [512, 336], [0, 336]]]","[""taf o4c 01 consciolsress ln the brea dovxoi tthe rmc ameramind""]"
The Art of Gathering,Priya Parker,dataset\adjusted_dataset\Medical\0000593.jpg,"[[[49, 95], [467, 95], [467, 339], [49, 339]]]","[""tae art 0f gataering hot wo nru &\""d why \"" manare""]"
Eat Right for Blood Type A,Dr. Peter J. D'Adamo,dataset\adjusted_dataset\Medical\0000594.jpg,"[[[0, 55], [512, 55], [512, 269], [0, 269]]]","[""eat right f4r blood ttpe a""]"
Motor Speech Disorders,Joseph R. Duffy,dataset\adjusted_dataset\Medical\0000595.jpg,"[[[38, 47], [472, 47], [472, 160], [38, 160]]]","[""motor speech disorders""]"
Counselling Children,Kathryn Geldard,dataset\adjusted_dataset\Medical\0000596.jpg,"[[[25, 69], [488, 69], [488, 134], [25, 134]]]","[""counselling children \""u""]"
How Not to Die,Michael Greger,dataset\adjusted_dataset\Medical\0000597.jpg,[],[]
The Second Brain,Michael Gershon,dataset\adjusted_dataset\Medical\0000598.jpg,[],[]
Early Start Denver Model for Young Children with Autism,Sally J. Rogers,dataset\adjusted_dataset\Medical\0000599.jpg,"[[[29, 161], [491, 161], [491, 500], [29, 500]]]","[""enr|ystart denver model for young children with autism proinobno languadl leamnranlenderenart sabhj' j. rojers and earaldine dawvson""]"
The River of Consciousness,Oliver Sacks,dataset\adjusted_dataset\Medical\0000600.jpg,"[[[27, 335], [485, 335], [485, 371], [27, 371]]]","[""conscousness""]"
Socially Speaking,Alison Schroeder,dataset\adjusted_dataset\Medical\0000601.jpg,"[[[128, 28], [377, 28], [377, 150], [128, 150]]]","[""sotially spenking""]"
What Your Doctor Doesn't Know about Nutritional Medicine May Be Killing You,Ray D Strand,dataset\adjusted_dataset\Medical\0000602.jpg,"[[[18, 82], [496, 82], [496, 242], [18, 242]]]","[""what your doctor doesn t know abqvt nutritional ~edicine may be killing yov""]"
An Introduction to Counselling,John McLeod,dataset\adjusted_dataset\Medical\0000603.jpg,"[[[22, 76], [493, 76], [493, 177], [22, 177]]]","[""counselling""]"
Move Your DNA,Katy Bowman,dataset\adjusted_dataset\Medical\0000604.jpg,[],[]
Oxford Guide to Behavioural Experiments in Cognitive Therapy,Khadj Rouf,dataset\adjusted_dataset\Medical\0000605.jpg,"[[[117, 181], [499, 181], [499, 339], [117, 339]]]","[""dxtord guide to brarixurl epinments i dinnetilis= tharm""]"
Miracles Happen,M D Brian L Weiss,dataset\adjusted_dataset\Medical\0000606.jpg,[],[]
Help for the Helper,Babette Rothschild,dataset\adjusted_dataset\Medical\0000607.jpg,"[[[19, 203], [490, 203], [490, 388], [19, 388]]]","[""helfhelper""]"
Green Pharmacy,Barbara Griggs,dataset\adjusted_dataset\Medical\0000608.jpg,"[[[50, 34], [478, 34], [478, 152], [50, 152]]]","[""g r e e n pharmacy""]"
The Making of a Therapist,Louis Cozolino,dataset\adjusted_dataset\Medical\0000609.jpg,"[[[18, 198], [487, 198], [487, 277], [18, 277]]]","[""tte makng ot 7 taera fist""]"
The Art of Being,Erich Fromm,dataset\adjusted_dataset\Medical\0000610.jpg,"[[[33, 5], [491, 5], [491, 107], [33, 107]]]","[""erich fromm thearton wlinc""]"
Through Time Into Healing,Brian Weiss,dataset\adjusted_dataset\Medical\0000611.jpg,"[[[43, 0], [463, 0], [463, 144], [43, 144]]]","[""throughtime into healing pstef emarlen52r2 pun na but 4u iu""]"
A Short History Of Disease,Sean Martin,dataset\adjusted_dataset\Medical\0000612.jpg,"[[[75, 0], [431, 0], [431, 26], [75, 26]]]","[""4 shorr histotr ot""]"
Pharmacology for Health Professionals,Bronwen Bryant,dataset\adjusted_dataset\Medical\0000613.jpg,"[[[107, 157], [407, 157], [407, 209], [107, 209]]]","[""pharmacology tcamealtnpkoteaatl?""]"
The Pocket Scavenger,Keri Smith,dataset\adjusted_dataset\Medical\0000614.jpg,"[[[49, 85], [444, 85], [444, 217], [49, 217]]]","[""apocket scavenger""]"
Ligaments of the Joints Anatomical Chart,Anatomical Chart Company,dataset\adjusted_dataset\Medical\0000615.jpg,"[[[35, 0], [481, 0], [481, 19], [35, 19]]]","[""liecmrzte qjf thr jwintx""]"
The Weight Escape,Joseph Ciarrochi,dataset\adjusted_dataset\Medical\0000616.jpg,[],[]
The Divided Self,R. Laing,dataset\adjusted_dataset\Medical\0000617.jpg,"[[[18, 133], [487, 133], [487, 374], [18, 374]]]","[""r d aing the divded teit""]"
10 Principles for Doing Effective Couples Therapy,John M. Gottman,dataset\adjusted_dataset\Medical\0000618.jpg,"[[[1, 308], [512, 308], [512, 511], [1, 511]]]","[""pkincileztcn doing effectiye couplfs therapy julle scnxa-tz cc-man connmgoman taoiccer cedeen flad eoeen eeeee""]"
"Love, Medicine And Miracles",Bernie Siegel,dataset\adjusted_dataset\Medical\0000619.jpg,[],[]
The End of Your Life Book Club,Will Schwalbe,dataset\adjusted_dataset\Medical\0000620.jpg,"[[[86, 54], [430, 54], [430, 335], [86, 335]]]","[""the end of your tife book club loi lela""]"
The Big Fat Surprise,Nina Teicholz,dataset\adjusted_dataset\Medical\0000621.jpg,"[[[108, 288], [393, 288], [393, 487], [108, 487]]]","[""tae bic f2 t surprise lidun iaad anena afa dm nna-fichol""]"
Essential Epidemiology,Penny Margaret Webb,dataset\adjusted_dataset\Medical\0000622.jpg,"[[[149, 90], [474, 90], [474, 170], [149, 170]]]","[""essential epidemiology""]"
"Breastfeeding And Human Lactation, Enhanced Fifth Edition",Karen Wambach,dataset\adjusted_dataset\Medical\0000623.jpg,"[[[29, 37], [481, 37], [481, 123], [29, 123]]]","[""breasueeding < human laclation""]"
Stealing Fire,Steven Kotler,dataset\adjusted_dataset\Medical\0000624.jpg,"[[[55, 111], [453, 111], [453, 199], [55, 199]]]","[""steacing fire""]"
Teen Brain,David Gillespie,dataset\adjusted_dataset\Medical\0000625.jpg,[],[]
The Little Book of Resilience,Matthew Johnstone,dataset\adjusted_dataset\Medical\0000626.jpg,[],[]
The Yoga Anatomy Coloring Book,Kelly Solloway,dataset\adjusted_dataset\Medical\0000627.jpg,"[[[24, 17], [328, 17], [328, 193], [24, 193]]]","[""the yoga anatomy coloring book tia lde 03n lureanena""]"
Love Sense,Dr Sue Johnson,dataset\adjusted_dataset\Medical\0000628.jpg,[],[]
"Get Through Medical School: 1100 SBAs/BOFs and EMQs, 2nd edition",Seema Khan,dataset\adjusted_dataset\Medical\0000629.jpg,"[[[110, 77], [469, 77], [469, 245], [110, 245]]]","[""genthrough mcdichl scngol: 11n0 s0rudofsjnd emo? decd eeenanhan""]"
Counselling Skills for Working with Trauma,Christiane Sanderson,dataset\adjusted_dataset\Medical\0000630.jpg,"[[[60, 106], [462, 106], [462, 215], [60, 215]]]","[""cdunsellingskillstor working wita trauma""]"
Pocket Guide: Pharmacokinetics Made Easy,Donald J. Birkett,dataset\adjusted_dataset\Medical\0000631.jpg,[],[]
Letters to the Midwife,Jennifer Worth,dataset\adjusted_dataset\Medical\0000632.jpg,"[[[47, 312], [462, 312], [462, 511], [47, 511]]]","[""leters t the midwvife jeyniek trth nut\""""]"
How He Gets into Her Head,Don Hennessy,dataset\adjusted_dataset\Medical\0000633.jpg,"[[[32, 64], [478, 64], [478, 232], [32, 232]]]","[""hovvhe gets into her head m- fim \""?fal hineile %nbi don hfnras""]"
The Hybrid Diet,Patrick Holford,dataset\adjusted_dataset\Medical\0000634.jpg,[],[]
The Circle of Security Intervention,Bert Powell,dataset\adjusted_dataset\Medical\0000635.jpg,"[[[20, 78], [497, 78], [497, 303], [20, 303]]]","[""circle of security intervention enhuneka dtarnamngmn betin puntni ulu mabllnnetofr""]"
Rapid Interpretation of EKG's,Dale Dubin,dataset\adjusted_dataset\Medical\0000636.jpg,"[[[26, 59], [489, 59], [489, 103], [26, 103]]]","[""interpretatton""]"
The Speed Reading Book,Tony Buzan,dataset\adjusted_dataset\Medical\0000637.jpg,"[[[70, 25], [481, 25], [481, 274], [70, 274]]]","[""the dhd speed reading book rcad mor leur {ot2, achlevemara""]"
Living Sensationally,Winnie Dunn,dataset\adjusted_dataset\Medical\0000638.jpg,"[[[29, 45], [512, 45], [512, 315], [29, 315]]]","[""livina sensationally unceriandingyour senses""]"
Between Therapist and Client,Michael Khan,dataset\adjusted_dataset\Medical\0000639.jpg,"[[[16, 178], [504, 178], [504, 321], [16, 321]]]","[""between therapist and client tl newkaole i-ua""]"
Get into Medical School - 700 BMAT Practice Questions,Lydia Campbell,dataset\adjusted_dataset\Medical\0000640.jpg,"[[[28, 56], [490, 56], [490, 402], [28, 402]]]","[""medical school 700 bmat practice questions pul""]"
The New Codependency,Melody Beattie,dataset\adjusted_dataset\Medical\0000641.jpg,"[[[58, 207], [458, 207], [458, 282], [58, 282]]]","[""coclepenclency""]"
Aromatherapy for the Healthy Child,Valerie Ann Worwood,dataset\adjusted_dataset\Medical\0000642.jpg,"[[[19, 0], [492, 0], [492, 96], [19, 96]]]","[""acmuinstapy tj ve heclthy child""]"
Character Styles,Stephen M. Johnson,dataset\adjusted_dataset\Medical\0000643.jpg,"[[[38, 338], [472, 338], [472, 486], [38, 486]]]","[""character styles stffhfn m chnson""]"
The Merck Veterinary Manual,Susan E. Aiello,dataset\adjusted_dataset\Medical\0000644.jpg,"[[[189, 129], [412, 129], [412, 233], [189, 233]]]","[""merck veterinary manual a mnnon""]"
The Little Book of Energy Medicine,Donna Eden,dataset\adjusted_dataset\Medical\0000645.jpg,"[[[101, 45], [426, 45], [426, 228], [101, 228]]]","[""lit tle bock of enero medieine""]"
The Climb,Chris Froome,dataset\adjusted_dataset\Medical\0000646.jpg,"[[[71, 436], [446, 436], [446, 484], [71, 484]]]","[""the climb""]"
Desk Reference to the Diagnostic Criteria From DSM-5 (R),American Psychiatric Association,dataset\adjusted_dataset\Medical\0000647.jpg,"[[[62, 118], [452, 118], [452, 234], [62, 234]]]","[""diagnostic criteria faiha dsm-5""]"
ECG Pocketcard,Bbp,dataset\adjusted_dataset\Medical\0000648.jpg,,
Freeing Your Child from Anxiety,Tamar Chansky,dataset\adjusted_dataset\Medical\0000649.jpg,"[[[47, 62], [467, 62], [467, 177], [47, 177]]]","[""frfetvg ycjr cuild frc  anxety""]"
Trail Guide to the Body Workbook,Andrew Biel,dataset\adjusted_dataset\Medical\0000650.jpg,"[[[71, 7], [491, 7], [491, 156], [71, 156]]]","[""suuk wozhools1 eciticg trail guide to the body""]"
The Beck Diet Solution,Judith S. Beck,dataset\adjusted_dataset\Medical\0000651.jpg,"[[[35, 106], [469, 106], [469, 457], [35, 457]]]","[""the beck diet solulion inaun youn bralm t0 think kz annin poron jurnh @eck pld""]"
"Love, Bake, Nourish",Amber Rose,dataset\adjusted_dataset\Medical\0000652.jpg,"[[[85, 247], [403, 247], [403, 449], [85, 449]]]","[""l 0 ve ba ke n 0 u r | s h""]"
The Story of San Michele,Axel Munthe,dataset\adjusted_dataset\Medical\0000653.jpg,"[[[44, 56], [487, 56], [487, 141], [44, 141]]]","[""tbe stentol san michele ennnn""]"
CFT Made Simple,Russell Kolts,dataset\adjusted_dataset\Medical\0000654.jpg,"[[[81, 220], [438, 220], [438, 397], [81, 397]]]","[""cft made simple \""muelo""]"
The 5:2 Fast Diet Cookbook,Samantha Logan,dataset\adjusted_dataset\Medical\0000655.jpg,"[[[0, 0], [501, 0], [501, 295], [0, 295]]]","[""tae 5 : 2 fa st diet cookbook 4n 2457 fzbfil eco jco *arint nci pestfts 30ra""]"
Theory and Practice of Counseling and Psychotherapy,Gerald Corey,dataset\adjusted_dataset\Medical\0000656.jpg,"[[[35, 38], [304, 38], [304, 109], [35, 109]]]","[""thponyaxdpracticp opcounseling and pstchotherxpy""]"
War Doctor,David Nott,dataset\adjusted_dataset\Medical\0000657.jpg,"[[[42, 31], [344, 31], [344, 237], [42, 237]]]","[""imt nott war doctor 404a 2 ft""]"
Pharmacology for Midwives,Sue Jordan,dataset\adjusted_dataset\Medical\0000658.jpg,"[[[22, 113], [461, 113], [461, 204], [22, 204]]]","[""pharmacology for midwives u uildonco babe lor eulc praciiee seconu &iltino g0# /em""]"
The Metabolic Approach to Cancer,Nasha Winters,dataset\adjusted_dataset\Medical\0000659.jpg,"[[[49, 78], [476, 78], [476, 262], [49, 262]]]","[""metabolic approach to cancer fdeaeeea a""]"
How to End the Autism Epidemic,J.B. Handley,dataset\adjusted_dataset\Medical\0000660.jpg,"[[[47, 29], [470, 29], [470, 217], [47, 217]]]","[""howto end ioe autism epidemic""]"
The Strength Training Anatomy Workout: v. 2,Frederic Delavier,dataset\adjusted_dataset\Medical\0000661.jpg,"[[[0, 3], [507, 3], [507, 234], [0, 234]]]","[""the strength training warow i""]"
Passing the FRACP Written Examination,Jonathan Gleadle,dataset\adjusted_dataset\Medical\0000662.jpg,"[[[65, 166], [359, 166], [359, 298], [65, 298]]]","[""passing the faacpyvnnen exemination cetijny nd ntd""]"
"BRUKNER & KHAN'S CLINICAL SPORTS MEDICINE: INJURIES, VOL. 1",Brukner and Khan,dataset\adjusted_dataset\Medical\0000663.jpg,"[[[119, 372], [478, 372], [478, 488], [119, 488]]]","[""brukner khans clinical sports medicine vihebidy""]"
"Too Good to Leave, Too Bad to Stay",Mira Kirshenbaum,dataset\adjusted_dataset\Medical\0000664.jpg,"[[[15, 87], [495, 87], [495, 502], [15, 502]]]","[""too good to leave; tinfn-in4p fe too bad hdethn70 watmmare htif to stay m| 0 % w| ka *40 4 wm""]"
Life Story Therapy with Traumatized Children,Richard Rose,dataset\adjusted_dataset\Medical\0000665.jpg,"[[[0, 0], [512, 0], [512, 108], [0, 108]]]","[""lif story trerepy with traumaticed chuarz? a abd prarate""]"
The Pocket Atlas Of The Moving Body,Mel Cash,dataset\adjusted_dataset\Medical\0000666.jpg,"[[[280, 16], [512, 16], [512, 295], [280, 295]]]","[""pocket atlas of the moving body""]"
Trick or Treatment?,Dr. Simon Singh,dataset\adjusted_dataset\Medical\0000667.jpg,[],[]
Somebody I Used to Know,Wendy Mitchell,dataset\adjusted_dataset\Medical\0000668.jpg,"[[[138, 38], [479, 38], [479, 205], [138, 205]]]","[""wendv mitchel somebody 1 uacd lc kuo""]"
Drugs Without the Hot Air,David Nutt,dataset\adjusted_dataset\Medical\0000669.jpg,"[[[25, 190], [479, 190], [479, 337], [25, 337]]]","[""dalid nutt drugs withoutthe ctar""]"
101 Trauma-Informed Interventions,Linda Curran,dataset\adjusted_dataset\Medical\0000670.jpg,"[[[42, 128], [469, 128], [469, 251], [42, 251]]]","[""101 trauma-informed inlerventions""]"
Motivational Interviewing in Health Care,Stephen Rollnick,dataset\adjusted_dataset\Medical\0000671.jpg,"[[[21, 44], [384, 44], [384, 246], [21, 246]]]","[""motivational interviewing in health care""]"
The Mindfulness Solution,Ronald Siegel,dataset\adjusted_dataset\Medical\0000672.jpg,"[[[23, 159], [499, 159], [499, 333], [23, 333]]]","[""mindfulness solution fxlt prri tn:i fr""]"
Clinical Naturopathy,Dr. Jerome Sarris,dataset\adjusted_dataset\Medical\0000673.jpg,"[[[60, 0], [452, 0], [452, 99], [60, 99]]]","[""clnical naturopathy ze bcp""]"
The Fourfold Path to Healing,Thomas S. Cowan,dataset\adjusted_dataset\Medical\0000674.jpg,[],[]
Oxford Cases in Medicine and Surgery,Hugo Farne,dataset\adjusted_dataset\Medical\0000675.jpg,"[[[41, 143], [486, 143], [486, 331], [41, 331]]]","[""scono idoi medicine surgery and""]"
"Healthy Gut, Healthy You",Ruscio,dataset\adjusted_dataset\Medical\0000676.jpg,"[[[49, 18], [458, 18], [458, 199], [49, 199]]]","[""healthy gut healthy you thuinaidrietnvt dtiamham ineos dut""]"
From Bacteria to Bach and Back,Daniel C. Dennett,dataset\adjusted_dataset\Medical\0000677.jpg,"[[[15, 300], [490, 300], [490, 456], [15, 456]]]","[""from bacteria to bach and bac d daniel c deanett""]"
"Overcoming Low Self-Esteem, 2nd Edition",Melanie Fennell,dataset\adjusted_dataset\Medical\0000678.jpg,"[[[45, 158], [446, 158], [446, 302], [45, 302]]]","[""overcoming lot sel-esteem and edtlion""]"
Fasting--and Eating--for Health,Joel Fuhrman,dataset\adjusted_dataset\Medical\0000679.jpg,[],[]
Contextual Schema Therapy,Eckhard Roediger,dataset\adjusted_dataset\Medical\0000680.jpg,"[[[68, 266], [437, 266], [437, 436], [68, 436]]]","[""contextual schema therapy""]"
The Compassionate Mind Workbook,Chris Irons,dataset\adjusted_dataset\Medical\0000681.jpg,"[[[46, 26], [460, 26], [460, 321], [46, 321]]]","[""compassionate mind workbook stcp-by-stcp nude 50 compa:ln focused thcrapy""]"
Encyclopedia Of Herbal Medicine,Andrew Chevallier,dataset\adjusted_dataset\Medical\0000682.jpg,"[[[29, 187], [500, 187], [500, 342], [29, 342]]]","[""encyclop ed |4 0f herbal medicine""]"
Outsmarting Worry,Dawn Huebner,dataset\adjusted_dataset\Medical\0000683.jpg,"[[[5, 51], [500, 51], [500, 234], [5, 234]]]","[""qutsmarting w orry""]"
Yogabody,P. T. Judith Hanson Lasater,dataset\adjusted_dataset\Medical\0000684.jpg,[],[]
How the Mind Works,Steven Pinker,dataset\adjusted_dataset\Medical\0000685.jpg,"[[[0, 1], [436, 1], [436, 430], [0, 430]]]","[""natijnil bestseller steven pinker how the mind works""]"
The Nemechek Protocol for Autism and Developmental Disorders,Jean R Nemechek J D,dataset\adjusted_dataset\Medical\0000686.jpg,[],[]
The Big Book of ACT Metaphors,Jill A. Stoddard,dataset\adjusted_dataset\Medical\0000687.jpg,"[[[85, 124], [440, 124], [440, 305], [85, 305]]]","[""the big book of act metaphors""]"
Wayward,Blake Crouch,dataset\adjusted_dataset\Medical\0000688.jpg,"[[[23, 23], [491, 23], [491, 163], [23, 163]]]","[""blake crovch waywvard ihez""]"
Toxicology Handbook,Dr. Lindsay Murray,dataset\adjusted_dataset\Medical\0000689.jpg,"[[[33, 279], [349, 279], [349, 411], [33, 411]]]","[""toxicology handbook b4ed tffieid x \""""]"
500 Ketogenic Recipes,Dana Carpender,dataset\adjusted_dataset\Medical\0000690.jpg,[],[]
"Yoga For Body, Breath, Mind",A.G. Mohan,dataset\adjusted_dataset\Medical\0000691.jpg,"[[[196, 104], [300, 104], [300, 168], [196, 168]]]","[""body breal""]"
Mindful Hypnobirthing,Sophie Fletcher,dataset\adjusted_dataset\Medical\0000692.jpg,"[[[31, 320], [483, 320], [483, 465], [31, 465]]]","[""m1 | n d | u hypno birthing""]"
OSCE Cases with Mark Schemes,Susan C. Shelmerdine,dataset\adjusted_dataset\Medical\0000693.jpg,"[[[24, 179], [489, 179], [489, 285], [24, 285]]]","[""osce cases with mark schemes araviston aldtor medrcai finals""]"
The Marshmallow Test,Walter Mischel,dataset\adjusted_dataset\Medical\0000694.jpg,"[[[23, 149], [505, 149], [505, 299], [23, 299]]]","[""marshmallow test undett  inco lcdtitoland how ~nalat""]"
Nurturing Resilience,Kathy L. Kain,dataset\adjusted_dataset\Medical\0000695.jpg,"[[[59, 159], [453, 159], [453, 239], [59, 239]]]","[""nurturing resilience""]"
Overcoming Insomnia and Sleep Problems,Colin A. Espie,dataset\adjusted_dataset\Medical\0000696.jpg,"[[[13, 95], [503, 95], [503, 325], [13, 325]]]","[""overcoming insomnla and sleep problems ascll-help geide using cogeatje behavinral techniques""]"
Touched With Fire,Kay Redfield Jamison,dataset\adjusted_dataset\Medical\0000697.jpg,[],[]
Cardiorespiratory Physiotherapy: Adults and Paediatrics,Eleanor Main,dataset\adjusted_dataset\Medical\0000698.jpg,"[[[18, 191], [445, 191], [445, 328], [18, 328]]]","[""cardiorespiratory physiotherapy adilts undpaadans""]"
Character Strengths Interventions: A Field Guide for Practitioners 2017,Ryan M. Niemiec,dataset\adjusted_dataset\Medical\0000699.jpg,"[[[181, 311], [477, 311], [477, 361], [181, 361]]]","[""chanctcr strenachs incrventions""]"
Helping Your Child With Selective Mutism,Angela E. McHolm,dataset\adjusted_dataset\Medical\0000700.jpg,"[[[17, 211], [495, 211], [495, 409], [17, 409]]]","[""fwtnud trukoyi tfa urikinn helpizhild your wirl selective murism""]"
Scientific Healing Affirmations,Paramahansa Yogananda,dataset\adjusted_dataset\Medical\0000701.jpg,"[[[54, 336], [465, 336], [465, 415], [54, 415]]]","[""sciektific heruag afairmamons""]"
Starving the Anger Gremlin,Kate Collins-Donnelly,dataset\adjusted_dataset\Medical\0000702.jpg,"[[[29, 50], [498, 50], [498, 246], [29, 246]]]","[""starving the angergremlin jm[ qinjtin [otlekx mxt kueik yn ictiekrtni""]"
Signs and Symptoms Analysis from a Functional Perspective- 2nd Edition,Dicken Weatherby,dataset\adjusted_dataset\Medical\0000703.jpg,"[[[24, 42], [497, 42], [497, 208], [24, 208]]]","[""signs and symptoms analysis from a functional perspective aqutstion by qulgton gulde""]"
Better,Atul Gawande,dataset\adjusted_dataset\Medical\0000704.jpg,"[[[63, 277], [237, 277], [237, 319], [63, 319]]]","[""b etter""]"
The Infertility Cure,Randine Lewis,dataset\adjusted_dataset\Medical\0000705.jpg,"[[[33, 166], [485, 166], [485, 389], [33, 389]]]","[""t h e in fe ftili ey c u r e""]"
The Ketogenic Kitchen,Domini Kemp,dataset\adjusted_dataset\Medical\0000706.jpg,[],[]
Why Stomach Acid Is Good for You,Jonathan V. Wright,dataset\adjusted_dataset\Medical\0000707.jpg,"[[[26, 65], [483, 65], [483, 481], [26, 481]]]","[""stomach acid is good for you eanenl kf e hicun di4t r * geed ll4 3laat""]"
Deep Medicine,Eric Topol,dataset\adjusted_dataset\Medical\0000708.jpg,"[[[29, 141], [489, 141], [489, 309], [29, 309]]]","[""medicine jtnr latlll da\"" ma""]"
Mastering Medical Terminology,Sue Walker,dataset\adjusted_dataset\Medical\0000709.jpg,"[[[50, 0], [464, 0], [464, 217], [50, 217]]]","[""r 4 3 f r | 4 0 medical terminology 403m4a jnu aim /alnd zuu euliun""]"
Only Love Is Real,Brian Weiss,dataset\adjusted_dataset\Medical\0000710.jpg,"[[[72, 63], [439, 63], [439, 172], [72, 172]]]","[""only loye i5 real tf jcn d x74lc neaned""]"
Eat Pretty,Jolene Hart,dataset\adjusted_dataset\Medical\0000711.jpg,"[[[125, 96], [395, 96], [395, 159], [125, 159]]]","[""eat pretty""]"
Being Mortal,Atul Gawande,dataset\adjusted_dataset\Medical\0000712.jpg,"[[[41, 283], [474, 283], [474, 356], [41, 356]]]","[""being mortal""]"
Lifespan,David Sinclair,dataset\adjusted_dataset\Medical\0000713.jpg,[],[]
The Lost Language of Plants,Stephen Harrod Buhner,dataset\adjusted_dataset\Medical\0000714.jpg,"[[[26, 194], [404, 194], [404, 354], [26, 354]]]","[""the lost language of plants""]"
Birth Matters,Ina May Gaskin,dataset\adjusted_dataset\Medical\0000715.jpg,"[[[45, 37], [483, 37], [483, 140], [45, 140]]]","[""birth matters miwile < mandesl""]"
The Deepest Well,Nadine Burke Harris,dataset\adjusted_dataset\Medical\0000716.jpg,"[[[11, 61], [499, 61], [499, 149], [11, 149]]]","[""deepest well""]"
The Sleep Book,Guy Meadows,dataset\adjusted_dataset\Medical\0000717.jpg,[],[]
Counselling for Toads,Robert De Board,dataset\adjusted_dataset\Medical\0000718.jpg,"[[[62, 46], [448, 46], [448, 104], [62, 104]]]","[""coursedliro fo r tor dr""]"
Clinically Oriented Anatomy,Keith L. Moore,dataset\adjusted_dataset\Medical\0000719.jpg,"[[[20, 0], [512, 0], [512, 315], [20, 315]]]","[""m orn siieccex anatomy anihim hiewhad blor""]"
Practical Fracture Treatment,Ronald McRae,dataset\adjusted_dataset\Medical\0000720.jpg,"[[[164, 30], [480, 30], [480, 306], [164, 306]]]","[""practical fracture treatment fnn iu rcnad hcr e mubser""]"
My Friend Has Autism,Amanda Doering Tourville,dataset\adjusted_dataset\Medical\0000721.jpg,"[[[212, 49], [460, 49], [460, 163], [212, 163]]]","[""my friend has autiem""]"
Past Mortems,Carla Valentine,dataset\adjusted_dataset\Medical\0000722.jpg,[],[]
The Grain Brain Whole Life Plan,David Perlmutter,dataset\adjusted_dataset\Medical\0000723.jpg,"[[[32, 123], [482, 123], [482, 489], [32, 489]]]","[""grain brain whol lfe pcam jzm eime jaty di itad feramltt ela y7 lneem""]"
The Keto Reset Diet,Mark Sisson,dataset\adjusted_dataset\Medical\0000724.jpg,[],[]
Gestalt Therapy,Frederick S. Perls,dataset\adjusted_dataset\Medical\0000725.jpg,[],[]
Training in Obstetrics and Gynaecology,Ippokratis Sarris,dataset\adjusted_dataset\Medical\0000726.jpg,"[[[29, 340], [454, 340], [454, 461], [29, 461]]]","[""ta~ing~ obstetrics and gynaecology dte cwrenclal curlculur""]"
Yellow Emperor's Classic Of Medicine,Maoshing Ni,dataset\adjusted_dataset\Medical\0000727.jpg,"[[[132, 150], [481, 150], [481, 351], [132, 351]]]","[""ylllov emperoks clacsic of mldicine""]"
Musicophilia,Oliver Sacks,dataset\adjusted_dataset\Medical\0000728.jpg,"[[[76, 318], [448, 318], [448, 389], [76, 389]]]","[""mustcofhteta va\u20ac ia""]"
The Mindfulness and Acceptance Workbook for Anxiety,John P. Forsyth,dataset\adjusted_dataset\Medical\0000729.jpg,"[[[21, 45], [494, 45], [494, 173], [21, 173]]]","[""the mindfulncss arrcprincc werkbook for anxicry""]"
The Satir Model,Virginia M. Satir,dataset\adjusted_dataset\Medical\0000730.jpg,"[[[0, 0], [512, 0], [512, 165], [0, 165]]]","[""the satir model cttt""]"
Positive Psychology in a Nutshell: The Science of Happiness,Dr. Ilona Boniwell,dataset\adjusted_dataset\Medical\0000731.jpg,"[[[51, 31], [429, 31], [429, 160], [51, 160]]]","[""positive psycholocy in a nutshell tpe ecionce oi nepplnerm""]"
The End of Alzheimer's,Dale Bredesen,dataset\adjusted_dataset\Medical\0000732.jpg,"[[[23, 121], [495, 121], [495, 185], [23, 185]]]","[""alzheimers""]"
All Things Bright and Beautiful,James Herriot,dataset\adjusted_dataset\Medical\0000733.jpg,"[[[26, 308], [494, 308], [494, 459], [26, 459]]]","[""herriot a\""things brjuki 4n14 reutati}""]"
Understanding Pathological Demand Avoidance Syndrome in Children,Margaret Duncan,dataset\adjusted_dataset\Medical\0000734.jpg,"[[[31, 231], [496, 231], [496, 504], [31, 504]]]","[""understanding pathological demano avoidance a cjide fcr parents synorome tcxcners in chiloren tnd other feofessigngls @aug""]"
"The Developing Mind, Second Edition",Daniel J. Siegel,dataset\adjusted_dataset\Medical\0000735.jpg,"[[[32, 100], [477, 100], [477, 269], [32, 269]]]","[""jter developing mind""]"
Psychoanalytic Case Formulation,Nancy McWilliams,dataset\adjusted_dataset\Medical\0000736.jpg,"[[[15, 307], [495, 307], [495, 383], [15, 383]]]","[""psychoanaly 01x formularion""]"
Illustrated Textbook of Paediatrics,Tom Lissauer,dataset\adjusted_dataset\Medical\0000737.jpg,"[[[17, 75], [411, 75], [411, 199], [17, 199]]]","[""hiuetated taxihook oi paediatrics ifth enitidn""]"
Holistic Aromatherapy for Animals,Kristen Leigh Bell,dataset\adjusted_dataset\Medical\0000738.jpg,"[[[32, 189], [481, 189], [481, 358], [32, 358]]]","[""aromatherapy for animals eesaud \""udlebik""]"
Buried in Treasures,David F. Tolin,dataset\adjusted_dataset\Medical\0000739.jpg,"[[[32, 216], [480, 216], [480, 266], [32, 266]]]","[""buried i treasures""]"
Prescriber's Guide,Stephen M. Stahl,dataset\adjusted_dataset\Medical\0000740.jpg,"[[[63, 7], [464, 7], [464, 199], [63, 199]]]","[""bniy hnei fa tinoluivdy prescribers guide 904 eoon szephen ni stah""]"
Smoke Gets in Your Eyes,Caitlin Doughty,dataset\adjusted_dataset\Medical\0000741.jpg,"[[[119, 49], [395, 49], [395, 207], [119, 207]]]","[""5 moke get$ in you r e y es""]"
Internal Family Systems Therapy,Richard C. Schwartz,dataset\adjusted_dataset\Medical\0000742.jpg,"[[[14, 227], [346, 227], [346, 431], [14, 431]]]","[""intrma family sybiems therany""]"
Dr Podcast Scripts for the Final FRCA,Rebecca A. Leslie,dataset\adjusted_dataset\Medical\0000743.jpg,"[[[59, 142], [435, 142], [435, 267], [59, 267]]]","[""drpodcast scripts forthe final frca""]"
Perfect Health Diet,Shou-Ching Jaminet,dataset\adjusted_dataset\Medical\0000744.jpg,[],[]
Therapeutic Storytelling,Susan Perrow,dataset\adjusted_dataset\Medical\0000745.jpg,"[[[72, 42], [443, 42], [443, 166], [72, 166]]]","[""therapeulic storytelling""]"
Iridology Simplified,Bernard Jensen,dataset\adjusted_dataset\Medical\0000746.jpg,"[[[76, 16], [456, 16], [456, 108], [76, 108]]]","[""iridology simplified""]"
Uniquely Human,PH D Barry M Prizant,dataset\adjusted_dataset\Medical\0000747.jpg,"[[[59, 31], [453, 31], [453, 204], [59, 204]]]","[""untquely human a diffbbent \""at df 5ffing 4utisn""]"
"Brain Lock, Twentieth Anniversary Edition",Jeffrey M. Schwartz,dataset\adjusted_dataset\Medical\0000748.jpg,"[[[59, 12], [451, 12], [451, 33], [59, 33]]]","[""ttunilei anmivoreury eubtlan""]"
Attachment-Focused Family Therapy,Daniel A. Hughes,dataset\adjusted_dataset\Medical\0000749.jpg,"[[[31, 139], [485, 139], [485, 277], [31, 277]]]","[""attachment focusld famly theratr""]"
The Practice of Spiritual Direction,William A. Barry,dataset\adjusted_dataset\Medical\0000750.jpg,"[[[133, 297], [381, 297], [381, 363], [133, 363]]]","[""s#iritoal directio]""]"
The Practice of Emotionally Focused Couple Therapy,Susan M. Johnson,dataset\adjusted_dataset\Medical\0000751.jpg,"[[[25, 32], [481, 32], [481, 128], [25, 128]]]","[""'the 'tracze  'emotonolly 'tocued couple ' tnerofy""]"
"Witches, Midwives, And Nurses (2nd Ed.)",Barbara Ehrenreich,dataset\adjusted_dataset\Medical\0000752.jpg,"[[[44, 47], [463, 47], [463, 232], [44, 232]]]","[""witehes midwvives nurses""]"
Please Explain Anxiety to Me!,Laurie E Zelinger,dataset\adjusted_dataset\Medical\0000753.jpg,"[[[14, 0], [422, 0], [422, 131], [14, 131]]]","[""pledse expiain anxiety teme joi 0j""]"
Say No To Arthritis,Patrick Holford,dataset\adjusted_dataset\Medical\0000754.jpg,"[[[111, 159], [415, 159], [415, 271], [111, 271]]]","[""say no to""]"
Eat to Live Cookbook,Dr Joel Fuhrman,dataset\adjusted_dataset\Medical\0000755.jpg,"[[[108, 57], [404, 57], [404, 315], [108, 315]]]","[""eatto llive 1>< #""]"
The MELT Method,Sue Hitzmann,dataset\adjusted_dataset\Medical\0000756.jpg,"[[[23, 141], [485, 141], [485, 292], [23, 292]]]","[""#melt method""]"
How to Heal Your Metabolism,Kate Deering,dataset\adjusted_dataset\Medical\0000757.jpg,"[[[75, 151], [437, 151], [437, 320], [75, 320]]]","[""how to heal your metabolism suarin:ulu t\"" dimnnbdbn""]"
Civilization and Its Discontents,Sigmund Freud,dataset\adjusted_dataset\Medical\0000758.jpg,[],[]
Art Heals,Shaun McNiff,dataset\adjusted_dataset\Medical\0000759.jpg,"[[[3, 0], [512, 0], [512, 57], [3, 57]]]","[""art heals""]"
KetoFast,Dr Joseph Mercola,dataset\adjusted_dataset\Medical\0000760.jpg,"[[[27, 21], [481, 21], [481, 159], [27, 159]]]","[""dr joseph meacola ketofast""]"
Essentials of PAI Assessment,Leslie C. Morey,dataset\adjusted_dataset\Medical\0000761.jpg,"[[[37, 93], [458, 93], [458, 205], [37, 205]]]","[""essentials \"" pai\"" aesessment""]"
Psychodynamic Psychiatry in Clinical Practice,Glen O. Gabbard,dataset\adjusted_dataset\Medical\0000762.jpg,"[[[67, 29], [448, 29], [448, 144], [67, 144]]]","[""psychodynamic psychiatry in cinical praclice""]"
How We Die,Sherwin B. Nuland,dataset\adjusted_dataset\Medical\0000763.jpg,[],[]
Coconut Oil Miracle,Bruce Fife,dataset\adjusted_dataset\Medical\0000764.jpg,"[[[8, 67], [471, 67], [471, 237], [8, 237]]]","[""coconut oil miracle""]"
The Obesity Code,Dr. Jason Fung,dataset\adjusted_dataset\Medical\0000765.jpg,[],[]
Score Higher on the UKCAT,Kaplan Test Prep,dataset\adjusted_dataset\Medical\0000766.jpg,"[[[17, 138], [455, 138], [455, 330], [17, 330]]]","[""score higher on the ukcat fcurth edltcn""]"
Trauma-Sensitive Yoga in Therapy,David Emerson,dataset\adjusted_dataset\Medical\0000767.jpg,[],[]
The Inflamed Mind,Edward Bullmore,dataset\adjusted_dataset\Medical\0000768.jpg,[],[]
Reaching Down the Rabbit Hole,Allan Ropper,dataset\adjusted_dataset\Medical\0000769.jpg,"[[[59, 57], [449, 57], [449, 267], [59, 267]]]","[""reaching down th e rabbit h le""]"
The Biology of Desire,Marc Lewis,dataset\adjusted_dataset\Medical\0000770.jpg,[],[]
Ayurveda and the Mind,David Frawley,dataset\adjusted_dataset\Medical\0000771.jpg,"[[[14, 26], [502, 26], [502, 500], [14, 500]]]","[""ayurveda and the mind # \""healing consciousness dr david frawley""]"
Playful Learning,Mariah Bruehl,dataset\adjusted_dataset\Medical\0000772.jpg,"[[[32, 285], [483, 285], [483, 366], [32, 366]]]","[""peaylue learning dene jujrdade""]"
Hashimoto's Food Pharmacology,Izabella Wentz,dataset\adjusted_dataset\Medical\0000773.jpg,"[[[21, 151], [485, 151], [485, 487], [21, 487]]]","[""hashimoto's fo d pharmacology izabella wentz khinonctcpoco""]"
2019 Lippincott Pocket Drug Guide for Nurses,Amy M. Karch,dataset\adjusted_dataset\Medical\0000774.jpg,"[[[42, 17], [461, 17], [461, 371], [42, 371]]]","[""v 3500 atmrnetni 2079 lippincott pocket drug guide tornurses ahun\"" iiekoreh""]"
"Exploring Depression, and Beating the Blues",Tony Attwood,dataset\adjusted_dataset\Medical\0000775.jpg,"[[[6, 17], [506, 17], [506, 120], [6, 120]]]","[""expluring depression and beatng the blues""]"
iRest Program For Healing PTSD,Richard C. Miller,dataset\adjusted_dataset\Medical\0000776.jpg,"[[[14, 12], [504, 12], [504, 283], [14, 283]]]","[""irest program tor healing""]"
Handbook of Obstetric Medicine,Catherine Nelson-Piercy,dataset\adjusted_dataset\Medical\0000777.jpg,"[[[43, 38], [460, 38], [460, 220], [43, 220]]]","[""handbook of obstetric medicine fimtn ediion clherinc nclun-penz""]"
Ayurveda and Marma Therapy,David Frawley,dataset\adjusted_dataset\Medical\0000778.jpg,"[[[52, 50], [480, 50], [480, 148], [52, 148]]]","[""aturveda and narha theraft""]"
Delavier's Core Training Anatomy,Frederic Delavier,dataset\adjusted_dataset\Medical\0000779.jpg,"[[[9, 36], [480, 36], [480, 244], [9, 244]]]","[""core training anatomy dum jotuntucrnm muu cdwacd ir toiktot eanenanerenet""]"
Acupressure,Vincent Perez,dataset\adjusted_dataset\Medical\0000780.jpg,"[[[108, 11], [481, 11], [481, 51], [108, 51]]]","[""acurressure""]"
Principles of Neural Science,Eric R. Kandel,dataset\adjusted_dataset\Medical\0000781.jpg,"[[[111, 67], [407, 67], [407, 161], [111, 161]]]","[""princtples ofneural seience""]"
Complete Herbal Handbook for Farm and Stable,Juliette De Bairacli-Levy,dataset\adjusted_dataset\Medical\0000782.jpg,"[[[137, 103], [382, 103], [382, 279], [137, 279]]]","[""thecomflte herhal tndiock tojraarx andstele julieke te baia ilevy""]"
Wise Woman Herbal for the Childbearing Year,Susun S. Weed,dataset\adjusted_dataset\Medical\0000783.jpg,"[[[0, 62], [512, 62], [512, 103], [0, 103]]]","[""childbefbig year""]"
Mindfulness for Teen Anxiety,Christopher Willard,dataset\adjusted_dataset\Medical\0000784.jpg,"[[[16, 44], [500, 44], [500, 281], [16, 281]]]","[""mindlulness for teen anxielly d#alenlior cattd liianaard epck gidp nanind ovnrwholmod""]"
This is Going to Hurt,Adam Kay,dataset\adjusted_dataset\Medical\0000785.jpg,[],[]
The Selective Mutism Resource Manual,Maggie Johnson,dataset\adjusted_dataset\Medical\0000786.jpg,"[[[78, 52], [430, 52], [430, 176], [78, 176]]]","[""selective mutism resource manual""]"
The HeartMath Solution,Doc Childre,dataset\adjusted_dataset\Medical\0000787.jpg,[],[]
Myles Textbook for Midwives,Jayne E. Marshall,dataset\adjusted_dataset\Medical\0000788.jpg,"[[[56, 29], [463, 29], [463, 134], [56, 134]]]","[""mainnbo midwives""]"
Trauma Stewardship: An Everyday Guide to Caring for Self While Caring for Others,Connie Burk,dataset\adjusted_dataset\Medical\0000789.jpg,"[[[31, 323], [477, 323], [477, 493], [31, 493]]]","[""trauma stewardship a guiaa enrinai ~hgcn or\"" qndr mm""]"
Listening to the Animals: Becoming The Supervet,Noel Fitzpatrick,dataset\adjusted_dataset\Medical\0000790.jpg,"[[[24, 68], [485, 68], [485, 257], [24, 257]]]","[""fitzpatrick fecoming the supervet lstun~$ 1 0 acta4 &""]"
500 FORMULAS FOR AROMATHERAPY,Carol Schiller,dataset\adjusted_dataset\Medical\0000791.jpg,[],[]
Everything in its Place,Oliver Sacks,dataset\adjusted_dataset\Medical\0000792.jpg,"[[[43, 55], [335, 55], [335, 295], [43, 295]]]","[""oliver sacks eyerything in tts flace first loytajm lastitales""]"
The Skinny Hot Air Fryer Cookbook,Cooknation,dataset\adjusted_dataset\Medical\0000793.jpg,"[[[20, 66], [488, 66], [488, 231], [20, 231]]]","[""skil hqte air fryer jun jit""]"
ACSM's Guidelines for Exercise Testing and Prescription,American College of Sports Medicine,dataset\adjusted_dataset\Medical\0000794.jpg,"[[[77, 106], [479, 106], [479, 356], [77, 356]]]","[""acsm'; guidelines for exercise testing and prescription tenth (itim""]"
Experiencing Schema Therapy from the Inside Out,Joan M. Farrell,dataset\adjusted_dataset\Medical\0000795.jpg,"[[[32, 34], [486, 34], [486, 270], [32, 270]]]","[""experiencing schema therapy from the inside out sel-pauclce sei -raflacliou woiebcck iut inerpiain""]"
The Brain: A Very Short Introduction,Michael O'Shea,dataset\adjusted_dataset\Medical\0000796.jpg,"[[[232, 208], [476, 208], [476, 261], [232, 261]]]","[""the bpain entinndlcdz""]"
On Becoming a Person,Carl R. Rogers,dataset\adjusted_dataset\Medical\0000797.jpg,"[[[44, 167], [469, 167], [469, 309], [44, 309]]]","[""on becoming ( person ki  rogks""]"
Yes Brain,Daniel J. Siegel,dataset\adjusted_dataset\Medical\0000798.jpg,"[[[104, 170], [411, 170], [411, 325], [104, 325]]]","[""yes b rain""]"
The Power of Focusing,Ann Weiser Cornell,dataset\adjusted_dataset\Medical\0000799.jpg,"[[[37, 12], [490, 12], [490, 193], [37, 193]]]","[""ttie power uf focusing aradlicol euideto emoxiaiel sef hkenliny""]"
Orgasmic Birth,Elizabeth Davis,dataset\adjusted_dataset\Medical\0000800.jpg,[],[]
Trauma Essentials,Babette Rothschild,dataset\adjusted_dataset\Medical\0000801.jpg,"[[[23, 77], [489, 77], [489, 117], [23, 117]]]","[""traumnd essemtials""]"
Stuck Up!,Rich E. Dreben,dataset\adjusted_dataset\Medical\0000802.jpg,[],[]
The Art of Gathering,Priya Parker,dataset\adjusted_dataset\Medical\0000803.jpg,"[[[69, 234], [446, 234], [446, 300], [69, 300]]]","[""of gathering""]"
"Physics, Pharmacology and Physiology for Anaesthetists",Matthew E. Cross,dataset\adjusted_dataset\Medical\0000804.jpg,"[[[58, 291], [467, 291], [467, 457], [58, 457]]]","[""physics; pharmacology and physlology for anaesthetlsts het concep s for thp frc4 iicdan eetinn""]"
Essentials of Strength Training and Conditioning,G.Gregory Haff,dataset\adjusted_dataset\Medical\0000805.jpg,"[[[16, 45], [494, 45], [494, 290], [16, 290]]]","[""essentials of strength training and conditioning""]"
Oxford Handbook of Psychiatry,David Semple,dataset\adjusted_dataset\Medical\0000806.jpg,"[[[32, 154], [324, 154], [324, 186], [32, 186]]]","[""pstchiatrt""]"
The Lord God Made Them All,James Herriot,dataset\adjusted_dataset\Medical\0000807.jpg,"[[[23, 311], [493, 311], [493, 458], [23, 458]]]","[""herriot 17e lord ged mlidz them aj""]"
Get Me Out Of Here,Rachel Reiland,dataset\adjusted_dataset\Medical\0000808.jpg,"[[[81, 18], [431, 18], [431, 60], [81, 60]]]","[""ge1 me ou of here""]"
Eat to Live Cookbook,Dr Joel Fuhrman,dataset\adjusted_dataset\Medical\0000809.jpg,[],[]
Augmentative & Alternative Communication,David R. Beukelman,dataset\adjusted_dataset\Medical\0000810.jpg,"[[[53, 141], [437, 141], [437, 322], [53, 322]]]","[""augmentative & alternative communication 8582982r hcz:5""]"
A Clinical Guide to Blending Liquid Herbs,Kerry Bone,dataset\adjusted_dataset\Medical\0000811.jpg,"[[[67, 22], [487, 22], [487, 157], [67, 157]]]","[""cunical guide to blending vouid herbs""]"
Why We Get Fat,Gary Taubes,dataset\adjusted_dataset\Medical\0000812.jpg,"[[[19, 30], [476, 30], [476, 335], [19, 335]]]","[""wtiy we gbt fnd #axt flt tod aiorill""]"
"A Therapeutic Treasure Deck of Grounding, Soothing, Coping and Regulating Cards",Karen Treisman,dataset\adjusted_dataset\Medical\0000813.jpg,"[[[112, 231], [399, 231], [399, 293], [112, 293]]]","[""gonthing coping 04 rrjulaling cards""]"
Internal Family Systems Skills Training Manual,Frank G Anderson,dataset\adjusted_dataset\Medical\0000814.jpg,"[[[105, 86], [420, 86], [420, 401], [105, 401]]]","[""internal family sysleins x innig \""eily mit &dtiict dotanut""]"
Eat to Live Quick and Easy Cookbook,Dr Joel Fuhrman,dataset\adjusted_dataset\Medical\0000815.jpg,"[[[57, 15], [459, 15], [459, 349], [57, 349]]]","[""joel fuhrman; md eal to live quick 4 eamx eo0 k 4 00 k""]"
Brain on Fire,Susannah Cahalan,dataset\adjusted_dataset\Medical\0000816.jpg,"[[[74, 388], [440, 388], [440, 418], [74, 418]]]","[""brain on fire""]"
The Health Gap,Michael Marmot,dataset\adjusted_dataset\Medical\0000817.jpg,"[[[33, 55], [478, 55], [478, 315], [33, 315]]]","[""michael marmot the health ^p""]"
Pocket Companion to Robbins & Cotran Pathologic Basis of Disease,Richard N. Mitchell,dataset\adjusted_dataset\Medical\0000818.jpg,[],[]
Just One More Question,Niall Tubridy,dataset\adjusted_dataset\Medical\0000819.jpg,"[[[109, 428], [402, 428], [402, 487], [109, 487]]]","[""stones fremauit in ncurolpgy""]"
The Science of Parenting,Margot Sunderland,dataset\adjusted_dataset\Medical\0000820.jpg,"[[[0, 10], [491, 10], [491, 167], [0, 167]]]","[""tha science af parenting""]"
"The Tao Of Health, Sex And Longevity",Daniel Reid,dataset\adjusted_dataset\Medical\0000821.jpg,"[[[137, 83], [461, 83], [461, 289], [137, 289]]]","[""v ofnealj; sex & longevity""]"
The Gentle Eating Book,Sarah Ockwell-Smith,dataset\adjusted_dataset\Medical\0000822.jpg,"[[[16, 170], [488, 170], [488, 344], [16, 344]]]","[""gentle eating 4s book""]"
Metacognitive Therapy for Anxiety and Depression,Adrian Wells,dataset\adjusted_dataset\Medical\0000823.jpg,"[[[86, 113], [449, 113], [449, 401], [86, 401]]]","[""metacognitive therapy for anxiety and depression arir tx*""]"
Dermatology Made Easy,Amanda Oakley,dataset\adjusted_dataset\Medical\0000824.jpg,"[[[80, 22], [432, 22], [432, 97], [80, 97]]]","[""deanatoldgy made east aandi likle?""]"
Beating Cancer with Nutrition,Patrick Quillin,dataset\adjusted_dataset\Medical\0000825.jpg,"[[[0, 51], [503, 51], [503, 141], [0, 141]]]","[""beating cancer withnutrition""]"
Introduction to the Human Body,Gerard J. Tortora,dataset\adjusted_dataset\Medical\0000826.jpg,"[[[147, 67], [349, 67], [349, 181], [147, 181]]]","[""the humlan body""]"
Techniques of Grief Therapy,Robert A. Neimeyer,dataset\adjusted_dataset\Medical\0000827.jpg,"[[[27, 354], [492, 354], [492, 443], [27, 443]]]","[""technicues > griet therapy""]"
Messages from the Masters,Brian Weiss,dataset\adjusted_dataset\Medical\0000828.jpg,[],[]
Clinical Sports Nutrition,Louise Burke,dataset\adjusted_dataset\Medical\0000829.jpg,"[[[43, 41], [472, 41], [472, 232], [43, 232]]]","[""clinical sports nutrition sth eciticn""]"
Dictionary of Veterinary Nursing,Denis Richard Lane,dataset\adjusted_dataset\Medical\0000830.jpg,"[[[35, 324], [478, 324], [478, 487], [35, 487]]]","[""dictionary of veterinary nursing nattia""]"
The Worry Trap,Chad Lejeune,dataset\adjusted_dataset\Medical\0000831.jpg,[],[]
Neuropsychological Assessment,Muriel Deutsch Lezak,dataset\adjusted_dataset\Medical\0000832.jpg,"[[[45, 44], [466, 44], [466, 139], [45, 139]]]","[""neuropsychological assessmnent""]"
The Way of Energy,Lam Kam Chuen,dataset\adjusted_dataset\Medical\0000833.jpg,"[[[44, 56], [473, 56], [473, 110], [44, 110]]]","[""f nergy""]"
"Trail Guide to the Body Flashcards, Vol. 2: Muscles of the Body",Andrew Biel,dataset\adjusted_dataset\Medical\0000834.jpg,"[[[46, 18], [502, 18], [502, 148], [46, 148]]]","[""trail guide to the body""]"
Pain is Really Strange,Steve Haines,dataset\adjusted_dataset\Medical\0000835.jpg,"[[[14, 22], [498, 22], [498, 102], [14, 102]]]","[""pah i6 really strange""]"
The Physiotherapist's Pocketbook,Karen Kenyon,dataset\adjusted_dataset\Medical\0000836.jpg,"[[[31, 168], [396, 168], [396, 298], [31, 298]]]","[""physiotherapists pocketb o0t esgeiaal meit4 movriegirtes""]"
Earthing,Clinton Ober,dataset\adjusted_dataset\Medical\0000837.jpg,[],[]
The Human Bone Manual,Tim D. White,dataset\adjusted_dataset\Medical\0000838.jpg,"[[[27, 59], [479, 59], [479, 131], [27, 131]]]","[""ehuman bone manual""]"
What's Happening to Tom?,Kate E. Reynolds,dataset\adjusted_dataset\Medical\0000839.jpg,"[[[8, 0], [278, 0], [278, 362], [8, 362]]]","[""what's happening totom? fck nivpitak hr bu rd ypin tn eh mlaled ecami""]"
Overcoming Multiple Sclerosis,Professor George Jelinek,dataset\adjusted_dataset\Medical\0000840.jpg,"[[[52, 25], [463, 25], [463, 168], [52, 168]]]","[""pcfectcjcfc seocoming multiple sclerosis""]"
"Blood Type O: Food, Beverage & Supplement List",Peter J. D'Adamo,dataset\adjusted_dataset\Medical\0000841.jpg,"[[[14, 0], [512, 0], [512, 276], [14, 276]]]","[""blood type 0 food beverage and supplement lists jon""]"
Basic Physics & Measurement in Anaesthesia,P. D. Davis,dataset\adjusted_dataset\Medical\0000842.jpg,"[[[54, 78], [463, 78], [463, 238], [54, 238]]]","[""basic physcs\""c measurfmfnt n anaesthesia tjcd cunncwt""]"
The Psychopath Inside,James H. Fallon,dataset\adjusted_dataset\Medical\0000843.jpg,[],[]
First Aid for the USMLE Step 1 2018,Tao Le,dataset\adjusted_dataset\Medical\0000844.jpg,"[[[15, 9], [498, 9], [498, 393], [15, 393]]]","[""first aid 59e usmle step 2018 ercocni-to-itradcmt ta= len [ced lt bd wurerntau eotrentt uat""]"
The Body Remembers Volume 2,Babette Rothschild,dataset\adjusted_dataset\Medical\0000845.jpg,"[[[88, 0], [429, 0], [429, 191], [88, 191]]]","[""body remembers volume 2""]"
Applied Anatomy of Aerial Arts,Emily Scherb,dataset\adjusted_dataset\Medical\0000846.jpg,"[[[31, 19], [484, 19], [484, 103], [31, 103]]]","[""applied anatomy of aerial arts""]"
Blueprint,Robert Plomin,dataset\adjusted_dataset\Medical\0000847.jpg,"[[[86, 148], [426, 148], [426, 284], [86, 284]]]","[""blueprint [n dalynkt li #hne t""]"
Principles and Practice of Phytotherapy,Kerry Bone,dataset\adjusted_dataset\Medical\0000848.jpg,"[[[30, 71], [482, 71], [482, 332], [30, 332]]]","[""principles and practice of phytotherapy moder\"" herbll meicihe ju] eq @ smr mia""]"
Experiencing CBT from the Inside Out,James Bennett-Levy,dataset\adjusted_dataset\Medical\0000849.jpg,"[[[79, 33], [436, 33], [436, 302], [79, 302]]]","[""experiencing cbt from the inside uut 4sc practlcc se# rcllcction wuriuzok ju thurepialy""]"
The Salt Fix,James Dinicolantonio,dataset\adjusted_dataset\Medical\0000850.jpg,[],[]
Textbook of Adult Emergency Medicine,Peter Cameron,dataset\adjusted_dataset\Medical\0000851.jpg,"[[[17, 292], [492, 292], [492, 435], [17, 435]]]","[""textbookofadult emergency medicine""]"
The Impatient Woman's Guide to Getting Pregnant,Jean M. Twenge,dataset\adjusted_dataset\Medical\0000852.jpg,"[[[2, 0], [409, 0], [409, 321], [2, 321]]]","[""the impatient woman's guide co getting pregnant""]"
Overcoming,Vicky Phelan,dataset\adjusted_dataset\Medical\0000853.jpg,[],[]
The Hormone Reset Diet,Sara Gottfried,dataset\adjusted_dataset\Medical\0000854.jpg,"[[[21, 78], [300, 78], [300, 303], [21, 303]]]","[""hormone reset diet ila tjmkrldaa jc ycv'0 i indtnwct""]"
Sports And Remedial Massage Therapy,Mel Cash,dataset\adjusted_dataset\Medical\0000855.jpg,"[[[18, 240], [492, 240], [492, 338], [18, 338]]]","[""sport & remedial massage therapy""]"
The Reflective Journal,Barbara Bassot,dataset\adjusted_dataset\Medical\0000856.jpg,"[[[134, 164], [384, 164], [384, 240], [134, 240]]]","[""reflective journal""]"
What Every Parent Needs To Know,Margot Sunderland,dataset\adjusted_dataset\Medical\0000857.jpg,"[[[19, 253], [497, 253], [497, 367], [19, 367]]]","[""what every parent needs to know anu tiut dtild""]"
A Course in Weight Loss,Marianne Williamson,dataset\adjusted_dataset\Medical\0000858.jpg,[],[]
The Autoimmune Wellness Handbook,Mickey Trescott,dataset\adjusted_dataset\Medical\0000859.jpg,[],[]
The Acid Watcher Diet,Dr. Jonathan Aviv,dataset\adjusted_dataset\Medical\0000860.jpg,"[[[117, 92], [420, 92], [420, 383], [117, 383]]]","[""acid watcher diet jun eetvoenonriwuc j0 ea3 eaelhb f4nanta (in""]"
Plant Spirit Healing,Pam Montgomery,dataset\adjusted_dataset\Medical\0000861.jpg,"[[[36, 338], [476, 338], [476, 499], [36, 499]]]","[""plant spirit healing to rx gput""]"
The Heart's Code,Paul Pearsall,dataset\adjusted_dataset\Medical\0000862.jpg,[],[]
Genome,Matt Ridley,dataset\adjusted_dataset\Medical\0000863.jpg,"[[[5, 103], [499, 103], [499, 165], [5, 165]]]","[""genome""]"
Lost Connections,Johann Hari,dataset\adjusted_dataset\Medical\0000864.jpg,"[[[30, 179], [485, 179], [485, 229], [30, 229]]]","[""connections""]"
I Think You'll Find It's a Bit More Complicated Than That,Ben Goldacre,dataset\adjusted_dataset\Medical\0000865.jpg,"[[[99, 99], [440, 99], [440, 328], [99, 328]]]","[""nini dutwe aindht s bilnora femnpizategh jhan tha""]"
Stop the Thyroid Madness II,Andrew Heyman,dataset\adjusted_dataset\Medical\0000866.jpg,"[[[156, 54], [512, 54], [512, 374], [156, 374]]]","[""stof thc thyrodd madness h zuthc ecan v mulnex \"" icj7+0 /t otmant? #cu [pgyics  c lir ofien-9""]"
Paediatric Handbook,Michael Marks,dataset\adjusted_dataset\Medical\0000867.jpg,"[[[31, 13], [261, 13], [261, 95], [31, 95]]]","[""paediatric handbook thidr""]"
The Coaching Manual,Julie Starr,dataset\adjusted_dataset\Medical\0000868.jpg,"[[[55, 111], [452, 111], [452, 225], [55, 225]]]","[""coaching manual""]"
Dorothea's War,Dorothea Crewdson,dataset\adjusted_dataset\Medical\0000869.jpg,[],[]
The Brain That Changes Itself : Stories of Personal Triumph from the Frontiers of Brain Science (MP3 CD),Jim Bond,dataset\adjusted_dataset\Medical\0000870.jpg,"[[[24, 170], [453, 170], [453, 486], [24, 486]]]","[""bre n that changes itself tittt frr' mrt nornandcwpge md""]"
5:2 Fast Diet for Beginners,Rockridge Press,dataset\adjusted_dataset\Medical\0000871.jpg,"[[[28, 51], [481, 51], [481, 481], [28, 481]]]","[""the 512 fast diet for beginners ance r fins""]"
"Acceptance and Commitment Therapy, Second Edition",Steven C. Hayes,dataset\adjusted_dataset\Medical\0000872.jpg,"[[[91, 63], [423, 63], [423, 263], [91, 263]]]","[""acceptance therapy the rrd  099 and pitelice 41 mindiul chaner""]"
Spark,Dr. John J. Ratey,dataset\adjusted_dataset\Medical\0000873.jpg,"[[[5, 42], [504, 42], [504, 233], [5, 233]]]","[""jpark""]"
Clinical Psychology for Trainees,Andrew C. Page,dataset\adjusted_dataset\Medical\0000874.jpg,"[[[54, 161], [425, 161], [425, 321], [54, 321]]]","[""clinical psychology for trainees""]"
The Gentle Birth Method,Dr. Gowri Motha,dataset\adjusted_dataset\Medical\0000875.jpg,[],[]
Clinical Medicine for the MRCP PACES Pack,Gautam Mehta,dataset\adjusted_dataset\Medical\0000876.jpg,"[[[31, 66], [494, 66], [494, 225], [31, 225]]]","[""clnical fdr thp volumc icnintunic clinicalmfdicine fcr thf macp paces kalrt for ni,i""]"
Accident and Emergency Radiology: A Survival Guide,Nigel Raby,dataset\adjusted_dataset\Medical\0000877.jpg,"[[[29, 29], [317, 29], [317, 173], [29, 173]]]","[""accident & emergency radiology asuayiyal gvide""]"
Ketogenic Bread Cookbook,Amber Gryffon,dataset\adjusted_dataset\Medical\0000878.jpg,"[[[114, 103], [399, 103], [399, 228], [114, 228]]]","[""ketogenic bread cookbook""]"
Psychoanalytic Psychotherapy,Nancy McWilliams,dataset\adjusted_dataset\Medical\0000879.jpg,"[[[27, 146], [498, 146], [498, 270], [27, 270]]]","[""psychoaalytic {xitii ltne""]"
Medical Pharmacology at a Glance,Michael J. Neal,dataset\adjusted_dataset\Medical\0000880.jpg,"[[[283, 104], [499, 104], [499, 203], [283, 203]]]","[""medlcal pharmacolvgl at a glance""]"
Moon Time,Lucy H. Pearce,dataset\adjusted_dataset\Medical\0000881.jpg,"[[[45, 449], [467, 449], [467, 487], [45, 487]]]","[""llen itemxe""]"
The Neuroscience of Psychotherapy,Louis Cozolino,dataset\adjusted_dataset\Medical\0000882.jpg,"[[[80, 220], [485, 220], [485, 304], [80, 304]]]","[""neuroscience psychotherapy""]"
Vitamin K2 and the Calcium Paradox,Kate Rheaume-bleue,dataset\adjusted_dataset\Medical\0000883.jpg,"[[[9, 195], [512, 195], [512, 389], [9, 389]]]","[""vitamn k uhm tme calcium paredox""]"
The Structure of Magic: A Book About Communication and Change v. 2,John Grinder,dataset\adjusted_dataset\Medical\0000884.jpg,[],[]
Mentalization-Based Treatment for Personality Disorders,Anthony Bateman,dataset\adjusted_dataset\Medical\0000885.jpg,"[[[36, 146], [475, 146], [475, 194], [36, 194]]]","[""based treatmentfda peasonality disoaders""]"
"First Aid for the USMLE Step 2 CK, Tenth Edition",Tao Le,dataset\adjusted_dataset\Medical\0000886.jpg,"[[[10, 6], [497, 6], [497, 375], [10, 375]]]","[""first aidtpe usmle step 2 ck clinical knowledge lan snvdext guide siucext to wabea+e4a""]"
Gluten-Free Artisan Bread in Five Minutes a Day,Jeff Hertzberg,dataset\adjusted_dataset\Medical\0000887.jpg,"[[[16, 431], [471, 431], [471, 512], [16, 512]]]","[""cluten-trce a fan ttcad in fiv minue: { dave""]"
The Encyclopedia of Psychoactive Plants,Christian Rätsch,dataset\adjusted_dataset\Medical\0000888.jpg,"[[[56, 182], [454, 182], [454, 210], [56, 210]]]","[""the encyclofedia cf""]"
DMSO,Morton Walker,dataset\adjusted_dataset\Medical\0000889.jpg,[],[]
Self-Therapy,Jay Earley,dataset\adjusted_dataset\Medical\0000890.jpg,"[[[21, 208], [491, 208], [491, 280], [21, 280]]]","[""seli therapy""]"
Letting Go,Charlie Corke,dataset\adjusted_dataset\Medical\0000891.jpg,[],[]
Mucusless Diet Healing System,Arnold Ehret,dataset\adjusted_dataset\Medical\0000892.jpg,"[[[37, 44], [468, 44], [468, 237], [37, 237]]]","[""icresec-amold ehers mucusless diet healing system scirndft merhodnf fnrin; gr 777 0 itel di donee""]"
Exercise Physiology,William D. McArdle,dataset\adjusted_dataset\Medical\0000893.jpg,"[[[108, 107], [397, 107], [397, 205], [108, 205]]]","[""exercise physiology""]"
Ever Patient Tells a Story,Lisa Sanders,dataset\adjusted_dataset\Medical\0000894.jpg,"[[[18, 57], [496, 57], [496, 172], [18, 172]]]","[""every patient tells 0 story""]"
The Autistic Spectrum,Lorna Wing,dataset\adjusted_dataset\Medical\0000895.jpg,"[[[66, 178], [444, 178], [444, 277], [66, 277]]]","[""autistic sfectrun""]"
Disease-Proof Your Child,Joel Fuhrman M D,dataset\adjusted_dataset\Medical\0000896.jpg,"[[[29, 45], [460, 45], [460, 255], [29, 255]]]","[""disease-proof your child feeding kida right""]"
Fragile Lives,Stephen Westaby,dataset\adjusted_dataset\Medical\0000897.jpg,"[[[23, 67], [500, 67], [500, 237], [23, 237]]]","[""fragile iv e s""]"
Preparing for the BMAT: The official guide to the Biomedical Admissions Test New Edition,,dataset\adjusted_dataset\Medical\0000898.jpg,[],[]
The Longevity Diet,Valter Longo,dataset\adjusted_dataset\Medical\0000899.jpg,"[[[71, 435], [440, 435], [440, 481], [71, 481]]]","[""valter longo ph d uee""]"
The Heart and Soul of Change,Barry L. Duncan,dataset\adjusted_dataset\Medical\0000900.jpg,"[[[29, 52], [484, 52], [484, 343], [29, 343]]]","[""the heart &soulo change second edirion e4nn #enedintith""]"
She Comes First,Ian Kerner,dataset\adjusted_dataset\Medical\0000901.jpg,[],[]
Phantoms in the Brain,"V S Ramachandran M.D., Ph.D.",dataset\adjusted_dataset\Medical\0000902.jpg,"[[[32, 100], [510, 100], [510, 181], [32, 181]]]","[""paantom$ in t h e b katn""]"
"Rest, Play, Grow",Deborah MacNamara PhD,dataset\adjusted_dataset\Medical\0000903.jpg,[],[]
The Mind and the Brain,Jeffrey M Schartz,dataset\adjusted_dataset\Medical\0000904.jpg,"[[[42, 77], [230, 77], [230, 109], [42, 109]]]","[""tk mind""]"
"You Mean I'm Not Lazy, Stupid or Crazy?!",Kate Kelly,dataset\adjusted_dataset\Medical\0000905.jpg,"[[[18, 12], [482, 12], [482, 366], [18, 366]]]","[""you mean tm not lazy stupid or crazy?! njw tht daair zu -hetp updalsd bock iundlb #e \""earucn delizi civomier""]"
Chris Beat Cancer,Christ Wark,dataset\adjusted_dataset\Medical\0000906.jpg,"[[[36, 102], [475, 102], [475, 490], [36, 490]]]","[""chris beat cancer c h ris w a r k""]"
Sports Injury Prevention and Rehabilitation,David Joyce,dataset\adjusted_dataset\Medical\0000907.jpg,"[[[51, 40], [393, 40], [393, 229], [51, 229]]]","[""sports injury prevention and rehabilitation 4xa wemeuhvcc reenocrehelcejnjyt""]"
The Roar Behind the Silence,Sheena Byrom,dataset\adjusted_dataset\Medical\0000908.jpg,"[[[0, 0], [512, 0], [512, 512], [0, 512]]]","[""roar behiid stfnce""]"
The Green Zone Conversation Book,Joel Shaul,dataset\adjusted_dataset\Medical\0000909.jpg,"[[[57, 142], [457, 142], [457, 403], [57, 403]]]","[""green zone conmpsatian bpok""]"
One Day at a Time Diary 2020,Abby Wynne,dataset\adjusted_dataset\Medical\0000910.jpg,"[[[95, 105], [417, 105], [417, 207], [95, 207]]]","[""qhe day at a thme 777100467""]"
Notes on Nursing,Florence Nightingale,dataset\adjusted_dataset\Medical\0000911.jpg,"[[[25, 266], [296, 266], [296, 376], [25, 376]]]","[""notes on nursing""]"
The Adrenal Thyroid Revolution,Aviva Romm,dataset\adjusted_dataset\Medical\0000912.jpg,"[[[0, 53], [512, 53], [512, 402], [0, 402]]]","[""adrenal thyroid revolution 4rovex hweee pacgaih to heicue youf heteclen hd#kone; hikt  mood""]"
Steps to an Ecology of Mind,Gregory Bateson,dataset\adjusted_dataset\Medical\0000913.jpg,,
Vascular System and Viscera Anatomical Chart,Anatomical Chart Company,dataset\adjusted_dataset\Medical\0000914.jpg,[],[]
The Memory Book,Tony Buzan,dataset\adjusted_dataset\Medical\0000915.jpg,[],[]
Self-Regulation Interventions and Strategies,Teresa Garland,dataset\adjusted_dataset\Medical\0000916.jpg,"[[[52, 81], [408, 81], [408, 231], [52, 231]]]","[""belf-regulation interventons and btrategies otn dd4""]"
Close Your Mouth,Patrick G. McKeown,dataset\adjusted_dataset\Medical\0000917.jpg,"[[[0, 0], [512, 0], [512, 152], [0, 152]]]","[""close your mouth buntka bgachinn oac {nfnln minnl""]"
Overcoming Health Anxiety,David Veale,dataset\adjusted_dataset\Medical\0000918.jpg,[],[]
A Secure Base,John Bowlby,dataset\adjusted_dataset\Medical\0000919.jpg,[],[]
Hamlyn All Colour Cookery: 200 5:2 Diet Recipes,Angela Dowden,dataset\adjusted_dataset\Medical\0000920.jpg,"[[[57, 165], [492, 165], [492, 253], [57, 253]]]","[""200 sediet recipes""]"
Body-centered Psychotherapy,Ron Kurtz,dataset\adjusted_dataset\Medical\0000921.jpg,"[[[55, 243], [464, 243], [464, 352], [55, 352]]]","[""bodxcentertd psychotherapy tc / jkl\""  anor""]"
Insecure in Love,Leslie Becker-phelps,dataset\adjusted_dataset\Medical\0000922.jpg,[],[]
Primal Wound,Nancy Verrier,dataset\adjusted_dataset\Medical\0000923.jpg,"[[[122, 106], [390, 106], [390, 286], [122, 286]]]","[""primal wound underatanding hte adopterl child""]"
Chris Beat Cancer,Chris Wark,dataset\adjusted_dataset\Medical\0000924.jpg,"[[[36, 104], [474, 104], [474, 490], [36, 490]]]","[""chris beat cancer c h ris w a r k""]"
The Anxiety and Worry Workbook,David A. Clark,dataset\adjusted_dataset\Medical\0000925.jpg,[],[]
The Bloke's Guide To Pregnancy,Jon Smith,dataset\adjusted_dataset\Medical\0000926.jpg,"[[[14, 84], [510, 84], [510, 501], [14, 501]]]","[""the bloke's guide t0 pregnancy jon smith #unllno uut""]"
Examkrackers 101 Passages in MCAT Verbal Reasoning,David Orsay,dataset\adjusted_dataset\Medical\0000927.jpg,"[[[0, 43], [498, 43], [498, 298], [0, 298]]]","[""mcat [+se4ges 14 il !cl verbalreasoning""]"
The Light In The Window,June Goulding,dataset\adjusted_dataset\Medical\0000928.jpg,"[[[7, 314], [469, 314], [469, 512], [7, 512]]]","[""ttc lightin chewindow  | n ! 0 vv | \"" | nt""]"
The Poisoner's Handbook,Professor of Journalism Deborah Blum,dataset\adjusted_dataset\Medical\0000929.jpg,"[[[88, 218], [430, 218], [430, 294], [88, 294]]]","[""posoners 7 d ndooor""]"
Netter's Anatomy Flash Cards,John T. Hansen,dataset\adjusted_dataset\Medical\0000930.jpg,"[[[52, 32], [342, 32], [342, 145], [52, 145]]]","[""nftttrs anatomt flasit cards feur""]"
Forensics,Val McDermid,dataset\adjusted_dataset\Medical\0000931.jpg,[],[]
Robbins Basic Pathology,Vinay Kumar,dataset\adjusted_dataset\Medical\0000932.jpg,"[[[72, 107], [422, 107], [422, 250], [72, 250]]]","[""robbins basic pathology""]"
Facial Diagnosis of Cell Salt Deficiencies,David R. Card,dataset\adjusted_dataset\Medical\0000933.jpg,"[[[60, 18], [444, 18], [444, 249], [60, 249]]]","[""fagml diagnosts of cell salt deficiencies ljrr> gnm""]"
Ketogenic Diet,Malik Johnson,dataset\adjusted_dataset\Medical\0000934.jpg,[],[]
My Age of Anxiety,Scott Stossel,dataset\adjusted_dataset\Medical\0000935.jpg,"[[[88, 113], [497, 113], [497, 295], [88, 295]]]","[""mz 432 *f anxtety""]"
Netter's Anatomy Coloring Book Updated Edition,John T. Hansen,dataset\adjusted_dataset\Medical\0000936.jpg,"[[[20, 61], [334, 61], [334, 237], [20, 237]]]","[""netter's anatomy coloring book""]"
"Learning ACT, 2nd Edition",Jason B. Luoma,dataset\adjusted_dataset\Medical\0000937.jpg,"[[[52, 92], [373, 92], [373, 165], [52, 165]]]","[""learning""]"
The Brain over Binge Recovery Guide,Kathryn Hansen,dataset\adjusted_dataset\Medical\0000938.jpg,"[[[29, 25], [483, 25], [483, 131], [29, 131]]]","[""brain over binge recovery guide flj /30""]"
Exploring Feelings for Young Children with High-Functioning Autism or Asperger's Disorder,Tony Attwood,dataset\adjusted_dataset\Medical\0000939.jpg,"[[[28, 29], [453, 29], [453, 268], [28, 268]]]","[""exploring feelings fi yollx chicu wtl* hign-functioning autisn) *r #prlxt\"" hlturdcr""]"
Aids to the Examination of the Peripheral Nervous System,Michael O'Brien,dataset\adjusted_dataset\Medical\0000940.jpg,"[[[29, 17], [393, 17], [393, 228], [29, 228]]]","[""adsttht fx mnation tl perifheral neryous system ftt tdt dn""]"
Let the Children Play,Pasi Sahlberg,dataset\adjusted_dataset\Medical\0000941.jpg,[],[]
Bioenergetics,Alexander Lowen,dataset\adjusted_dataset\Medical\0000942.jpg,,
Meditation Made Easy,Lorin Roche,dataset\adjusted_dataset\Medical\0000943.jpg,"[[[16, 22], [482, 22], [482, 178], [16, 178]]]","[""meditation made easy win wc4e w m""]"
The Healthiest Diet on the Planet,John McDougall,dataset\adjusted_dataset\Medical\0000944.jpg,"[[[25, 48], [491, 48], [491, 221], [25, 221]]]","[""the healthiest diet onthe planet tiulen""]"
1001 Solution-Focused Questions,Fredrike Bannink,dataset\adjusted_dataset\Medical\0000945.jpg,"[[[25, 172], [495, 172], [495, 316], [25, 316]]]","[""1001 soltion-focused questions""]"
New Peoplemaking,Virginia M. Satir,dataset\adjusted_dataset\Medical\0000946.jpg,"[[[26, 88], [494, 88], [494, 164], [26, 164]]]","[""peoplehak ia6""]"
Shinrin-Yoku,Dr Qing Li,dataset\adjusted_dataset\Medical\0000947.jpg,"[[[150, 187], [397, 187], [397, 212], [150, 212]]]","[""shinein-toru""]"
"Think, Learn, Succeed Workbook",Dr. Caroline Leaf,dataset\adjusted_dataset\Medical\0000948.jpg,"[[[118, 297], [393, 297], [393, 381], [118, 381]]]","[""thtnk learn""]"
The 12 Stages of Healing,Donald M. Epstein,dataset\adjusted_dataset\Medical\0000949.jpg,"[[[38, 15], [492, 15], [492, 209], [38, 209]]]","[""12 stages healing""]"
The Little Book of Big Weightloss,Bernadette Fisers,dataset\adjusted_dataset\Medical\0000950.jpg,"[[[112, 26], [398, 26], [398, 195], [112, 195]]]","[""t mink dook uf big mmtve""]"
Mindfulness for Borderline Personality Disorder,Blaise Aguirre,dataset\adjusted_dataset\Medical\0000951.jpg,"[[[99, 53], [413, 53], [413, 148], [99, 148]]]","[""mindfulness for borderline persorality jintrder""]"
Plant Spirit Medicine,Eliot Cowan,dataset\adjusted_dataset\Medical\0000952.jpg,"[[[37, 18], [486, 18], [486, 285], [37, 285]]]","[""plant spirit medicine""]"
Emperor of All Maladies,Siddharta Mukherjee,dataset\adjusted_dataset\Medical\0000953.jpg,[],[]
The Mental Health Handbook,Trevor Powell,dataset\adjusted_dataset\Medical\0000954.jpg,"[[[88, 130], [464, 130], [464, 375], [88, 375]]]","[""ts meuta] health handboel leq\""ti@cwdcodkoud don tiinn""]"
The Happiest Baby Guide to Great Sleep,Harvey Karp,dataset\adjusted_dataset\Medical\0000955.jpg,"[[[22, 338], [496, 338], [496, 511], [22, 511]]]","[""happiest baby guide +0 great sleep outeetuntctatrrtn -jaje;""]"
Bright Kids Who Can't Keep Up,Ellen Braaten,dataset\adjusted_dataset\Medical\0000956.jpg,[],[]
Strangers to Ourselves,Timothy D. Wilson,dataset\adjusted_dataset\Medical\0000957.jpg,[],[]
Mountains Beyond Mountains,Tracy Kidder,dataset\adjusted_dataset\Medical\0000958.jpg,"[[[53, 16], [475, 16], [475, 257], [53, 257]]]","[""jayek ut fllzi re tracy kdde r mountatny b eyond moun|4tny""]"
All Things Wise and Wonderful,James Herriot,dataset\adjusted_dataset\Medical\0000959.jpg,[],[]
What's Going on in There?,Lise Eliot,dataset\adjusted_dataset\Medical\0000960.jpg,"[[[19, 3], [493, 3], [493, 93], [19, 93]]]","[""whatsgoinc on in thcrc?""]"
Deadly Medicines and Organised Crime,Peter C. Gotzsche,dataset\adjusted_dataset\Medical\0000961.jpg,[],[]
Crucial Interventions,Richard Barnett,dataset\adjusted_dataset\Medical\0000962.jpg,[],[]
The Depression Cure,Stephen S. Ilardi,dataset\adjusted_dataset\Medical\0000963.jpg,"[[[59, 108], [482, 108], [482, 347], [59, 347]]]","[""depression cure uanteod hnu doudtakt""]"
Art Therapy Exercises,Liesl Silverstone,dataset\adjusted_dataset\Medical\0000964.jpg,"[[[22, 43], [474, 43], [474, 199], [22, 199]]]","[""art therapy exercises in-nizaaud kieei idez w tnuljeteirinn liesl silveretone bentem""]"
Shrinks,Jeffrey A. Lieberman,dataset\adjusted_dataset\Medical\0000965.jpg,"[[[19, 167], [491, 167], [491, 259], [19, 259]]]","[""shrinks""]"
How Not To Diet,Michael Greger,dataset\adjusted_dataset\Medical\0000966.jpg,[],[]
Tripping Over the Truth,Travis Christofferson,dataset\adjusted_dataset\Medical\0000967.jpg,[],[]
Memoirs of an Addicted Brain,Marc Lewis,dataset\adjusted_dataset\Medical\0000968.jpg,"[[[69, 90], [438, 90], [438, 200], [69, 200]]]","[""apbictep bkatn""]"
Becoming an Emotionally Focused Couple Therapist,Susan M. Johnson,dataset\adjusted_dataset\Medical\0000969.jpg,"[[[27, 17], [483, 17], [483, 138], [27, 138]]]","[""'becoming an 'emotiorolly 'tocused coupla ' therapist \""nr uis lneut""]"
Creative Process in Gestalt Therapy,Joseph C. Zinker,dataset\adjusted_dataset\Medical\0000970.jpg,[],[]
Cognitive Processing Therapy for PTSD,Patricia A. Resick,dataset\adjusted_dataset\Medical\0000971.jpg,"[[[80, 76], [439, 76], [439, 429], [80, 429]]]","[""cognitive processing therapy for ptsd compchenite menusi fitrciz rrack cundica bl manson rahlan m chnrd""]"
The Neurobiology of Attachment-Focused Therapy,Jonathan Baylin,dataset\adjusted_dataset\Medical\0000972.jpg,"[[[33, 356], [475, 356], [475, 392], [33, 392]]]","[""auuclicucit-fucuscd thetpy""]"
Oxford Handbook of Clinical Diagnosis,Huw Llewelyn,dataset\adjusted_dataset\Medical\0000973.jpg,"[[[31, 96], [395, 96], [395, 184], [31, 184]]]","[""ofnarl m jjlock clinical diagnosis""]"
Smart Moves,Carla Hannaford,dataset\adjusted_dataset\Medical\0000974.jpg,[],[]
Creative Interventions with Traumatized Children,Cathy A. Malchiodi,dataset\adjusted_dataset\Medical\0000975.jpg,"[[[20, 308], [492, 308], [492, 502], [20, 502]]]","[""interventions with traumatized children edscathy a. malchiodi""]"
Kaplan and Sadock's Synopsis of Psychiatry,Benjamin J. Sadock,dataset\adjusted_dataset\Medical\0000976.jpg,"[[[34, 140], [472, 140], [472, 190], [34, 190]]]","[""of psychiatry""]"
The Science of Trust,John M. Gottman,dataset\adjusted_dataset\Medical\0000977.jpg,"[[[41, 58], [475, 58], [475, 199], [41, 199]]]","[""the science of trust elcti4l krtdkdate] -ofcourc;""]"
Freedom from Pain,Peter Levine,dataset\adjusted_dataset\Medical\0000978.jpg,"[[[13, 157], [507, 157], [507, 474], [13, 474]]]","[""treedom froma pain wfix:tl \""udr kusgit paillip;   phi""]"
From Here to Eternity,Caitlin Doughty,dataset\adjusted_dataset\Medical\0000979.jpg,"[[[169, 329], [339, 329], [339, 367], [169, 367]]]","[""eternitt""]"
Oxford Handbook of Obstetrics and Gynaecology (flexicover),Sally Collins,dataset\adjusted_dataset\Medical\0000980.jpg,"[[[28, 94], [469, 94], [469, 183], [28, 183]]]","[""gxrordhendbookof dbstetrics and gynaecology""]"
Healing Add,Daniel Amen,dataset\adjusted_dataset\Medical\0000981.jpg,[],[]
Nursing and Midwifery Research,Dean Whitehead,dataset\adjusted_dataset\Medical\0000982.jpg,"[[[45, 115], [312, 115], [312, 245], [45, 245]]]","[""nursing midwifery research""]"
I Found My Tribe,Ruth Fitzmaurice,dataset\adjusted_dataset\Medical\0000983.jpg,"[[[68, 53], [465, 53], [465, 172], [68, 172]]]","[""1 found my tribe""]"
Understanding and Treating Chronic Shame,Patricia A. DeYoung,dataset\adjusted_dataset\Medical\0000984.jpg,"[[[39, 262], [470, 262], [470, 302], [39, 302]]]","[""chronic shme""]"
How God Changes Your Brain,Andrew B. Newberg,dataset\adjusted_dataset\Medical\0000985.jpg,"[[[17, 101], [499, 101], [499, 487], [17, 487]]]","[""god changes youk brain r mmnmddnne ialhx nanrea # ft anmexnexmerm\"" \""drrnek\""tvn""]"
Stiff,Mary Roach,dataset\adjusted_dataset\Medical\0000986.jpg,[],[]
Basic epidemiology,World Health Organization(WHO),dataset\adjusted_dataset\Medical\0000987.jpg,"[[[5, -24], [477, -24], [477, 512], [5, 512]]]","[""ttt tr 6 * % basic x k emideiniology # t $ le""]"
From Fatigued to Fantastic,Jacob Teitelbaum,dataset\adjusted_dataset\Medical\0000988.jpg,"[[[15, 102], [507, 102], [507, 412], [15, 412]]]","[""fatigued fantastic cnth dtro tilaell @cisec mifecina""]"
Break Free from OCD,Fiona Challacombe,dataset\adjusted_dataset\Medical\0000989.jpg,"[[[27, 130], [512, 130], [512, 384], [27, 384]]]","[""break free from cd""]"
