name,author,img_paths,bounding_boxes,text
Peppa Pig: Little Library,Peppa Pig,dataset\adjusted_dataset\Graphic-Novels-Anime-Manga\0000001.jpg,"[[[102, 71], [488, 71], [488, 196], [102, 196]]]","[""'fa} little reere library""]"
I Want My Hat Back,Jon Klassen,dataset\adjusted_dataset\Graphic-Novels-Anime-Manga\0000002.jpg,"[[[86, 32], [444, 32], [444, 100], [86, 100]]]","[""want myhat bacr jon riaka""]"
The Gruffalo,Julia Donaldson,dataset\adjusted_dataset\Graphic-Novels-Anime-Manga\0000003.jpg,"[[[22, 23], [366, 23], [366, 134], [22, 134]]]","[""groffalo""]"
Aristotle and Dante Discover the Secrets of the Universe,Benjamin Alire Saenz,dataset\adjusted_dataset\Graphic-Novels-Anime-Manga\0000004.jpg,"[[[112, 69], [364, 69], [364, 351], [112, 351]]]","[""brisltle ~zite diitter 55cts # untrise""]"
Look Inside Things That Go,Rob Lloyd Jones,dataset\adjusted_dataset\Graphic-Novels-Anime-Manga\0000005.jpg,"[[[41, 87], [462, 87], [462, 202], [41, 202]]]","[""look inside things that go""]"
Rainbow Fish,Marcus Pfister,dataset\adjusted_dataset\Graphic-Novels-Anime-Manga\0000006.jpg,"[[[73, 401], [377, 401], [377, 444], [73, 444]]]","[""thf rainbov""]"
In My Heart:A Book of Feelings,Jo Witek,dataset\adjusted_dataset\Graphic-Novels-Anime-Manga\0000007.jpg,[],[]
The Complete MAUS,Art Spiegelman,dataset\adjusted_dataset\Graphic-Novels-Anime-Manga\0000008.jpg,[],[]
Looking for Alaska,John Green,dataset\adjusted_dataset\Graphic-Novels-Anime-Manga\0000009.jpg,[],[]
Billionaire Boy,David Walliams,dataset\adjusted_dataset\Graphic-Novels-Anime-Manga\0000010.jpg,"[[[2, 23], [507, 23], [507, 220], [2, 220]]]","[""~daw  wallams billonaire boy""]"
Mr Stink,David Walliams,dataset\adjusted_dataset\Graphic-Novels-Anime-Manga\0000011.jpg,"[[[36, 40], [490, 40], [490, 180], [36, 180]]]","[""mr stink ~dand walhthr""]"
Harry Potter and the Prisoner of Azkaban,J. K. Rowling,dataset\adjusted_dataset\Graphic-Novels-Anime-Manga\0000012.jpg,[],[]
Heartstopper Volume One,ALICE OSEMAN,dataset\adjusted_dataset\Graphic-Novels-Anime-Manga\0000013.jpg,[],[]
Saga Volume 1,Brian K. Vaughan,dataset\adjusted_dataset\Graphic-Novels-Anime-Manga\0000014.jpg,"[[[81, 343], [422, 343], [422, 458], [81, 458]]]","[""saga""]"
The Story of Ferdinand,Munro Leaf,dataset\adjusted_dataset\Graphic-Novels-Anime-Manga\0000015.jpg,"[[[161, 49], [353, 49], [353, 85], [161, 85]]]","[""tthe stokx""]"
The Hunger Games,Suzanne Collins,dataset\adjusted_dataset\Graphic-Novels-Anime-Manga\0000016.jpg,"[[[34, 430], [478, 430], [478, 498], [34, 498]]]","[""the hunger grmes #uancdn;""]"
Harry Potter and the Philosopher's Stone - Hufflepuff Edition,J. K. Rowling,dataset\adjusted_dataset\Graphic-Novels-Anime-Manga\0000017.jpg,[],[]
Harry Potter and the Goblet of Fire,J. K. Rowling,dataset\adjusted_dataset\Graphic-Novels-Anime-Manga\0000018.jpg,[],[]
Heartstopper Volume Two,ALICE OSEMAN,dataset\adjusted_dataset\Graphic-Novels-Anime-Manga\0000019.jpg,"[[[11, 271], [507, 271], [507, 411], [11, 411]]]","[""heartsteekr alic e dslra\""""]"
"Uzumaki (3-in-1, Deluxe Edition)",Junji Ito,dataset\adjusted_dataset\Graphic-Novels-Anime-Manga\0000020.jpg,"[[[27, 161], [496, 161], [496, 282], [27, 282]]]","[""uzumak i vhii itd""]"
"Batman The Killing Joke, Deluxe Edition",Alan Moore,dataset\adjusted_dataset\Graphic-Novels-Anime-Manga\0000021.jpg,[],[]
Harry Potter and the Cursed Child - Parts One and Two,J. K. Rowling,dataset\adjusted_dataset\Graphic-Novels-Anime-Manga\0000022.jpg,"[[[46, 9], [460, 9], [460, 195], [46, 195]]]","[""harry potter cursedtehild""]"
Persepolis I & II,Marjane Satrapi,dataset\adjusted_dataset\Graphic-Novels-Anime-Manga\0000023.jpg,"[[[23, 27], [494, 27], [494, 80], [23, 80]]]","[""persepolis""]"
"My Hero Academia, Vol. 1",Kohei Horikoshi,dataset\adjusted_dataset\Graphic-Novels-Anime-Manga\0000024.jpg,[],[]
Adulthood Is a Myth,Sarah Andersen,dataset\adjusted_dataset\Graphic-Novels-Anime-Manga\0000025.jpg,"[[[52, 18], [512, 18], [512, 182], [52, 182]]]","[""adulthood i5 a myth a sucktscb>coltcn""]"
Saga Volume 2,Brian K. Vaughan,dataset\adjusted_dataset\Graphic-Novels-Anime-Manga\0000026.jpg,"[[[78, 337], [428, 337], [428, 470], [78, 470]]]","[""saga""]"
Thing Explainer,Randall Munroe,dataset\adjusted_dataset\Graphic-Novels-Anime-Manga\0000027.jpg,"[[[118, 62], [398, 62], [398, 203], [118, 203]]]","[""thing explainer consutated?tfr in wyple reri?""]"
Maps,Aleksandra Mizielinski,dataset\adjusted_dataset\Graphic-Novels-Anime-Manga\0000028.jpg,"[[[85, 89], [426, 89], [426, 193], [85, 193]]]","[""yeps""]"
Unofficial Harry Potter Cookbook,Dinah Bucholz,dataset\adjusted_dataset\Graphic-Novels-Anime-Manga\0000029.jpg,"[[[65, 41], [449, 41], [449, 247], [65, 247]]]","[""unofficial hapry pottep coorzoor""]"
Saga Volume 3,Brian K. Vaughan,dataset\adjusted_dataset\Graphic-Novels-Anime-Manga\0000030.jpg,"[[[69, 349], [437, 349], [437, 502], [69, 502]]]","[""saga tamee""]"
Darth Vader and Son,Jeffrey Brown,dataset\adjusted_dataset\Graphic-Novels-Anime-Manga\0000031.jpg,"[[[176, 10], [484, 10], [484, 278], [176, 278]]]","[""itaewiar darth vader @nd son""]"
V For Vendetta New (New Edition Tpb),Alan Moore,dataset\adjusted_dataset\Graphic-Novels-Anime-Manga\0000032.jpg,[],[]
"My Hero Academia, Vol. 2",Kouhei Horikoshi,dataset\adjusted_dataset\Graphic-Novels-Anime-Manga\0000033.jpg,[],[]
The True Story Of The Three Little Pigs,Jon Scieszka,dataset\adjusted_dataset\Graphic-Novels-Anime-Manga\0000034.jpg,"[[[25, 0], [480, 0], [480, 221], [25, 221]]]","[""dalr ltole the true story of the 3 lmttle pigs! ry wou""]"
The Gruffalo,Julia Donaldson,dataset\adjusted_dataset\Graphic-Novels-Anime-Manga\0000035.jpg,"[[[15, 44], [340, 44], [340, 128], [15, 128]]]","[""gruffalo""]"
Dog Man 5: Lord of the Fleas,Dav Pilkey,dataset\adjusted_dataset\Graphic-Novels-Anime-Manga\0000036.jpg,"[[[64, 26], [475, 26], [475, 156], [64, 156]]]","[""dognman llorp df ihe fleas""]"
Paddington,Michael Bond,dataset\adjusted_dataset\Graphic-Novels-Anime-Manga\0000037.jpg,"[[[0, 169], [279, 169], [279, 333], [0, 333]]]","[""paddington mielacl rond 777 \""""]"
The Family Book,Todd Parr,dataset\adjusted_dataset\Graphic-Novels-Anime-Manga\0000038.jpg,"[[[27, 4], [487, 4], [487, 91], [27, 91]]]","[""the family book""]"
The Walking Dead Compendium Volume 1,Robert Kirkman,dataset\adjusted_dataset\Graphic-Novels-Anime-Manga\0000039.jpg,[],[]
The Day The Crayons Came Home,Drew Daywalt,dataset\adjusted_dataset\Graphic-Novels-Anime-Manga\0000040.jpg,"[[[29, 16], [489, 16], [489, 177], [29, 177]]]","[""the dar tke \u20acra rons cufn \u20ac #om \u20ac""]"
"My Hero Academia, Vol. 3",Kohei Horikoshi,dataset\adjusted_dataset\Graphic-Novels-Anime-Manga\0000041.jpg,[],[]
"Tokyo Ghoul, Vol. 1",Sui Ishida,dataset\adjusted_dataset\Graphic-Novels-Anime-Manga\0000042.jpg,"[[[1, 6], [226, 6], [226, 184], [1, 184]]]","[""dc tokyo choul""]"
The Rabbits,Shaun Tan,dataset\adjusted_dataset\Graphic-Novels-Anime-Manga\0000043.jpg,"[[[192, 117], [416, 117], [416, 150], [192, 150]]]","[""tae rabbts""]"
Batman Year One,Frank Miller,dataset\adjusted_dataset\Graphic-Novels-Anime-Manga\0000044.jpg,"[[[141, 379], [426, 379], [426, 415], [141, 415]]]","[""tear one""]"
Dear Zoo Noisy Book,Rod Campbell,dataset\adjusted_dataset\Graphic-Novels-Anime-Manga\0000045.jpg,"[[[32, 12], [370, 12], [370, 167], [32, 167]]]","[""dear zoo nuisy buok""]"
Saga Volume 4,Brian K. Vaughan,dataset\adjusted_dataset\Graphic-Novels-Anime-Manga\0000046.jpg,"[[[80, 340], [436, 340], [436, 495], [80, 495]]]","[""saga toi""]"
Watchmen International Edition,Alan Moore,dataset\adjusted_dataset\Graphic-Novels-Anime-Manga\0000047.jpg,[],[]
Harold and the Purple Crayon,Crockett Johnson,dataset\adjusted_dataset\Graphic-Novels-Anime-Manga\0000048.jpg,"[[[18, 39], [474, 39], [474, 245], [18, 245]]]","[""harold and te 50 purple crayon""]"
The Umbrella Academy Volume 1: Apocalypse Suite,Gerard Way,dataset\adjusted_dataset\Graphic-Novels-Anime-Manga\0000049.jpg,[],[]
"My Hero Academia, Vol. 4",Kohei Horikoshi,dataset\adjusted_dataset\Graphic-Novels-Anime-Manga\0000050.jpg,[],
Attack On Titan 1,Hajime Isayama,dataset\adjusted_dataset\Graphic-Novels-Anime-Manga\0000051.jpg,"[[[20, 0], [405, 0], [405, 139], [20, 139]]]","[""attack ontitan""]"
"One-Punch Man, Vol. 1",One,dataset\adjusted_dataset\Graphic-Novels-Anime-Manga\0000052.jpg,[],[]
"My Hero Academia, Vol. 5",Kohei Horikoshi,dataset\adjusted_dataset\Graphic-Novels-Anime-Manga\0000053.jpg,[],[]
Thirteen Reasons Why,Jay Asher,dataset\adjusted_dataset\Graphic-Novels-Anime-Manga\0000054.jpg,"[[[42, 50], [461, 50], [461, 80], [42, 80]]]","[""13 aeasons wht [""]"
The Magic of Reality,Richard Dawkins,dataset\adjusted_dataset\Graphic-Novels-Anime-Manga\0000055.jpg,"[[[66, 220], [487, 220], [487, 431], [66, 431]]]","[""magic of cality ~hnamu rn""]"
Batman Hush,Jeph Loeb,dataset\adjusted_dataset\Graphic-Novels-Anime-Manga\0000056.jpg,"[[[20, 164], [487, 164], [487, 289], [20, 289]]]","[""4ush""]"
The Ugly Truth (Diary of a Wimpy Kid book 5),Jeff Kinney,dataset\adjusted_dataset\Graphic-Novels-Anime-Manga\0000057.jpg,"[[[71, 93], [469, 93], [469, 233], [71, 233]]]","[""wpkd the ugly truth""]"
After We Collided,Anna Todd,dataset\adjusted_dataset\Graphic-Novels-Anime-Manga\0000058.jpg,"[[[0, 31], [512, 31], [512, 436], [0, 436]]]","[""after we col aded annatodd #x 02 icae""]"
Saga Volume 9,Brian K Vaughan,dataset\adjusted_dataset\Graphic-Novels-Anime-Manga\0000059.jpg,[],[]
Saga Volume 5,Brian K. Vaughan,dataset\adjusted_dataset\Graphic-Novels-Anime-Manga\0000060.jpg,"[[[80, 344], [436, 344], [436, 478], [80, 478]]]","[""saga""]"
DanTDM: Trayaurus and the Enchanted Crystal,DanTDM,dataset\adjusted_dataset\Graphic-Novels-Anime-Manga\0000061.jpg,[],[]
"Tokyo Ghoul, Vol. 2",Sui Ishida,dataset\adjusted_dataset\Graphic-Novels-Anime-Manga\0000062.jpg,"[[[289, 106], [512, 106], [512, 189], [289, 189]]]","[""tokyo ghoul""]"
The Arrival,Shaun Tan,dataset\adjusted_dataset\Graphic-Novels-Anime-Manga\0000063.jpg,"[[[146, 60], [413, 60], [413, 100], [146, 100]]]","[""arrtyal""]"
Berserk Deluxe Volume 1,Kentaro Miura,dataset\adjusted_dataset\Graphic-Novels-Anime-Manga\0000064.jpg,[],[]
We Have Always Lived in the Castle,Shirley Jackson,dataset\adjusted_dataset\Graphic-Novels-Anime-Manga\0000065.jpg,"[[[182, 55], [475, 55], [475, 207], [182, 207]]]","[""shirley jackson wehave alwavslved inthecastle""]"
Fun Home,Alison Bechdel,dataset\adjusted_dataset\Graphic-Novels-Anime-Manga\0000066.jpg,[],[]
The Adventures of Dog Man 4: Dog Man and Cat Kid,Dav Pilkey,dataset\adjusted_dataset\Graphic-Novels-Anime-Manga\0000067.jpg,"[[[59, 32], [442, 32], [442, 149], [59, 149]]]","[""do:man and cat kid""]"
"Will Grayson, Will Grayson",John Green,dataset\adjusted_dataset\Graphic-Novels-Anime-Manga\0000068.jpg,"[[[42, 11], [491, 11], [491, 202], [42, 202]]]","[""will grayson; will grayson wem yor ticie5 dobtsgllee""]"
After,Anna Todd,dataset\adjusted_dataset\Graphic-Novels-Anime-Manga\0000069.jpg,"[[[0, 218], [512, 218], [512, 423], [0, 423]]]","[""after nnmdd""]"
Little Women,Louisa May Alcott,dataset\adjusted_dataset\Graphic-Novels-Anime-Manga\0000070.jpg,"[[[75, 52], [467, 52], [467, 481], [75, 481]]]","[""ittle &mon jenc-itlay""]"
Berserk Volume 1,Kentaro Miura,dataset\adjusted_dataset\Graphic-Novels-Anime-Manga\0000071.jpg,"[[[40, 24], [450, 24], [450, 120], [40, 120]]]","[""gerserk""]"
Harry Potter: A Pop-Up Book,Bruce Foster,dataset\adjusted_dataset\Graphic-Novels-Anime-Manga\0000072.jpg,"[[[40, 10], [477, 10], [477, 148], [40, 148]]]","[""halzh otter pop p book""]"
Drama,Raina Telgemeier,dataset\adjusted_dataset\Graphic-Novels-Anime-Manga\0000073.jpg,"[[[51, 86], [458, 86], [458, 160], [51, 160]]]","[""drama""]"
"My Hero Academia, Vol. 6",Kohei Horikoshi,dataset\adjusted_dataset\Graphic-Novels-Anime-Manga\0000074.jpg,"[[[79, 11], [500, 11], [500, 98], [79, 98]]]","[""ntyhbro htatemia""]"
"The Promised Neverland, Vol. 1",KAIU SHIRAI,dataset\adjusted_dataset\Graphic-Novels-Anime-Manga\0000075.jpg,"[[[78, 22], [489, 22], [489, 128], [78, 128]]]","[""prmisz ~ei eriand""]"
Saga Volume 6,Brian K. Vaughan,dataset\adjusted_dataset\Graphic-Novels-Anime-Manga\0000076.jpg,"[[[46, 372], [462, 372], [462, 512], [46, 512]]]","[""saga""]"
The BFG,Roald Dahl,dataset\adjusted_dataset\Graphic-Novels-Anime-Manga\0000077.jpg,"[[[90, 1], [437, 1], [437, 271], [90, 271]]]","[""roald dahl thl bfg""]"
Asterix: Omnibus 1,Rene Goscinny,dataset\adjusted_dataset\Graphic-Novels-Anime-Manga\0000078.jpg,[],[]
The Adventure Zone,Carey Pietsch,dataset\adjusted_dataset\Graphic-Novels-Anime-Manga\0000079.jpg,[],[]
The Walking Dead Compendium Volume 2,Robert Kirkman,dataset\adjusted_dataset\Graphic-Novels-Anime-Manga\0000080.jpg,[],[]
"Tokyo Ghoul, Vol. 3",Sui Ishida,dataset\adjusted_dataset\Graphic-Novels-Anime-Manga\0000081.jpg,[],[]
Saga Volume 7,Brian K. Vaughan,dataset\adjusted_dataset\Graphic-Novels-Anime-Manga\0000082.jpg,"[[[79, 350], [434, 350], [434, 497], [79, 497]]]","[""saga glieh""]"
"My Hero Academia, Vol. 7",Kohei Horikoshi,dataset\adjusted_dataset\Graphic-Novels-Anime-Manga\0000083.jpg,[],[]
"JoJo's Bizarre Adventure: Part 1--Phantom Blood, Vol. 1",Hirohiko Araki,dataset\adjusted_dataset\Graphic-Novels-Anime-Manga\0000084.jpg,[],[]
Cyanide and Happiness,Robert DenBleyker,dataset\adjusted_dataset\Graphic-Novels-Anime-Manga\0000085.jpg,"[[[12, 17], [519, 17], [519, 190], [12, 190]]]","[""cyanide & happiness ' kngiirg mvtkl fint""]"
125 True Stories of Amazing Animals,National Geographic Kids,dataset\adjusted_dataset\Graphic-Novels-Anime-Manga\0000086.jpg,"[[[32, 70], [481, 70], [481, 206], [32, 206]]]","[""925 kmazinganimals gtoriaso1""]"
The Life-Changing Manga of Tidying Up,Marie Kondo,dataset\adjusted_dataset\Graphic-Novels-Anime-Manga\0000087.jpg,"[[[34, 120], [281, 120], [281, 271], [34, 271]]]","[""the lifo-changing manga of tidyingup""]"
Asterix: Asterix The Gaul,Rene Goscinny,dataset\adjusted_dataset\Graphic-Novels-Anime-Manga\0000088.jpg,"[[[15, 0], [499, 0], [499, 125], [15, 125]]]","[""1 gozcinny iotetra doero asterix the gil]""]"
Deadpool Kills The Marvel Universe,Cullen Bunn,dataset\adjusted_dataset\Graphic-Novels-Anime-Manga\0000089.jpg,[],[]
"One-Punch Man, Vol. 2",One,dataset\adjusted_dataset\Graphic-Novels-Anime-Manga\0000090.jpg,"[[[11, 0], [512, 0], [512, 105], [11, 105]]]","[""oneaunchlhhn""]"
The Neverending Story,Michael Ende,dataset\adjusted_dataset\Graphic-Novels-Anime-Manga\0000091.jpg,"[[[117, 65], [404, 65], [404, 171], [117, 171]]]","[""tructcuding ecwtu ylte""]"
Saga Volume 8,Brian K. Vaughan,dataset\adjusted_dataset\Graphic-Novels-Anime-Manga\0000092.jpg,[],[]
"My Hero Academia, Vol. 8",Kohei Horikoshi,dataset\adjusted_dataset\Graphic-Novels-Anime-Manga\0000093.jpg,[],[]
Indestructibles: Baby Faces,Amy Pixton,dataset\adjusted_dataset\Graphic-Novels-Anime-Manga\0000094.jpg,"[[[22, 15], [517, 15], [517, 185], [22, 185]]]","[""iv\"" fnt 'wpecn \""ub baby faces kuf hiwupy yjf""]"
Monstress Volume 1: Awakening,Marjorie Liu,dataset\adjusted_dataset\Graphic-Novels-Anime-Manga\0000095.jpg,[],[]
The Colour Monster Pop-Up,Anna Llenas,dataset\adjusted_dataset\Graphic-Novels-Anime-Manga\0000096.jpg,[],[]
Tomie,Junji Ito,dataset\adjusted_dataset\Graphic-Novels-Anime-Manga\0000097.jpg,[],[]
Vader's Little Princess,Jeffrey Brown,dataset\adjusted_dataset\Graphic-Novels-Anime-Manga\0000098.jpg,"[[[160, 8], [484, 8], [484, 209], [160, 209]]]","[""itarwart vaders ettle prncesa""]"
Attack On Titan 2,Hajime Isayama,dataset\adjusted_dataset\Graphic-Novels-Anime-Manga\0000099.jpg,"[[[50, 8], [409, 8], [409, 141], [50, 141]]]","[""ateck on ttn""]"
The Adventure Zone,Carey Pietsch,dataset\adjusted_dataset\Graphic-Novels-Anime-Manga\0000100.jpg,"[[[50, 11], [488, 11], [488, 192], [50, 192]]]","[""u4 adlnure zone""]"
"My Hero Academia, Volume 9",Kohei Horikoshi,dataset\adjusted_dataset\Graphic-Novels-Anime-Manga\0000101.jpg,[],[]
The Action Bible,Sergio Cariello,dataset\adjusted_dataset\Graphic-Novels-Anime-Manga\0000102.jpg,"[[[28, 120], [336, 120], [336, 274], [28, 274]]]","[""#action birle""]"
"Tokyo Ghoul, Vol. 4",Sui Ishida,dataset\adjusted_dataset\Graphic-Novels-Anime-Manga\0000103.jpg,"[[[293, 7], [512, 7], [512, 512], [293, 512]]]","[""ghoul tokyo 4 g""]"
Gyo 2-in-1 Deluxe Edition,Junji Ito,dataset\adjusted_dataset\Graphic-Novels-Anime-Manga\0000104.jpg,"[[[153, 167], [470, 167], [470, 282], [153, 282]]]","[""g y 0 junii ito""]"
The Umbrella Academy Volume 2: Dallas,Gerard Way,dataset\adjusted_dataset\Graphic-Novels-Anime-Manga\0000105.jpg,"[[[105, 249], [433, 249], [433, 287], [105, 287]]]","[""uvurela aeacemy""]"
The Walking Dead Volume 1: Days Gone Bye,Robert Kirkman,dataset\adjusted_dataset\Graphic-Novels-Anime-Manga\0000106.jpg,[],[]
The Complete Persepolis,Marjane Satrapi,dataset\adjusted_dataset\Graphic-Novels-Anime-Manga\0000107.jpg,"[[[18, 22], [494, 22], [494, 70], [18, 70]]]","[""persepolis""]"
Batman,Jeph Loeb,dataset\adjusted_dataset\Graphic-Novels-Anime-Manga\0000108.jpg,[],[]
"One-Punch Man, Vol. 3",One,dataset\adjusted_dataset\Graphic-Novels-Anime-Manga\0000109.jpg,[],[]
Paper Girls Volume 1,Brian K. Vaughan,dataset\adjusted_dataset\Graphic-Novels-Anime-Manga\0000110.jpg,"[[[22, 161], [490, 161], [490, 319], [22, 319]]]","[""fapea gub""]"
"My Hero Academia, Vol. 18",Kohei Horikoshi,dataset\adjusted_dataset\Graphic-Novels-Anime-Manga\0000111.jpg,[],
The Walking Dead Book 1,Robert Kirkman,dataset\adjusted_dataset\Graphic-Novels-Anime-Manga\0000112.jpg,"[[[78, 263], [445, 263], [445, 457], [78, 457]]]","[""the wnalkig dead book dhe""]"
"The Promised Neverland, Vol. 2",KAIU SHIRAI,dataset\adjusted_dataset\Graphic-Novels-Anime-Manga\0000113.jpg,"[[[132, 16], [497, 16], [497, 122], [132, 122]]]","[""pomisle xere nd""]"
Batman Vol. 1 The Court Of Owls (The New 52),Scott Snyder,dataset\adjusted_dataset\Graphic-Novels-Anime-Manga\0000114.jpg,[],[]
"My Hero Academia, Vol. 10",Kohei Horikoshi,dataset\adjusted_dataset\Graphic-Novels-Anime-Manga\0000115.jpg,"[[[73, 10], [498, 10], [498, 98], [73, 98]]]","[""myhero acaijeiia""]"
"My Hero Academia, Vol. 15",Kohei Horikoshi,dataset\adjusted_dataset\Graphic-Novels-Anime-Manga\0000116.jpg,"[[[76, 0], [495, 0], [495, 83], [76, 83]]]","[""dtfieeo fcaeemia""]"
Asterix: Asterix in Britain,Rene Goscinny,dataset\adjusted_dataset\Graphic-Novels-Anime-Manga\0000117.jpg,"[[[12, 7], [499, 7], [499, 135], [12, 135]]]","[""rgosciuy aetert wdeid in asterix brimain""]"
Batman Vol. 2 The City Of Owls (The New 52),Scott Snyder,dataset\adjusted_dataset\Graphic-Novels-Anime-Manga\0000118.jpg,[],[]
Berserk Volume 2,Kentaro Miura,dataset\adjusted_dataset\Graphic-Novels-Anime-Manga\0000119.jpg,"[[[8, 8], [512, 8], [512, 147], [8, 147]]]","[""1ezsere""]"
"My Hero Academia, Vol. 20",Kohei Horikoshi,dataset\adjusted_dataset\Graphic-Novels-Anime-Manga\0000120.jpg,"[[[77, 11], [492, 11], [492, 96], [77, 96]]]","[""myhero academta""]"
"Tokyo Ghoul, Vol. 5",Sui Ishida,dataset\adjusted_dataset\Graphic-Novels-Anime-Manga\0000121.jpg,"[[[9, 11], [227, 11], [227, 197], [9, 197]]]","[""tokyo ghoul 5 0u""]"
"My Hero Academia, Vol. 19",Kohei Horikoshi,dataset\adjusted_dataset\Graphic-Novels-Anime-Manga\0000122.jpg,[],[]
Attack On Titan 3,Hajime Isayama,dataset\adjusted_dataset\Graphic-Novels-Anime-Manga\0000123.jpg,"[[[87, 5], [465, 5], [465, 146], [87, 146]]]","[""nnasx on thsin""]"
Encyclopedia Prehistorica: Dinosaurs,Robert Sabuda,dataset\adjusted_dataset\Graphic-Novels-Anime-Manga\0000124.jpg,[],
"My Hero Academia, Vol. 17",Kohei Horikoshi,dataset\adjusted_dataset\Graphic-Novels-Anime-Manga\0000125.jpg,[],
Thea Stilton: #5 Thea Stilton and the Mystery in Paris,Thea Stilton,dataset\adjusted_dataset\Graphic-Novels-Anime-Manga\0000126.jpg,"[[[47, 98], [465, 98], [465, 203], [47, 203]]]","[""thea stilton aie giy pea""]"
"My Hero Academia, Vol. 16",Kohei Horikoshi,dataset\adjusted_dataset\Graphic-Novels-Anime-Manga\0000127.jpg,[],
Sabrina,Nick Drnaso,dataset\adjusted_dataset\Graphic-Novels-Anime-Manga\0000128.jpg,"[[[29, 23], [483, 23], [483, 113], [29, 113]]]","[""sabrina""]"
Death Note Box Set (Vol.s 1-13),Tsugumi Ohba,dataset\adjusted_dataset\Graphic-Novels-Anime-Manga\0000129.jpg,[],
"JoJo's Bizarre Adventure: Part 1--Phantom Blood, Vol. 2",Hirohiko Araki,dataset\adjusted_dataset\Graphic-Novels-Anime-Manga\0000130.jpg,[],[]
"My Hero Academia, Vol. 11",Kohei Horikoshi,dataset\adjusted_dataset\Graphic-Novels-Anime-Manga\0000131.jpg,"[[[121, 13], [498, 13], [498, 96], [121, 96]]]","[""mro hca u4""]"
"My Hero Academia, Vol. 14",Kohei Horikoshi,dataset\adjusted_dataset\Graphic-Novels-Anime-Manga\0000132.jpg,"[[[74, 10], [490, 10], [490, 98], [74, 98]]]","[""fyhero ataijeiia""]"
Berserk Volume 3,Kentaro Miura,dataset\adjusted_dataset\Graphic-Novels-Anime-Manga\0000133.jpg,[],[]
My Lesbian Experience with Loneliness,Kabi Nagata,dataset\adjusted_dataset\Graphic-Novels-Anime-Manga\0000134.jpg,"[[[223, 27], [490, 27], [490, 151], [223, 151]]]","[""ke lesbian experience yil loneliness""]"
Avatar: The Last Airbender# The Promise Part 1,Michael Dante DiMartino,dataset\adjusted_dataset\Graphic-Novels-Anime-Manga\0000135.jpg,[],[]
Infinity Gauntlet,Jim Starlin,dataset\adjusted_dataset\Graphic-Novels-Anime-Manga\0000136.jpg,"[[[70, 0], [502, 0], [502, 126], [70, 126]]]","[""22 ikinf gannyir}""]"
The Hobbit,J. R. R. Tolkien,dataset\adjusted_dataset\Graphic-Novels-Anime-Manga\0000137.jpg,"[[[63, 13], [441, 13], [441, 145], [63, 145]]]","[""l tllien hobbit dfo""]"
"My Hero Academia, Vol. 12",Kohei Horikoshi,dataset\adjusted_dataset\Graphic-Novels-Anime-Manga\0000138.jpg,"[[[76, 13], [494, 13], [494, 98], [76, 98]]]","[""iyhero acaijemia""]"
Mastering Manga with Mark Crilley,Mark Crilley,dataset\adjusted_dataset\Graphic-Novels-Anime-Manga\0000139.jpg,"[[[1, 10], [481, 10], [481, 151], [1, 151]]]","[""i masteing llazi wim mor ciee""]"
"Black Butler, Vol. 1",Yana Toboso,dataset\adjusted_dataset\Graphic-Novels-Anime-Manga\0000140.jpg,[],[]
Little Moments of Love,Catana Chetwynd,dataset\adjusted_dataset\Graphic-Novels-Anime-Manga\0000141.jpg,[],[]
"My Hero Academia, Vol. 13",Kohei Horikoshi,dataset\adjusted_dataset\Graphic-Novels-Anime-Manga\0000142.jpg,"[[[78, 11], [496, 11], [496, 98], [78, 98]]]","[""myhero icaijemiia""]"
"The Promised Neverland, Vol. 3",KAIU SHIRAI,dataset\adjusted_dataset\Graphic-Novels-Anime-Manga\0000143.jpg,"[[[38, 17], [486, 17], [486, 133], [38, 133]]]","[""wuc promised neverend""]"
"One-Punch Man, Vol. 4",One,dataset\adjusted_dataset\Graphic-Novels-Anime-Manga\0000144.jpg,[],[]
"One Piece, Vol. 1",Eiichiro Oda,dataset\adjusted_dataset\Graphic-Novels-Anime-Manga\0000145.jpg,[],[]
"Tokyo Ghoul, Vol. 6",Sui Ishida,dataset\adjusted_dataset\Graphic-Novels-Anime-Manga\0000146.jpg,"[[[287, 251], [507, 251], [507, 379], [287, 379]]]","[""tokyd ghoul me""]"
"JoJo's Bizarre Adventure: Part 1--Phantom Blood, Vol. 3",Hirohiko Araki,dataset\adjusted_dataset\Graphic-Novels-Anime-Manga\0000147.jpg,[],[]
The Dark Tower VII: The Dark Tower,Stephen King,dataset\adjusted_dataset\Graphic-Novels-Anime-Manga\0000148.jpg,"[[[74, 13], [433, 13], [433, 276], [74, 276]]]","[""stephen king dark towek? tfedrrtcter""]"
Asterix: Omnibus 2,Rene Goscinny,dataset\adjusted_dataset\Graphic-Novels-Anime-Manga\0000149.jpg,"[[[41, 27], [469, 27], [469, 172], [41, 172]]]","[""aeterx ant us""]"
Big Mushy Happy Lump,Sarah Andersen,dataset\adjusted_dataset\Graphic-Novels-Anime-Manga\0000150.jpg,"[[[57, 6], [512, 6], [512, 180], [57, 180]]]","[""big mushy happy lump a-sdks scrbdlcs <alccten""]"
"Overlord, Vol. 1 (light novel)",Kugane Maruyama,dataset\adjusted_dataset\Graphic-Novels-Anime-Manga\0000151.jpg,[],[]
Persepolis,Marjane Satrapi,dataset\adjusted_dataset\Graphic-Novels-Anime-Manga\0000152.jpg,"[[[102, 46], [428, 46], [428, 118], [102, 118]]]","[""persepolis""]"
"Vagabond, Vol. 1 (VIZBIG Edition)",Takehiko Inoue,dataset\adjusted_dataset\Graphic-Novels-Anime-Manga\0000153.jpg,[],[]
Civil War,Steve McNiven,dataset\adjusted_dataset\Graphic-Novels-Anime-Manga\0000154.jpg,"[[[20, 170], [464, 170], [464, 352], [20, 352]]]","[""civl war""]"
Batman: White Knight,Sean Murphy,dataset\adjusted_dataset\Graphic-Novels-Anime-Manga\0000155.jpg,[],
The Complete Calvin and Hobbes,Bill Watterson,dataset\adjusted_dataset\Graphic-Novels-Anime-Manga\0000156.jpg,[],
The Art of Spirited Away,Hayao Miyazaki,dataset\adjusted_dataset\Graphic-Novels-Anime-Manga\0000157.jpg,"[[[0, 35], [512, 35], [512, 92], [0, 92]]]","[""sttritedzwax""]"
"No Game No Life, Vol. 1 (light novel)",Yuu Kamiya,dataset\adjusted_dataset\Graphic-Novels-Anime-Manga\0000158.jpg,[],[]
"Tokyo Ghoul, Vol. 7",Sui Ishida,dataset\adjusted_dataset\Graphic-Novels-Anime-Manga\0000159.jpg,"[[[45, 21], [474, 21], [474, 72], [45, 72]]]","[""mokyolghoul""]"
World Of Warcraft: Chronicle Volume 1,Blizzard,dataset\adjusted_dataset\Graphic-Novels-Anime-Manga\0000160.jpg,[],[]
Batman Vol. 3 Death Of The Family (The New 52),Scott Snyder,dataset\adjusted_dataset\Graphic-Novels-Anime-Manga\0000161.jpg,[],[]
Attack On Titan 4,Hajime Isayama,dataset\adjusted_dataset\Graphic-Novels-Anime-Manga\0000162.jpg,"[[[101, 0], [474, 0], [474, 147], [101, 147]]]","[""attack an 'than""]"
The Wicked + The Divine Volume 1: The Faust Act,Kieron Gillen,dataset\adjusted_dataset\Graphic-Novels-Anime-Manga\0000163.jpg,[],[]
Tintin in Tibet,Herge,dataset\adjusted_dataset\Graphic-Novels-Anime-Manga\0000164.jpg,"[[[140, 100], [401, 100], [401, 204], [140, 204]]]","[""ifun tdel""]"
Momo,Michael Ende,dataset\adjusted_dataset\Graphic-Novels-Anime-Manga\0000165.jpg,"[[[50, 366], [472, 366], [472, 486], [50, 486]]]","[""moje""]"
Attack On Titan 5,Hajime Isayama,dataset\adjusted_dataset\Graphic-Novels-Anime-Manga\0000166.jpg,"[[[119, 1], [493, 1], [493, 150], [119, 150]]]","[""attack on titan""]"
Batman: Bat Signal,Danielle Selber,dataset\adjusted_dataset\Graphic-Novels-Anime-Manga\0000167.jpg,[],[]
Lift the Flap Questions and Answers about your Body,Katie Daynes,dataset\adjusted_dataset\Graphic-Novels-Anime-Manga\0000168.jpg,"[[[120, 166], [394, 166], [394, 373], [120, 373]]]","[""questions and answers #cutedu \""body \""tent 60""]"
The Sandman Vol. 2,Neil Gaiman,dataset\adjusted_dataset\Graphic-Novels-Anime-Manga\0000169.jpg,[],[]
"Death Note Black Edition, Vol. 1",Tsugumi Ohba,dataset\adjusted_dataset\Graphic-Novels-Anime-Manga\0000170.jpg,[],[]
"The Promised Neverland, Vol. 5",KAIU SHIRAI,dataset\adjusted_dataset\Graphic-Novels-Anime-Manga\0000171.jpg,"[[[29, 20], [502, 20], [502, 136], [29, 136]]]","[""prymised nemreand""]"
Ms. Marvel Volume 1: No Normal,G. Willow Wilson,dataset\adjusted_dataset\Graphic-Novels-Anime-Manga\0000172.jpg,[],
The Tiny Book of Tiny Stories: Volume 1,Joseph Gordon-Levitt,dataset\adjusted_dataset\Graphic-Novels-Anime-Manga\0000173.jpg,[],[]
Berserk Volume 4,Kentaro Miura,dataset\adjusted_dataset\Graphic-Novels-Anime-Manga\0000174.jpg,"[[[33, 0], [510, 0], [510, 145], [33, 145]]]","[""lerser8""]"
"One-Punch Man, Vol. 5",One,dataset\adjusted_dataset\Graphic-Novels-Anime-Manga\0000175.jpg,"[[[12, 0], [512, 0], [512, 143], [12, 143]]]","[""@ne punhl; 05""]"
Spider-Man: Into the Spider-Verse,Ramin Zahed,dataset\adjusted_dataset\Graphic-Novels-Anime-Manga\0000176.jpg,[],[]
Herding Cats,Sarah Andersen,dataset\adjusted_dataset\Graphic-Novels-Anime-Manga\0000177.jpg,"[[[109, 7], [448, 7], [448, 170], [109, 170]]]","[""herding cats ~swroks scricbl\"" rdlatton""]"
"Spice and Wolf, Vol. 1 (light novel)",Isuna Hasekura,dataset\adjusted_dataset\Graphic-Novels-Anime-Manga\0000178.jpg,[],[]
Saga Book One,Brian K. Vaughan,dataset\adjusted_dataset\Graphic-Novels-Anime-Manga\0000179.jpg,"[[[46, 0], [464, 0], [464, 140], [46, 140]]]","[""saga""]"
The Walking Dead Compendium Volume 3,Robert Kirkman,dataset\adjusted_dataset\Graphic-Novels-Anime-Manga\0000180.jpg,[],[]
Orange: The Complete Collection: 1,Ichigo Takano,dataset\adjusted_dataset\Graphic-Novels-Anime-Manga\0000181.jpg,[],[]
Guts,Raina Telgemeier,dataset\adjusted_dataset\Graphic-Novels-Anime-Manga\0000182.jpg,"[[[129, 347], [380, 347], [380, 433], [129, 433]]]","[""guts""]"
"Naruto, Vol. 1",Masashi Kishimoto,dataset\adjusted_dataset\Graphic-Novels-Anime-Manga\0000183.jpg,[],[]
Torment,Lauren Kate,dataset\adjusted_dataset\Graphic-Novels-Anime-Manga\0000184.jpg,"[[[39, 427], [477, 427], [477, 489], [39, 489]]]","[""cits lauren kate""]"
"The Promised Neverland, Vol. 4",KAIU SHIRAI,dataset\adjusted_dataset\Graphic-Novels-Anime-Manga\0000185.jpg,"[[[29, 12], [499, 12], [499, 134], [29, 134]]]","[""the promised neveriand""]"
"Tokyo Ghoul, Vol. 8",Sui Ishida,dataset\adjusted_dataset\Graphic-Novels-Anime-Manga\0000186.jpg,[],[]
Asterix: Omnibus 3,Rene Goscinny,dataset\adjusted_dataset\Graphic-Novels-Anime-Manga\0000187.jpg,[],[]
"The Promised Neverland, Vol. 6",KAIU SHIRAI,dataset\adjusted_dataset\Graphic-Novels-Anime-Manga\0000188.jpg,"[[[37, 20], [512, 20], [512, 141], [37, 141]]]","[""jhe promised neverlnd""]"
The Walking Dead Volume 2: Miles Behind Us,Robert Kirkman,dataset\adjusted_dataset\Graphic-Novels-Anime-Manga\0000189.jpg,"[[[62, 458], [454, 458], [454, 488], [62, 488]]]","[""nailes behind 09""]"
The Assassin's Blade,Sarah J. Maas,dataset\adjusted_dataset\Graphic-Novels-Anime-Manga\0000190.jpg,"[[[36, 335], [494, 335], [494, 456], [36, 456]]]","[""lissassits blade""]"
Saga Book Three,Brian K Vaughan,dataset\adjusted_dataset\Graphic-Novels-Anime-Manga\0000191.jpg,[],[]
Asterix: Asterix at the Olympic Games,Rene Goscinny,dataset\adjusted_dataset\Graphic-Novels-Anime-Manga\0000192.jpg,"[[[10, 6], [503, 6], [503, 164], [10, 164]]]","[""rgoscctny nstentraupeazo asterix st thi olympi< gamrs""]"
Geronimo Stilton: #40 Karate Mouse,Geronimo Stilton,dataset\adjusted_dataset\Graphic-Novels-Anime-Manga\0000193.jpg,"[[[109, 26], [483, 26], [483, 165], [109, 165]]]","[""gemimo stilton the karate dousl""]"
"One-Punch Man, Vol. 16",One,dataset\adjusted_dataset\Graphic-Novels-Anime-Manga\0000194.jpg,"[[[10, 2], [509, 2], [509, 158], [10, 158]]]","[""qmepukchnan 16""]"
Attack On Titan 6,Hajime Isayama,dataset\adjusted_dataset\Graphic-Novels-Anime-Manga\0000195.jpg,"[[[26, 1], [414, 1], [414, 144], [26, 144]]]","[""attack ontitan""]"
Akira Volume 1,Katsuhiro Otomo,dataset\adjusted_dataset\Graphic-Novels-Anime-Manga\0000196.jpg,[],[]
Avatar: The Last Airbender# The Promise Part 2,Gene Luen Yang,dataset\adjusted_dataset\Graphic-Novels-Anime-Manga\0000197.jpg,[],[]
V for Vendetta Deluxe Collector Set,Alan Moore,dataset\adjusted_dataset\Graphic-Novels-Anime-Manga\0000198.jpg,[],
Fairy Tail 1,Hiro Mashima,dataset\adjusted_dataset\Graphic-Novels-Anime-Manga\0000199.jpg,"[[[28, 0], [469, 0], [469, 130], [28, 130]]]","[""fairyiail""]"
"Komi Can't Communicate, Vol. 1",Tomohito Oda,dataset\adjusted_dataset\Graphic-Novels-Anime-Manga\0000200.jpg,"[[[20, 203], [494, 203], [494, 302], [20, 302]]]","[""komi canit comn unicate""]"
"One-Punch Man, Vol. 7",One,dataset\adjusted_dataset\Graphic-Novels-Anime-Manga\0000201.jpg,[],[]
"One-Punch Man, Vol. 6",One,dataset\adjusted_dataset\Graphic-Novels-Anime-Manga\0000202.jpg,[],[]
Making Comics,Scott McCloud,dataset\adjusted_dataset\Graphic-Novels-Anime-Manga\0000203.jpg,"[[[19, 3], [504, 3], [504, 215], [19, 215]]]","[""makipg comics atna %""]"
Wolverine: Old Man Logan,Mark Millar,dataset\adjusted_dataset\Graphic-Novels-Anime-Manga\0000204.jpg,"[[[81, 0], [497, 0], [497, 85], [81, 85]]]","[""wsierime olnn""]"
Vinland Saga 1,Makoto Yukimura,dataset\adjusted_dataset\Graphic-Novels-Anime-Manga\0000205.jpg,"[[[117, 336], [408, 336], [408, 487], [117, 487]]]","[""tpladd saga""]"
Sailor Moon Vol. 1,Naoko Takeuchi,dataset\adjusted_dataset\Graphic-Novels-Anime-Manga\0000206.jpg,[],[]
"Assassination Classroom, Vol. 1",Yusei Matsui,dataset\adjusted_dataset\Graphic-Novels-Anime-Manga\0000207.jpg,"[[[42, 26], [482, 26], [482, 94], [42, 94]]]","[""45 5 4 65 | r it |d n classroom""]"
Daytripper,Gabriel Ba,dataset\adjusted_dataset\Graphic-Novels-Anime-Manga\0000208.jpg,"[[[0, 4], [501, 4], [501, 68], [0, 68]]]","[""d a y t r 1 p p e r""]"
This One Summer,Jillian Tamaki,dataset\adjusted_dataset\Graphic-Novels-Anime-Manga\0000209.jpg,"[[[30, 196], [469, 196], [469, 374], [30, 374]]]","[""this owve summer""]"
Asterix: Asterix and Cleopatra,Rene Goscinny,dataset\adjusted_dataset\Graphic-Novels-Anime-Manga\0000210.jpg,"[[[7, 0], [499, 0], [499, 175], [7, 175]]]","[""a goscinny tstemx doeaz0 asterixa and cleopatra""]"
"One-Punch Man, Vol. 17",One,dataset\adjusted_dataset\Graphic-Novels-Anime-Manga\0000211.jpg,[],[]
Richard Scarry's Bedtime Stories,Richard Scarry,dataset\adjusted_dataset\Graphic-Novels-Anime-Manga\0000212.jpg,"[[[26, 1], [386, 1], [386, 86], [26, 86]]]","[""rlchard scarry3 bedtime stories""]"
"One-Punch Man, Vol. 8",One,dataset\adjusted_dataset\Graphic-Novels-Anime-Manga\0000213.jpg,[],[]
Username: Evie,Joe Sugg,dataset\adjusted_dataset\Graphic-Novels-Anime-Manga\0000214.jpg,"[[[22, 0], [512, 0], [512, 150], [22, 150]]]","[""username: evie""]"
Berserk Volume 5,Kentaro Miura,dataset\adjusted_dataset\Graphic-Novels-Anime-Manga\0000215.jpg,[],[]
The King in Yellow,Robert W. Chambers,dataset\adjusted_dataset\Graphic-Novels-Anime-Manga\0000216.jpg,"[[[0, 156], [495, 156], [495, 402], [0, 402]]]","[""kingin yellowv atkt 448 fder <""]"
Monstress Volume 2: The Blood,Marjorie Liu,dataset\adjusted_dataset\Graphic-Novels-Anime-Manga\0000217.jpg,[],[]
Flashpoint,Geoff Johns,dataset\adjusted_dataset\Graphic-Novels-Anime-Manga\0000218.jpg,"[[[8, 0], [512, 0], [512, 108], [8, 108]]]","[""flasrpoint""]"
The Walking Dead Volume 3: Safety Behind Bars,Robert Kirkman,dataset\adjusted_dataset\Graphic-Novels-Anime-Manga\0000219.jpg,[],[]
"Goodnight Punpun, Vol. 1",Inio Asano,dataset\adjusted_dataset\Graphic-Novels-Anime-Manga\0000220.jpg,"[[[0, 0], [512, 0], [512, 180], [0, 180]]]","[""goodnight plixun""]"
The Magic of Reality,Richard Dawkins,dataset\adjusted_dataset\Graphic-Novels-Anime-Manga\0000221.jpg,"[[[27, 51], [485, 51], [485, 187], [27, 187]]]","[""daw kin s the magic o realily he""]"
The Art of Howl's Moving Castle,Hayao Miyazaki,dataset\adjusted_dataset\Graphic-Novels-Anime-Manga\0000222.jpg,[],[]
Harry the Dirty Dog,Gene Zion,dataset\adjusted_dataset\Graphic-Novels-Anime-Manga\0000223.jpg,"[[[16, 0], [481, 0], [481, 114], [16, 114]]]","[""harey the dirty dog""]"
"Tokyo Ghoul, Vol. 9",Sui Ishida,dataset\adjusted_dataset\Graphic-Novels-Anime-Manga\0000224.jpg,"[[[267, 360], [484, 360], [484, 446], [267, 446]]]","[""tortt ghoc""]"
"Death Note, Vol. 1",Tsugumi Ohba,dataset\adjusted_dataset\Graphic-Novels-Anime-Manga\0000225.jpg,[],[]
"Blue Exorcist, Vol. 1",Kazue KATO,dataset\adjusted_dataset\Graphic-Novels-Anime-Manga\0000226.jpg,[],[]
"The Promised Neverland, Vol. 7",KAIU SHIRAI,dataset\adjusted_dataset\Graphic-Novels-Anime-Manga\0000227.jpg,"[[[44, 22], [504, 22], [504, 135], [44, 135]]]","[""premisei neverland""]"
Attack on Titan: Volume 7,Hajime Isayama,dataset\adjusted_dataset\Graphic-Novels-Anime-Manga\0000228.jpg,"[[[26, 0], [411, 0], [411, 135], [26, 135]]]","[""attack on titan""]"
"Tokyo Ghoul, Vol. 10",Sui Ishida,dataset\adjusted_dataset\Graphic-Novels-Anime-Manga\0000229.jpg,[],[]
"The Girl from the Other Side: Siuil, a Run: Vol. 1",Nagabe,dataset\adjusted_dataset\Graphic-Novels-Anime-Manga\0000230.jpg,,
Avatar: The Last Airbender# The Promise Part 3,Gene Luen Yang,dataset\adjusted_dataset\Graphic-Novels-Anime-Manga\0000231.jpg,[],[]
Batman The Dark Knight Returns 30th Anniversary Edition,Frank Miller,dataset\adjusted_dataset\Graphic-Novels-Anime-Manga\0000232.jpg,,
"The Promised Neverland, Vol. 8",KAIU SHIRAI,dataset\adjusted_dataset\Graphic-Novels-Anime-Manga\0000233.jpg,"[[[29, 10], [504, 10], [504, 125], [29, 125]]]","[""thepremised neverland""]"
Orange: The Complete Collection: 2,Ichigo Takano,dataset\adjusted_dataset\Graphic-Novels-Anime-Manga\0000234.jpg,[],[]
Good Night Yoga,Mariam Gates,dataset\adjusted_dataset\Graphic-Novels-Anime-Manga\0000235.jpg,"[[[15, 10], [496, 10], [496, 178], [15, 178]]]","[""good night yoga""]"
Ghost World,Daniel Clowes,dataset\adjusted_dataset\Graphic-Novels-Anime-Manga\0000236.jpg,"[[[16, 164], [509, 164], [509, 362], [16, 362]]]","[""chost ~iorll""]"
Sex Criminals Volume 1: One Weird Trick,Matt Fraction,dataset\adjusted_dataset\Graphic-Novels-Anime-Manga\0000237.jpg,[],[]
Shiver,Junji Ito,dataset\adjusted_dataset\Graphic-Novels-Anime-Manga\0000238.jpg,"[[[77, 389], [464, 389], [464, 512], [77, 512]]]","[""shiver""]"
The Adventures of Tintin in the Land of the Soviets,Herge,dataset\adjusted_dataset\Graphic-Novels-Anime-Manga\0000239.jpg,"[[[42, 15], [480, 15], [480, 179], [42, 179]]]","[""the adventures of ttntin aefortge for e pett mngteme- inthe land of the soviets""]"
"Fullmetal Alchemist (3-in-1 Edition), Vol. 1",Hiromu Arakawa,dataset\adjusted_dataset\Graphic-Novels-Anime-Manga\0000240.jpg,[],[]
The Walking Dead Book 2,Robert Kirkman,dataset\adjusted_dataset\Graphic-Novels-Anime-Manga\0000241.jpg,"[[[66, 274], [441, 274], [441, 470], [66, 470]]]","[""the wyalking dead dodk twd""]"
Preacher Book One,Garth Ennis,dataset\adjusted_dataset\Graphic-Novels-Anime-Manga\0000242.jpg,[],[]
The Prince and the Dressmaker,Jen Wang,dataset\adjusted_dataset\Graphic-Novels-Anime-Manga\0000243.jpg,"[[[160, 106], [383, 106], [383, 223], [160, 223]]]","[""prince ressmaee""]"
Hawkeye: My Life as a Weapon (Marvel Now) Volume 1,Matt Fraction,dataset\adjusted_dataset\Graphic-Novels-Anime-Manga\0000244.jpg,[],[]
"One-Punch Man, Vol. 9",One,dataset\adjusted_dataset\Graphic-Novels-Anime-Manga\0000245.jpg,[],[]
Bad Dad,David Walliams,dataset\adjusted_dataset\Graphic-Novels-Anime-Manga\0000246.jpg,"[[[34, 328], [500, 328], [500, 497], [34, 497]]]","[""bad dad""]"
Rat Queens Volume 1: Sass & Sorcery,Kurtis J. Wiebe,dataset\adjusted_dataset\Graphic-Novels-Anime-Manga\0000247.jpg,[],[]
Harry Potter and the Chamber of Secrets,J. K. Rowling,dataset\adjusted_dataset\Graphic-Novels-Anime-Manga\0000248.jpg,"[[[12, 46], [505, 46], [505, 130], [12, 130]]]","[""harrypotter""]"
Batman Vol. 4 Zero Year-Secret City (The New 52),Scott Snyder,dataset\adjusted_dataset\Graphic-Novels-Anime-Manga\0000249.jpg,[],[]
Berserk Volume 6,Kentaro Miura,dataset\adjusted_dataset\Graphic-Novels-Anime-Manga\0000250.jpg,[],[]
Attack On Titan 8,Hajime Isayama,dataset\adjusted_dataset\Graphic-Novels-Anime-Manga\0000251.jpg,"[[[24, 0], [412, 0], [412, 134], [24, 134]]]","[""nttaek onthn""]"
"How to Draw Comics the ""Marvel"" Way",Stan Lee,dataset\adjusted_dataset\Graphic-Novels-Anime-Manga\0000252.jpg,"[[[29, 0], [509, 0], [509, 197], [29, 197]]]","[""hdeaaicd mhemmarvel way buxen""]"
JoJo's Bizarre Adventure,Hirohiko Araki,dataset\adjusted_dataset\Graphic-Novels-Anime-Manga\0000253.jpg,"[[[109, 67], [419, 67], [419, 141], [109, 141]]]","[""jojos i4""]"
Saga Of The Swamp Thing Book One,Alan Moore,dataset\adjusted_dataset\Graphic-Novels-Anime-Manga\0000254.jpg,"[[[24, 416], [499, 416], [499, 499], [24, 499]]]","[""swamp ihng #tttk jent? jaux celee""]"
Asterix: Asterix The Gladiator,Rene Goscinny,dataset\adjusted_dataset\Graphic-Novels-Anime-Manga\0000255.jpg,"[[[3, 0], [500, 0], [500, 158], [3, 158]]]","[""e gosckiny *stemx ddbid astertx m egladialor""]"
"Tokyo Ghoul, Vol. 12",Sui Ishida,dataset\adjusted_dataset\Graphic-Novels-Anime-Manga\0000256.jpg,"[[[285, 5], [512, 5], [512, 199], [285, 199]]]","[""tokyo ghcul 4 5""]"
Scott Pilgrim: Scott Pilgrim's Precious Little Life Volume 1,Bryan O'Malley,dataset\adjusted_dataset\Graphic-Novels-Anime-Manga\0000257.jpg,[],[]
Avatar: The Last Airbender# The Promise Library Edition,Gene Luen Yang,dataset\adjusted_dataset\Graphic-Novels-Anime-Manga\0000258.jpg,[],[]
The New Ghost,Rob Hunter,dataset\adjusted_dataset\Graphic-Novels-Anime-Manga\0000259.jpg,"[[[123, 151], [385, 151], [385, 171], [123, 171]]]","[""the new ghost""]"
"Tokyo Ghoul, Vol. 14",Sui Ishida,dataset\adjusted_dataset\Graphic-Novels-Anime-Manga\0000260.jpg,"[[[-24, -39], [313, -39], [313, 239], [-24, 239]]]","[""tokyo e 7 ghoi vg""]"
Asterix: Asterix and the Goths,Rene Goscinny,dataset\adjusted_dataset\Graphic-Novels-Anime-Manga\0000261.jpg,"[[[9, 0], [500, 0], [500, 110], [9, 110]]]","[""b goscinny *nx_ uderzo asterix.  , wk goths""]"
Berserk Volume 7,Kentaro Miura,dataset\adjusted_dataset\Graphic-Novels-Anime-Manga\0000262.jpg,[],[]
Batman: A Death in the Family,Various,dataset\adjusted_dataset\Graphic-Novels-Anime-Manga\0000263.jpg,"[[[199, 137], [322, 137], [322, 245], [199, 245]]]","[""deth in the faml}""]"
Fun Home,Alison Bechdel,dataset\adjusted_dataset\Graphic-Novels-Anime-Manga\0000264.jpg,"[[[169, 262], [328, 262], [328, 309], [169, 309]]]","[""tont 3m""]"
Lady Midnight,Cassandra Clare,dataset\adjusted_dataset\Graphic-Novels-Anime-Manga\0000265.jpg,"[[[21, 283], [486, 283], [486, 385], [21, 385]]]","[""lady midnight cassandraclarc""]"
"One-Punch Man, Vol. 10",One,dataset\adjusted_dataset\Graphic-Novels-Anime-Manga\0000266.jpg,,
"Haikyu!!, Vol. 1",Haruichi Furudate,dataset\adjusted_dataset\Graphic-Novels-Anime-Manga\0000267.jpg,[],[]
Lumberjanes Vol. 1,Rt Hon Lrd Just Brooke,dataset\adjusted_dataset\Graphic-Novels-Anime-Manga\0000268.jpg,"[[[61, 20], [452, 20], [452, 100], [61, 100]]]","[""[umberjanes""]"
Kingdom Come {new Edition},Alex Ross,dataset\adjusted_dataset\Graphic-Novels-Anime-Manga\0000269.jpg,"[[[13, 10], [497, 10], [497, 94], [13, 94]]]","[""kinguu cume""]"
Attack On Titan 9,Hajime Isayama,dataset\adjusted_dataset\Graphic-Novels-Anime-Manga\0000270.jpg,"[[[20, 0], [414, 0], [414, 138], [20, 138]]]","[""attack ontitan""]"
"Tokyo Ghoul, Vol. 11",Sui Ishida,dataset\adjusted_dataset\Graphic-Novels-Anime-Manga\0000271.jpg,[],[]
solanin,Inio Asano,dataset\adjusted_dataset\Graphic-Novels-Anime-Manga\0000272.jpg,"[[[-20, 230], [250, 230], [250, 500], [-20, 500]]]","[""solanin""]"
"The Promised Neverland, Vol. 11",KAIU SHIRAI,dataset\adjusted_dataset\Graphic-Novels-Anime-Manga\0000273.jpg,"[[[111, 9], [491, 9], [491, 126], [111, 126]]]","[""ye prd ised if -0""]"
Batman The Man Who Laughs,Ed Brubaker,dataset\adjusted_dataset\Graphic-Novels-Anime-Manga\0000274.jpg,[],[]
One Piece Box Set: East Blue and Baroque Works (Volumes 1-23 with premium),Eiichiro Oda,dataset\adjusted_dataset\Graphic-Novels-Anime-Manga\0000275.jpg,[],[]
"Tokyo Ghoul, Vol. 13",Sui Ishida,dataset\adjusted_dataset\Graphic-Novels-Anime-Manga\0000276.jpg,[],[]
Manga in Theory and Practice,Hirohiko Araki,dataset\adjusted_dataset\Graphic-Novels-Anime-Manga\0000277.jpg,"[[[161, 113], [353, 113], [353, 235], [161, 235]]]","[""nanqa theort and fractice""]"
Chilling Adventures Of Sabrina,Roberto Aguirre-Sacasa,dataset\adjusted_dataset\Graphic-Novels-Anime-Manga\0000278.jpg,"[[[41, 16], [486, 16], [486, 132], [41, 132]]]","[""chicling ndventurls 0f sabrina""]"
American Born Chinese,Gene Luen Yang,dataset\adjusted_dataset\Graphic-Novels-Anime-Manga\0000279.jpg,[],[]
Berserk Volume 8,Kentaro Miura,dataset\adjusted_dataset\Graphic-Novels-Anime-Manga\0000280.jpg,[],[]
Superman Red Son (New Edition),Mark Millar,dataset\adjusted_dataset\Graphic-Novels-Anime-Manga\0000281.jpg,[],[]
World Of Warcraft Chronicle Volume 2,Blizzard Entertainment,dataset\adjusted_dataset\Graphic-Novels-Anime-Manga\0000282.jpg,[],[]
Asterix: Asterix and the Golden Sickle,Rene Goscinny,dataset\adjusted_dataset\Graphic-Novels-Anime-Manga\0000283.jpg,"[[[9, 0], [499, 0], [499, 134], [9, 134]]]","[""l gcscniy tstemra moesd astemixand the guiulsickle""]"
"The Promised Neverland, Vol. 10",KAIU SHIRAI,dataset\adjusted_dataset\Graphic-Novels-Anime-Manga\0000284.jpg,"[[[30, 15], [499, 15], [499, 138], [30, 138]]]","[""jhe prpmised nettbenp""]"
"One-Punch Man, Vol. 15",One,dataset\adjusted_dataset\Graphic-Novels-Anime-Manga\0000285.jpg,"[[[8, 2], [507, 2], [507, 105], [8, 105]]]","[""one punch yhk""]"
"One-Punch Man, Vol. 11",One,dataset\adjusted_dataset\Graphic-Novels-Anime-Manga\0000286.jpg,[],[]
Smashed: Junji Ito Story Collection,Junji Ito,dataset\adjusted_dataset\Graphic-Novels-Anime-Manga\0000287.jpg,[],[]
Monstress Volume 3,Marjorie Liu,dataset\adjusted_dataset\Graphic-Novels-Anime-Manga\0000288.jpg,"[[[21, 13], [496, 13], [496, 115], [21, 115]]]","[""tonsres""]"
Diablo III,Deckard Cain,dataset\adjusted_dataset\Graphic-Novels-Anime-Manga\0000289.jpg,[],[]
Shh! We Have a Plan,Chris Haughton,dataset\adjusted_dataset\Graphic-Novels-Anime-Manga\0000290.jpg,"[[[153, 47], [383, 47], [383, 187], [153, 187]]]","[""shhi e kave #iln cnin fihtun""]"
Berserk Deluxe Volume 2,Kentaro Miura,dataset\adjusted_dataset\Graphic-Novels-Anime-Manga\0000291.jpg,"[[[47, 43], [471, 43], [471, 141], [47, 141]]]","[""berserk ecdot""]"
Room on the Broom,Julia Donaldson,dataset\adjusted_dataset\Graphic-Novels-Anime-Manga\0000292.jpg,[],[]
"Black Butler, Vol. 2",Yana Toboso,dataset\adjusted_dataset\Graphic-Novels-Anime-Manga\0000293.jpg,[],[]
"Death Note Black Edition, Vol. 2",Tsugumi Ohba,dataset\adjusted_dataset\Graphic-Novels-Anime-Manga\0000294.jpg,"[[[19, 25], [490, 25], [490, 107], [19, 107]]]","[""dire~hnof~e hlito""]"
Paper Girls Volume 2,Brian K. Vaughan,dataset\adjusted_dataset\Graphic-Novels-Anime-Manga\0000295.jpg,"[[[24, 168], [492, 168], [492, 337], [24, 337]]]","[""paper gvll 2""]"
"Hunter x Hunter, Vol. 1",Yoshihiro Togashi,dataset\adjusted_dataset\Graphic-Novels-Anime-Manga\0000296.jpg,"[[[0, 0], [512, 0], [512, 277], [0, 277]]]","[""hynter ho er""]"
"No Game No Life, Vol. 2 (light novel)",Yuu Kamiya,dataset\adjusted_dataset\Graphic-Novels-Anime-Manga\0000297.jpg,[],[]
The Complete Calvin and Hobbes,Bill Watterson,dataset\adjusted_dataset\Graphic-Novels-Anime-Manga\0000298.jpg,,
Fables Vol. 1 Legends In Exile,Bill Willingham,dataset\adjusted_dataset\Graphic-Novels-Anime-Manga\0000299.jpg,[],[]
Sword Art Online 2: Aincrad (light novel),Reki Kawahara,dataset\adjusted_dataset\Graphic-Novels-Anime-Manga\0000300.jpg,[],[]
"One-Punch Man, Vol. 12",One,dataset\adjusted_dataset\Graphic-Novels-Anime-Manga\0000301.jpg,[],[]
Transmetropolitan Vol. 01,Warren Ellis,dataset\adjusted_dataset\Graphic-Novels-Anime-Manga\0000302.jpg,[],[]
"The Promised Neverland, Vol. 9",KAIU SHIRAI,dataset\adjusted_dataset\Graphic-Novels-Anime-Manga\0000303.jpg,[],[]
"Go Away, Big Green Monster!",Ed Emberley,dataset\adjusted_dataset\Graphic-Novels-Anime-Manga\0000304.jpg,"[[[77, 235], [424, 235], [424, 380], [77, 380]]]","[""goaway big green monsteri""]"
"One-Punch Man, Vol. 14",One,dataset\adjusted_dataset\Graphic-Novels-Anime-Manga\0000305.jpg,[],[]
Throne of Glass,Sarah J. Maas,dataset\adjusted_dataset\Graphic-Novels-Anime-Manga\0000306.jpg,"[[[11, 299], [503, 299], [503, 481], [11, 481]]]","[""thrpne of glass""]"
"Legend Of Korra, The: Turf Wars Part One",Michael Dante DiMartino,dataset\adjusted_dataset\Graphic-Novels-Anime-Manga\0000307.jpg,[],[]
Disney Princess: A Magical Pop-Up World,Matthew Reinhart,dataset\adjusted_dataset\Graphic-Novels-Anime-Manga\0000308.jpg,"[[[108, 121], [408, 121], [408, 227], [108, 227]]]","[""drncess 77z aagon-you]""]"
Watchmen The Deluxe Edition,Alan Moore,dataset\adjusted_dataset\Graphic-Novels-Anime-Manga\0000309.jpg,[],[]
Make Way for Ducklings,Robert McCloskey,dataset\adjusted_dataset\Graphic-Novels-Anime-Manga\0000310.jpg,"[[[35, 13], [465, 13], [465, 97], [35, 97]]]","[""miake wv fi ducrlincs""]"
The Walking Dead Volume 4: The Heart's Desire,Robert Kirkman,dataset\adjusted_dataset\Graphic-Novels-Anime-Manga\0000311.jpg,[],[]
"Vagabond, Vol. 2 (VIZBIG Edition)",Takehiko Inoue,dataset\adjusted_dataset\Graphic-Novels-Anime-Manga\0000312.jpg,[],[]
"No Game No Life, Vol. 4 (light novel)",Yuu Kamiya,dataset\adjusted_dataset\Graphic-Novels-Anime-Manga\0000313.jpg,[],[]
Saga Book Two,Brian K. Vaughan,dataset\adjusted_dataset\Graphic-Novels-Anime-Manga\0000314.jpg,[],[]
Batman Vol. 5 Zero Year - Dark City (The New 52),Scott Snyder,dataset\adjusted_dataset\Graphic-Novels-Anime-Manga\0000315.jpg,[],[]
Every Day,David Levithan,dataset\adjusted_dataset\Graphic-Novels-Anime-Manga\0000316.jpg,"[[[42, 18], [483, 18], [483, 129], [42, 129]]]","[""et ery day""]"
Berserk Volume 9,Kentaro Miura,dataset\adjusted_dataset\Graphic-Novels-Anime-Manga\0000317.jpg,"[[[110, 28], [489, 28], [489, 141], [110, 141]]]","[""ersex< 9""]"
"One-Punch Man, Vol. 13",One,dataset\adjusted_dataset\Graphic-Novels-Anime-Manga\0000318.jpg,[],[]
A Game of Thrones: The Graphic Novel,Daniel Abraham,dataset\adjusted_dataset\Graphic-Novels-Anime-Manga\0000319.jpg,"[[[64, 266], [420, 266], [420, 356], [64, 356]]]","[""game 0i thrones""]"
"Spice and Wolf, Vol. 2 (light novel)",Isuna Hasekura,dataset\adjusted_dataset\Graphic-Novels-Anime-Manga\0000320.jpg,[],[]
The Exile,Diana Gabaldon,dataset\adjusted_dataset\Graphic-Novels-Anime-Manga\0000321.jpg,"[[[122, 408], [394, 408], [394, 462], [122, 462]]]","[""exile""]"
Fragments of Horror,Junji Ito,dataset\adjusted_dataset\Graphic-Novels-Anime-Manga\0000322.jpg,[],[]
Thea Stilton and the Ice Treasure,Thea Stilton,dataset\adjusted_dataset\Graphic-Novels-Anime-Manga\0000323.jpg,"[[[90, 96], [420, 96], [420, 198], [90, 198]]]","[""thea stilton jno jaa vze treastee""]"
"One Piece, Vol. 2",Eiichiro Oda,dataset\adjusted_dataset\Graphic-Novels-Anime-Manga\0000324.jpg,[],[]
"Pokemon Adventures (Red and Blue), Vol. 1",Hidenori Kusaka,dataset\adjusted_dataset\Graphic-Novels-Anime-Manga\0000325.jpg,[],[]
Avatar: The Last Airbender# The Search Part 1,Gene Luen Yang,dataset\adjusted_dataset\Graphic-Novels-Anime-Manga\0000326.jpg,"[[[93, 45], [437, 45], [437, 128], [93, 128]]]","[""avatar tnelns[ rch""]"
The Cat in the Hat,Dr. Seuss,dataset\adjusted_dataset\Graphic-Novels-Anime-Manga\0000327.jpg,"[[[11, 6], [353, 6], [353, 515], [11, 515]]]","[""dr seuss diuut i4 treaar the cat in the hati""]"
Asterix: Omnibus 5,Rene Goscinny,dataset\adjusted_dataset\Graphic-Novels-Anime-Manga\0000328.jpg,[],[]
Asterix: Asterix in Switzerland,Rene Goscinny,dataset\adjusted_dataset\Graphic-Novels-Anime-Manga\0000329.jpg,"[[[7, 0], [500, 0], [500, 166], [7, 166]]]","[""ecoscinniy iaemzx waze asterx in switzerland""]"
All You Need is Kill (manga),Ryosuke Takeuchi,dataset\adjusted_dataset\Graphic-Novels-Anime-Manga\0000330.jpg,"[[[39, 23], [393, 23], [393, 67], [39, 67]]]","[""aiii you imeed is""]"
Amulet: The Last Council,Kazu Kibuishi,dataset\adjusted_dataset\Graphic-Novels-Anime-Manga\0000331.jpg,[],[]
The Umbrella Academy Volume 3: Hotel Oblivion,Gerard Way,dataset\adjusted_dataset\Graphic-Novels-Anime-Manga\0000332.jpg,"[[[110, 242], [437, 242], [437, 280], [110, 280]]]","[""hmbrela acufmy""]"
Miss Nelson Is Missing!,Harry Allard,dataset\adjusted_dataset\Graphic-Novels-Anime-Manga\0000333.jpg,"[[[142, 123], [381, 123], [381, 309], [142, 309]]]","[""miss nelson i5 missing}""]"
"Demon Slayer: Kimetsu no Yaiba, Vol. 1",Koyoharu Gotouge,dataset\adjusted_dataset\Graphic-Novels-Anime-Manga\0000334.jpg,"[[[37, 2], [285, 2], [285, 111], [37, 111]]]","[""dfmon slayer""]"
Blue Is The Warmest Color,Julie Maroh,dataset\adjusted_dataset\Graphic-Novels-Anime-Manga\0000335.jpg,"[[[233, 335], [459, 335], [459, 509], [233, 509]]]","[""blwe# warmest color julie maroh""]"
Attack on Titan: Volume 10,Hajime Isayama,dataset\adjusted_dataset\Graphic-Novels-Anime-Manga\0000336.jpg,"[[[34, 10], [409, 10], [409, 151], [34, 151]]]","[""nitack on iffd""]"
The Sandman Overture Deluxe Edition,Neil Gaiman,dataset\adjusted_dataset\Graphic-Novels-Anime-Manga\0000337.jpg,[],[]
Hyperbole and a Half,Allie Brosh,dataset\adjusted_dataset\Graphic-Novels-Anime-Manga\0000338.jpg,[],[]
Nausicaa of the Valley of the Wind Box Set,Hayao Miyazaki,dataset\adjusted_dataset\Graphic-Novels-Anime-Manga\0000339.jpg,[],[]
Daredevil: Born Again,David Muzzucchelli,dataset\adjusted_dataset\Graphic-Novels-Anime-Manga\0000340.jpg,"[[[43, 6], [476, 6], [476, 81], [43, 81]]]","[""daredevil""]"
Avatar: The Last Airbender - The Search Library Edition,Michael Dante DiMartino,dataset\adjusted_dataset\Graphic-Novels-Anime-Manga\0000341.jpg,[],[]
Berserk Volume 10,Kentaro Miura,dataset\adjusted_dataset\Graphic-Novels-Anime-Manga\0000342.jpg,[],[]
Attack On Titan 11,Hajime Isayama,dataset\adjusted_dataset\Graphic-Novels-Anime-Manga\0000343.jpg,[],[]
Wytches Volume 1,Scott Snyder,dataset\adjusted_dataset\Graphic-Novels-Anime-Manga\0000344.jpg,,
Fullmetal Alchemist Box Set,Hiromu Arakawa,dataset\adjusted_dataset\Graphic-Novels-Anime-Manga\0000345.jpg,[],[]
Alice's Adventures in Wonderland,Lewis Carroll,dataset\adjusted_dataset\Graphic-Novels-Anime-Manga\0000346.jpg,"[[[73, 94], [412, 94], [412, 327], [73, 327]]]","[""alices adventures wonderland""]"
Justice League Vol. 1 Origin (The New 52),Geoff Johns,dataset\adjusted_dataset\Graphic-Novels-Anime-Manga\0000347.jpg,[],[]
Everyone's a Aliebn When Ur a Aliebn Too,Jomny Sun,dataset\adjusted_dataset\Graphic-Novels-Anime-Manga\0000348.jpg,"[[[30, 190], [487, 190], [487, 282], [30, 282]]]","[""everyone'? 0 eliebi hen lt 0 eliebr to8""]"
Attack On Titan 12,Hajime Isayama,dataset\adjusted_dataset\Graphic-Novels-Anime-Manga\0000349.jpg,"[[[33, 1], [404, 1], [404, 126], [33, 126]]]","[""aiack on3zstn""]"
"No Game No Life, Vol. 3 (light novel)",Yuu Kamiya,dataset\adjusted_dataset\Graphic-Novels-Anime-Manga\0000350.jpg,[],[]
Smile and Sisters: The Box Set,Raina Telgemeier,dataset\adjusted_dataset\Graphic-Novels-Anime-Manga\0000351.jpg,[],[]
"Assassination Classroom, Vol. 2",Yusei Matsui,dataset\adjusted_dataset\Graphic-Novels-Anime-Manga\0000352.jpg,"[[[34, 42], [478, 42], [478, 90], [34, 90]]]","[""classroom""]"
"Blue Exorcist, Vol. 2",Kazue KATO,dataset\adjusted_dataset\Graphic-Novels-Anime-Manga\0000353.jpg,[],[]
A Scanner Darkly,Philip K. Dick,dataset\adjusted_dataset\Graphic-Novels-Anime-Manga\0000354.jpg,"[[[185, 53], [482, 53], [482, 116], [185, 116]]]","[""philip k djck aocanneroar""]"
Berserk Volume 12,Kentaro Miura,dataset\adjusted_dataset\Graphic-Novels-Anime-Manga\0000355.jpg,"[[[42, 20], [449, 20], [449, 108], [42, 108]]]","[""lerserk""]"
"Black Butler, Vol. 3",Yana Toboso,dataset\adjusted_dataset\Graphic-Novels-Anime-Manga\0000356.jpg,"[[[29, 343], [388, 343], [388, 403], [29, 403]]]","[""elarck jut""]"
"Deadman Wonderland, Vol. 1",Jinsei Kataoka,dataset\adjusted_dataset\Graphic-Novels-Anime-Manga\0000357.jpg,[],[]
Lord of Shadows,Cassandra Clare,dataset\adjusted_dataset\Graphic-Novels-Anime-Manga\0000358.jpg,"[[[24, 301], [488, 301], [488, 408], [24, 408]]]","[""lord o1 shadows cassandr cvre ji t a""]"
Berserk Volume 13,Kentaro Miura,dataset\adjusted_dataset\Graphic-Novels-Anime-Manga\0000359.jpg,"[[[31, 16], [482, 16], [482, 130], [31, 130]]]","[""eerserk 2""]"
The Walking Dead Book 3,Robert Kirkman,dataset\adjusted_dataset\Graphic-Novels-Anime-Manga\0000360.jpg,"[[[91, 283], [442, 283], [442, 470], [91, 470]]]","[""the wnalking dead wook thkod""]"
"Yotsuba&!, Vol. 1",Kiyohiko Azuma,dataset\adjusted_dataset\Graphic-Novels-Anime-Manga\0000361.jpg,[],[]
Asterix: Asterix and the Big Fight,Rene Goscinny,dataset\adjusted_dataset\Graphic-Novels-Anime-Manga\0000362.jpg,"[[[7, 0], [512, 0], [512, 145], [7, 145]]]","[""b dozcdim *stemr doelcd asterixara the blg fph;""]"
"Naruto, Vol. 2",Masashi Kishimoto,dataset\adjusted_dataset\Graphic-Novels-Anime-Manga\0000363.jpg,[],[]
"JoJo's Bizarre Adventure: Part 2--Battle Tendency, Vol. 2",Hirohiko Araki,dataset\adjusted_dataset\Graphic-Novels-Anime-Manga\0000364.jpg,[],[]
The Walking Dead Volume 5: The Best Defense,Robert Kirkman,dataset\adjusted_dataset\Graphic-Novels-Anime-Manga\0000365.jpg,[],[]
"One Piece, Vol. 3",Eiichiro Oda,dataset\adjusted_dataset\Graphic-Novels-Anime-Manga\0000366.jpg,[],[]
Berserk Volume 11,Kentaro Miura,dataset\adjusted_dataset\Graphic-Novels-Anime-Manga\0000367.jpg,[],[]
Christmas Magic Painting Book,Fiona Watt,dataset\adjusted_dataset\Graphic-Novels-Anime-Manga\0000368.jpg,"[[[121, 121], [411, 121], [411, 264], [121, 264]]]","[""ghristmas lagic taintoig_ sook""]"
Vinland Saga 2,Makoto Yukimura,dataset\adjusted_dataset\Graphic-Novels-Anime-Manga\0000369.jpg,"[[[114, 340], [362, 340], [362, 480], [114, 480]]]","[""uinla sag""]"
"Death Note Black Edition, Vol. 3",Tsugumi Ohba,dataset\adjusted_dataset\Graphic-Novels-Anime-Manga\0000370.jpg,[],[]
"The Boy, The Mole, The Fox and The Horse",Charlie Mackesy,dataset\adjusted_dataset\Graphic-Novels-Anime-Manga\0000371.jpg,[],[]
"Dragon Ball Super, Vol. 1",Akira Toriyama,dataset\adjusted_dataset\Graphic-Novels-Anime-Manga\0000372.jpg,[],[]
Attack On Titan 13,Hajime Isayama,dataset\adjusted_dataset\Graphic-Novels-Anime-Manga\0000373.jpg,"[[[22, 0], [409, 0], [409, 137], [22, 137]]]","[""attack ontitan""]"
Avatar: The Last Airbender#the Search Part 2,Gene Luen Yang,dataset\adjusted_dataset\Graphic-Novels-Anime-Manga\0000374.jpg,[],[]
Batman,Scott Snyder,dataset\adjusted_dataset\Graphic-Novels-Anime-Manga\0000375.jpg,,
"JoJo's Bizarre Adventure: Part 3--Stardust Crusaders, Vol. 1",Hirohiko Araki,dataset\adjusted_dataset\Graphic-Novels-Anime-Manga\0000376.jpg,[],[]
From Hell,Alan Moore,dataset\adjusted_dataset\Graphic-Novels-Anime-Manga\0000377.jpg,"[[[249, 454], [503, 454], [503, 492], [249, 492]]]","[""eddie compbell""]"
Preacher Book Two,Garth Ennis,dataset\adjusted_dataset\Graphic-Novels-Anime-Manga\0000378.jpg,[],[]
The Ancient Magus' Bride: Volume 1,Kore Yamazaki,dataset\adjusted_dataset\Graphic-Novels-Anime-Manga\0000379.jpg,[],[]
"Black Butler, Vol. 4",Yana Toboso,dataset\adjusted_dataset\Graphic-Novels-Anime-Manga\0000380.jpg,[],[]
"Tokyo Ghoul: re, Vol. 1",Sui Ishida,dataset\adjusted_dataset\Graphic-Novels-Anime-Manga\0000381.jpg,"[[[14, 6], [496, 6], [496, 54], [14, 54]]]","[""tokyo ghoulte""]"
The Hedge Knight: The Graphic Novel,George R. R. Martin,dataset\adjusted_dataset\Graphic-Novels-Anime-Manga\0000382.jpg,[],[]
"JoJo's Bizarre Adventure: Part 2--Battle Tendency, Vol. 3",Hirohiko Araki,dataset\adjusted_dataset\Graphic-Novels-Anime-Manga\0000383.jpg,[],[]
Death Note (All-in-One Edition),Tsugumi Ohba,dataset\adjusted_dataset\Graphic-Novels-Anime-Manga\0000384.jpg,[],[]
"Food Wars!, Vol. 1",Yuto Tsukuda,dataset\adjusted_dataset\Graphic-Novels-Anime-Manga\0000385.jpg,[],[]
The Flash Vol. 1 Move Forward (The New 52),Brian Buccellato,dataset\adjusted_dataset\Graphic-Novels-Anime-Manga\0000386.jpg,[],[]
Simon's Cat 3,Simon Tofield,dataset\adjusted_dataset\Graphic-Novels-Anime-Manga\0000387.jpg,[],[]
Hellboy Omnibus Volume 1: Seed Of Destruction,John Byrne,dataset\adjusted_dataset\Graphic-Novels-Anime-Manga\0000388.jpg,[],[]
Romeo and Juliet,William Shakespeare,dataset\adjusted_dataset\Graphic-Novels-Anime-Manga\0000389.jpg,"[[[54, 39], [462, 39], [462, 114], [54, 114]]]","[""romeo and juliet #lumaukrxi""]"
Batman Vol. 7 Endgame (The New 52),Scott Snyder,dataset\adjusted_dataset\Graphic-Novels-Anime-Manga\0000390.jpg,[],[]
Fables The Deluxe Edition Book One,Bill Willingham,dataset\adjusted_dataset\Graphic-Novels-Anime-Manga\0000391.jpg,,
World Of Warcraft Chronicle Volume 3,Blizzard Entertainment,dataset\adjusted_dataset\Graphic-Novels-Anime-Manga\0000392.jpg,[],[]
Asterix: Asterix and the Picts,Jean-Yves Ferri,dataset\adjusted_dataset\Graphic-Novels-Anime-Manga\0000393.jpg,[],[]
Berserk Volume 14,Kentaro Miura,dataset\adjusted_dataset\Graphic-Novels-Anime-Manga\0000394.jpg,"[[[40, 20], [443, 20], [443, 110], [40, 110]]]","[""derser0""]"
The Wonderful Wizard Of Oz,Robert Sabuda,dataset\adjusted_dataset\Graphic-Novels-Anime-Manga\0000395.jpg,"[[[19, 14], [459, 14], [459, 121], [19, 121]]]","[""iewonderhur wvizard""]"
"Neon Genesis Evangelion 3-in-1 Edition, Vol. 1",Yoshiyuki Sadamoto,dataset\adjusted_dataset\Graphic-Novels-Anime-Manga\0000396.jpg,"[[[2, 0], [495, 0], [495, 144], [2, 144]]]","[""neon genesis evangelion""]"
Asterix: Asterix in Spain,Rene Goscinny,dataset\adjusted_dataset\Graphic-Novels-Anime-Manga\0000397.jpg,"[[[8, 7], [500, 7], [500, 142], [8, 142]]]","[""neoscmtny asterx oczo astelix in spain""]"
Fairy Tail 2,Hiro Mashima,dataset\adjusted_dataset\Graphic-Novels-Anime-Manga\0000398.jpg,[],[]
Made in Abyss Voi. 1,Akihito Tsukushi,dataset\adjusted_dataset\Graphic-Novels-Anime-Manga\0000399.jpg,[],[]
Avatar: The Last Airbender#the Search Part 3,Gene Luen Yang,dataset\adjusted_dataset\Graphic-Novels-Anime-Manga\0000400.jpg,[],[]
Monster,Naoki Urasawa,dataset\adjusted_dataset\Graphic-Novels-Anime-Manga\0000401.jpg,"[[[27, 285], [267, 285], [267, 371], [27, 371]]]","[""~monsjer:""]"
The Resurrectionist,E. B. Hudspeth,dataset\adjusted_dataset\Graphic-Novels-Anime-Manga\0000402.jpg,"[[[62, 34], [446, 34], [446, 60], [62, 60]]]","[""tite tisuitccttokist""]"
The Walking Dead Volume 6: This Sorrowful Life,Robert Kirkman,dataset\adjusted_dataset\Graphic-Novels-Anime-Manga\0000403.jpg,[],[]
"Spice and Wolf, Vol. 3 (light novel)",Isuna Hasekura,dataset\adjusted_dataset\Graphic-Novels-Anime-Manga\0000404.jpg,[],[]
Maisy Dresses Up,Lucy Cousins,dataset\adjusted_dataset\Graphic-Novels-Anime-Manga\0000405.jpg,"[[[46, 27], [471, 27], [471, 114], [46, 114]]]","[""maisy dresses up""]"
"No Game No Life, Vol. 5 (light novel)",Yuu Kamiya,dataset\adjusted_dataset\Graphic-Novels-Anime-Manga\0000406.jpg,"[[[345, 5], [495, 5], [495, 251], [345, 251]]]","[""no ame td vife 5""]"
Building Stories,Chris Ware,dataset\adjusted_dataset\Graphic-Novels-Anime-Manga\0000407.jpg,[],[]
"Merry Christmas, Geronimo",Geronimo Stilton,dataset\adjusted_dataset\Graphic-Novels-Anime-Manga\0000408.jpg,[],[]
Attack On Titan 14,Hajime Isayama,dataset\adjusted_dataset\Graphic-Novels-Anime-Manga\0000409.jpg,"[[[119, 6], [495, 6], [495, 147], [119, 147]]]","[""afak on titza""]"
The Rising Of The Shield Hero Volume 01: Light Novel,Aneko Yusagi,dataset\adjusted_dataset\Graphic-Novels-Anime-Manga\0000410.jpg,[],[]
The Tiny Book of Tiny Stories: Volume 2,Joseph Gordon-Levitt,dataset\adjusted_dataset\Graphic-Novels-Anime-Manga\0000411.jpg,[],[]
The Walking Dead Volume 32,Robert Kirkman,dataset\adjusted_dataset\Graphic-Novels-Anime-Manga\0000412.jpg,[],[]
The Walking Dead: Book 4,Robert Kirkman,dataset\adjusted_dataset\Graphic-Novels-Anime-Manga\0000413.jpg,"[[[76, 268], [445, 268], [445, 473], [76, 473]]]","[""the walking dead wook{oue""]"
Dork Diaries: Once Upon a Dork,Rachel Renee Russell,dataset\adjusted_dataset\Graphic-Novels-Anime-Manga\0000414.jpg,"[[[79, 19], [489, 19], [489, 234], [79, 234]]]","[""rachtl renec russcl derk onee upon a dork""]"
"Haikyu!!, Vol. 2",Haruichi Furudate,dataset\adjusted_dataset\Graphic-Novels-Anime-Manga\0000415.jpg,[],[]
Fables,Bill Willingham,dataset\adjusted_dataset\Graphic-Novels-Anime-Manga\0000416.jpg,[],[]
"Death Note, Vol. 2",Tsugumi Ohba,dataset\adjusted_dataset\Graphic-Novels-Anime-Manga\0000417.jpg,[],[]
Star Wars: Darth Vader Volume 1 - Vader,Kieron Gillen,dataset\adjusted_dataset\Graphic-Novels-Anime-Manga\0000418.jpg,"[[[58, 12], [456, 12], [456, 108], [58, 108]]]","[""darth-vader""]"
"Vagabond, Vol. 3 (VIZBIG Edition)",Takehiko Inoue,dataset\adjusted_dataset\Graphic-Novels-Anime-Manga\0000419.jpg,[],[]
"John Constantine, Hellblazer Vol 1",Jamie Delano,dataset\adjusted_dataset\Graphic-Novels-Anime-Manga\0000420.jpg,[],[]
"JoJo's Bizarre Adventure: Part 2--Battle Tendency, Vol. 4",Hirohiko Araki,dataset\adjusted_dataset\Graphic-Novels-Anime-Manga\0000421.jpg,[],[]
Akira Volume 2,Katsuhiro Otomo,dataset\adjusted_dataset\Graphic-Novels-Anime-Manga\0000422.jpg,[],[]
How to Find Flower Fairies,Cicely Mary Barker,dataset\adjusted_dataset\Graphic-Novels-Anime-Manga\0000423.jpg,[],[]
Scott Pilgrim: Scott Pilgrim Versus the World v. 2,Bryan O'Malley,dataset\adjusted_dataset\Graphic-Novels-Anime-Manga\0000424.jpg,[],[]
A Wrinkle in Time,Madeleine L'Engle,dataset\adjusted_dataset\Graphic-Novels-Anime-Manga\0000425.jpg,"[[[44, 324], [472, 324], [472, 451], [44, 451]]]","[""awrinkle in twe""]"
"Legend Of Zelda, The: Art & Artifacts",Nintendo USA,dataset\adjusted_dataset\Graphic-Novels-Anime-Manga\0000426.jpg,[],[]
"Ten Count, Vol. 1",Rihito Takarai,dataset\adjusted_dataset\Graphic-Novels-Anime-Manga\0000427.jpg,[],[]
Palestine,Joe Sacco,dataset\adjusted_dataset\Graphic-Novels-Anime-Manga\0000428.jpg,"[[[8, 2], [510, 2], [510, 118], [8, 118]]]","[""palestine @e sacco""]"
Batman Vol. 6 Graveyard Shift (The New 52),Scott Snyder,dataset\adjusted_dataset\Graphic-Novels-Anime-Manga\0000429.jpg,[],[]
JUDGE DREDD COMP CASE FILE 1,John Wagner,dataset\adjusted_dataset\Graphic-Novels-Anime-Manga\0000430.jpg,"[[[287, 310], [491, 310], [491, 357], [287, 357]]]","[""dee @m etofaeie xe files 0t""]"
A Silent Voice 1,Yoshitoki Oima,dataset\adjusted_dataset\Graphic-Novels-Anime-Manga\0000431.jpg,"[[[53, 37], [462, 37], [462, 154], [53, 154]]]","[""silee 0eiee""]"
Descender Volume 1: Tin Stars,Jeff Lemire,dataset\adjusted_dataset\Graphic-Novels-Anime-Manga\0000432.jpg,,
"Fullmetal Alchemist (3-in-1 Edition), Vol. 2",Hiromu Arakawa,dataset\adjusted_dataset\Graphic-Novels-Anime-Manga\0000433.jpg,[],[]
"One Piece: East Blue 1-2-3, Vol. 1 (Omnibus Edition)",Eiichiro Oda,dataset\adjusted_dataset\Graphic-Novels-Anime-Manga\0000434.jpg,[],[]
Asterios Polyp,David Mazzucchelli,dataset\adjusted_dataset\Graphic-Novels-Anime-Manga\0000435.jpg,"[[[226, 102], [512, 102], [512, 178], [226, 178]]]","[""steros""]"
Habibi,Craig Thompson,dataset\adjusted_dataset\Graphic-Novels-Anime-Manga\0000436.jpg,"[[[139, 75], [392, 75], [392, 153], [139, 153]]]","[""kabibi""]"
Y The Last Man Deluxe Edition Book One,Brian K. Vaughan,dataset\adjusted_dataset\Graphic-Novels-Anime-Manga\0000437.jpg,[],[]
Paper Girls Volume 3,Brian K. Vaughan,dataset\adjusted_dataset\Graphic-Novels-Anime-Manga\0000438.jpg,[],[]
A Silent Voice Complete Series Box Set,Yoshitoki Oima,dataset\adjusted_dataset\Graphic-Novels-Anime-Manga\0000439.jpg,[],[]
Deadpool By Daniel Way: The Complete Collection Volume 1,Andy Diggle,dataset\adjusted_dataset\Graphic-Novels-Anime-Manga\0000440.jpg,[],[]
Batman: Death of the Family Book and Joker Mask Set,Scott Snyder,dataset\adjusted_dataset\Graphic-Novels-Anime-Manga\0000441.jpg,[],[]
Soppy,Philippa Rice,dataset\adjusted_dataset\Graphic-Novels-Anime-Manga\0000442.jpg,"[[[17, 0], [504, 0], [504, 172], [17, 172]]]","[""sopps""]"
"Spice and Wolf, Vol. 4 (light novel)",Isuna Hasekura,dataset\adjusted_dataset\Graphic-Novels-Anime-Manga\0000443.jpg,[],[]
Red Rackham's Treasure,Herge,dataset\adjusted_dataset\Graphic-Novels-Anime-Manga\0000444.jpg,"[[[39, 65], [447, 65], [447, 145], [39, 145]]]","[""red ickaw$ treasure""]"
Cinder,Marissa Meyer,dataset\adjusted_dataset\Graphic-Novels-Anime-Manga\0000445.jpg,[],[]
"No Game No Life, Vol. 7 (light novel)",Yuu Kamiya,dataset\adjusted_dataset\Graphic-Novels-Anime-Manga\0000446.jpg,,
Hellboy Volume 1: Seed Of Destruction,Mike Mignola,dataset\adjusted_dataset\Graphic-Novels-Anime-Manga\0000447.jpg,[],[]
"Naruto, Vol. 3",Masashi Kishimoto,dataset\adjusted_dataset\Graphic-Novels-Anime-Manga\0000448.jpg,[],[]
Black Hole,Charles Burns,dataset\adjusted_dataset\Graphic-Novels-Anime-Manga\0000449.jpg,"[[[19, 477], [271, 477], [271, 512], [19, 512]]]","[""c h a rl e $""]"
"Blue Exorcist, Vol. 3",Kazue KATO,dataset\adjusted_dataset\Graphic-Novels-Anime-Manga\0000450.jpg,[],[]
"Tokyo Ghoul: re, Vol. 2",Sui Ishida,dataset\adjusted_dataset\Graphic-Novels-Anime-Manga\0000451.jpg,"[[[15, 7], [494, 7], [494, 101], [15, 101]]]","[""tokyoghoul:re jui thica""]"
Pluto,Naoki Urasawa,dataset\adjusted_dataset\Graphic-Novels-Anime-Manga\0000452.jpg,,
"Assassination Classroom, Vol. 3",Yusei Matsui,dataset\adjusted_dataset\Graphic-Novels-Anime-Manga\0000453.jpg,"[[[36, 19], [480, 19], [480, 88], [36, 88]]]","[""tro h classroom""]"
Neurocomic,Matteo Farinella,dataset\adjusted_dataset\Graphic-Novels-Anime-Manga\0000454.jpg,"[[[92, 86], [426, 86], [426, 118], [92, 118]]]","[""neurucomic""]"
Bitch Planet Volume 1: Extraordinary Machine,Kelly Sue Deconnick,dataset\adjusted_dataset\Graphic-Novels-Anime-Manga\0000455.jpg,[],[]
The Walking Dead Volume 7: The Calm Before,Robert Kirkman,dataset\adjusted_dataset\Graphic-Novels-Anime-Manga\0000456.jpg,[],[]
Preacher Book Three,Garth Ennis,dataset\adjusted_dataset\Graphic-Novels-Anime-Manga\0000457.jpg,[],[]
Mister Miracle,Tom King,dataset\adjusted_dataset\Graphic-Novels-Anime-Manga\0000458.jpg,[],[]
Sailor Moon: v. 2,Naoko Takeuchi,dataset\adjusted_dataset\Graphic-Novels-Anime-Manga\0000459.jpg,[],[]
"No Game No Life, Vol. 8 (light novel)",Yuu Kamiya,dataset\adjusted_dataset\Graphic-Novels-Anime-Manga\0000460.jpg,[],[]
Asterix: Asterix and the Normans,Rene Goscinny,dataset\adjusted_dataset\Graphic-Novels-Anime-Manga\0000461.jpg,"[[[8, 7], [507, 7], [507, 132], [8, 132]]]","[""agoscny astenx mdelzd nd tme asterix noztts""]"
Awkward,Svetlana Chmakova,dataset\adjusted_dataset\Graphic-Novels-Anime-Manga\0000462.jpg,"[[[24, 21], [479, 21], [479, 109], [24, 109]]]","[""awkward""]"
Am I There Yet?,Mari Andrew,dataset\adjusted_dataset\Graphic-Novels-Anime-Manga\0000463.jpg,[],[]
Noragami Volume 1,Adachitoka,dataset\adjusted_dataset\Graphic-Novels-Anime-Manga\0000464.jpg,"[[[20, 412], [501, 412], [501, 505], [20, 505]]]","[""norrezopi btrx go1""]"
Wings of Fire Graphic Novel #1: The Dragonet Prophecy,Tui T. Sutherland,dataset\adjusted_dataset\Graphic-Novels-Anime-Manga\0000465.jpg,[],[]
"Spice and Wolf, Vol. 6 (light novel)",Isuna Hasekura,dataset\adjusted_dataset\Graphic-Novels-Anime-Manga\0000466.jpg,[],[]
"Deadman Wonderland, Vol. 2",Jinsei Kataoka,dataset\adjusted_dataset\Graphic-Novels-Anime-Manga\0000467.jpg,[],[]
"Hunter x Hunter, Vol. 2",Yoshihiro Togashi,dataset\adjusted_dataset\Graphic-Novels-Anime-Manga\0000468.jpg,[],[]
Attack On Titan 15,Hajime Isayama,dataset\adjusted_dataset\Graphic-Novels-Anime-Manga\0000469.jpg,"[[[103, 0], [489, 0], [489, 135], [103, 135]]]","[""afask titan""]"
"Dragon Ball (3-in-1 Edition), Vol. 1",Akira Toriyama,dataset\adjusted_dataset\Graphic-Novels-Anime-Manga\0000470.jpg,"[[[3, 0], [512, 0], [512, 155], [3, 155]]]","[""lragonball ~in-""]"
"The Saga of Tanya the Evil, Vol. 1 (light novel)",Carlo Zen,dataset\adjusted_dataset\Graphic-Novels-Anime-Manga\0000471.jpg,[],[]
"Bleach, Vol. 1",Tite Kubo,dataset\adjusted_dataset\Graphic-Novels-Anime-Manga\0000472.jpg,"[[[99, 7], [483, 7], [483, 74], [99, 74]]]","[""bleaclrs""]"
"Mindful Monkey, Happy Panda",Lauren Alderfer,dataset\adjusted_dataset\Graphic-Novels-Anime-Manga\0000473.jpg,"[[[35, 27], [482, 27], [482, 152], [35, 152]]]","[""mindful monkey, happr panda""]"
Asterix: Omnibus 11,Rene Goscinny,dataset\adjusted_dataset\Graphic-Novels-Anime-Manga\0000474.jpg,[],[]
Deadly Class Volume 1: Reagan Youth,Rick Remender,dataset\adjusted_dataset\Graphic-Novels-Anime-Manga\0000475.jpg,[],[]
Attack On Titan 28,Hajime Isayama,dataset\adjusted_dataset\Graphic-Novels-Anime-Manga\0000476.jpg,"[[[10, 0], [408, 0], [408, 137], [10, 137]]]","[""attack on titan""]"
"Death Note Black Edition, Vol. 4",Tsugumi Ohba,dataset\adjusted_dataset\Graphic-Novels-Anime-Manga\0000477.jpg,[],[]
The Walking Dead Volume 17: Something to Fear,Robert Kirkman,dataset\adjusted_dataset\Graphic-Novels-Anime-Manga\0000478.jpg,[],[]
Scott Pilgrim: Scott Pilgrim's Finest Hour v. 6,Bryan Lee O'Malley,dataset\adjusted_dataset\Graphic-Novels-Anime-Manga\0000479.jpg,[],[]
Bone: v.1,Jeff Smith,dataset\adjusted_dataset\Graphic-Novels-Anime-Manga\0000480.jpg,"[[[92, 24], [418, 24], [418, 198], [92, 198]]]","[""bove""]"
"Legend Of Korra, The: Turf Wars Part 3",Michael Dante DiMartino,dataset\adjusted_dataset\Graphic-Novels-Anime-Manga\0000481.jpg,[],[]
Berserk Volume 15,Kentaro Miura,dataset\adjusted_dataset\Graphic-Novels-Anime-Manga\0000482.jpg,"[[[40, 22], [484, 22], [484, 134], [40, 134]]]","[""efrserk 15""]"
Avatar: The Last Airbender#the Art Of The Animated Series,Bryan Konietzko,dataset\adjusted_dataset\Graphic-Novels-Anime-Manga\0000483.jpg,[],[]
"Spice and Wolf, Vol. 5 (light novel)",Isuna Hasekura,dataset\adjusted_dataset\Graphic-Novels-Anime-Manga\0000484.jpg,[],[]
"Dragon Ball Super, Vol. 5",Akira Toriyama,dataset\adjusted_dataset\Graphic-Novels-Anime-Manga\0000485.jpg,[],[]
My Favorite Thing Is Monsters,Emil Ferris,dataset\adjusted_dataset\Graphic-Novels-Anime-Manga\0000486.jpg,"[[[29, 394], [487, 394], [487, 499], [29, 499]]]","[""my favorite thingi5 monsters""]"
"Blue Exorcist, Vol. 4",Kazue KATO,dataset\adjusted_dataset\Graphic-Novels-Anime-Manga\0000487.jpg,[],[]
Chew Volume 1: Tasters Choice,John Layman,dataset\adjusted_dataset\Graphic-Novels-Anime-Manga\0000488.jpg,[],[]
The Art Of Charlie Chan Hock Chye,Sonny Liew,dataset\adjusted_dataset\Graphic-Novels-Anime-Manga\0000489.jpg,"[[[21, 3], [308, 3], [308, 82], [21, 82]]]","[""743 4rz ct charlie chan wock chte""]"
Explorers on the Moon,Herge,dataset\adjusted_dataset\Graphic-Novels-Anime-Manga\0000490.jpg,"[[[28, 80], [466, 80], [466, 172], [28, 172]]]","[""explorers on the moon""]"
The Walking Dead Volume 10: What We Become,Robert Kirkman,dataset\adjusted_dataset\Graphic-Novels-Anime-Manga\0000491.jpg,[],[]
Doctor Who: Where's the Doctor?,Jamie Smart,dataset\adjusted_dataset\Graphic-Novels-Anime-Manga\0000492.jpg,"[[[74, 178], [459, 178], [459, 379], [74, 379]]]","[""wheres the docton?""]"
Stan Lee's How To Draw Superheroes,Stan Lee,dataset\adjusted_dataset\Graphic-Novels-Anime-Manga\0000493.jpg,"[[[18, 33], [486, 33], [486, 141], [18, 141]]]","[""stal] [3305 now td @row sufe uierde3""]"
The Walking Dead Volume 9: Here We Remain,Robert Kirkman,dataset\adjusted_dataset\Graphic-Novels-Anime-Manga\0000494.jpg,[],[]
The Walking Dead: Volume 18,Robert Kirkman,dataset\adjusted_dataset\Graphic-Novels-Anime-Manga\0000495.jpg,[],[]
The Walking Dead Book 5,Robert Kirkman,dataset\adjusted_dataset\Graphic-Novels-Anime-Manga\0000496.jpg,"[[[79, 281], [448, 281], [448, 473], [79, 473]]]","[""the walking dead book fve""]"
The Little Mermaid,Robert Sabuda,dataset\adjusted_dataset\Graphic-Novels-Anime-Manga\0000497.jpg,"[[[38, 14], [443, 14], [443, 117], [38, 117]]]","[""jyle &megmaid""]"
Vinland Saga 3,Makoto Yukimura,dataset\adjusted_dataset\Graphic-Novels-Anime-Manga\0000498.jpg,"[[[126, 336], [436, 336], [436, 483], [126, 483]]]","[""vinland saga""]"
Through the Woods,Emily Carroll,dataset\adjusted_dataset\Graphic-Novels-Anime-Manga\0000499.jpg,"[[[100, 80], [399, 80], [399, 275], [100, 275]]]","[""through tt woods""]"
Berserk Volume 16,Kentaro Miura,dataset\adjusted_dataset\Graphic-Novels-Anime-Manga\0000500.jpg,"[[[37, 13], [482, 13], [482, 136], [37, 136]]]","[""{erserk 15""]"
The Incal,Alexandro Jodorowsky,dataset\adjusted_dataset\Graphic-Novels-Anime-Manga\0000501.jpg,"[[[24, 48], [489, 48], [489, 124], [24, 124]]]","[""the incal""]"
"Goodnight Punpun, Vol. 2",Inio Asano,dataset\adjusted_dataset\Graphic-Novels-Anime-Manga\0000502.jpg,"[[[0, 0], [512, 0], [512, 178], [0, 178]]]","[""goodnight punpun""]"
The World Of The Witcher,CD Projekt Red,dataset\adjusted_dataset\Graphic-Novels-Anime-Manga\0000503.jpg,,
"Legend Of Korra, The: Turf Wars Part Two",Michael Dante DiMartino,dataset\adjusted_dataset\Graphic-Novels-Anime-Manga\0000504.jpg,[],[]
Hawkeye Volume 2: Little Hits (marvel Now),Matt Fraction,dataset\adjusted_dataset\Graphic-Novels-Anime-Manga\0000505.jpg,"[[[70, 394], [482, 394], [482, 510], [70, 510]]]","[""haukeye little h\""ts feadi ttf #xsmt\""""]"
Tokyo Ghoul Complete Box Set,Sui Ishida,dataset\adjusted_dataset\Graphic-Novels-Anime-Manga\0000506.jpg,"[[[120, 385], [289, 385], [289, 477], [120, 477]]]","[""tokyo = ghcui""]"
"One Piece, Vol. 4",Eiichiro Oda,dataset\adjusted_dataset\Graphic-Novels-Anime-Manga\0000507.jpg,[],[]
Thing Explainer,Randall Munroe,dataset\adjusted_dataset\Graphic-Novels-Anime-Manga\0000508.jpg,"[[[118, 60], [398, 60], [398, 199], [118, 199]]]","[""thing explainer cempecatid sfetr tn itpet dfaea""]"
"Brown Bear, Brown Bear, What Do You See?",Jr.  Bill Martin,dataset\adjusted_dataset\Graphic-Novels-Anime-Manga\0000509.jpg,"[[[89, 103], [382, 103], [382, 194], [89, 194]]]","[""brewndoat brown drar; wkeh do tou 827""]"
"Dragon Ball Super, Vol. 2",Akira Toriyama,dataset\adjusted_dataset\Graphic-Novels-Anime-Manga\0000510.jpg,[],[]
The Cartoon Guide to Chemistry,Larry Gonick,dataset\adjusted_dataset\Graphic-Novels-Anime-Manga\0000511.jpg,"[[[13, 10], [505, 10], [505, 133], [13, 133]]]","[""thecaptoonguide to cllgmigtav""]"
Berserk Volume 20,Kentaro Miura,dataset\adjusted_dataset\Graphic-Novels-Anime-Manga\0000512.jpg,"[[[35, 13], [486, 13], [486, 136], [35, 136]]]","[""eexserk 202""]"
The Walking Dead Volume 13: Too Far Gone,Robert Kirkman,dataset\adjusted_dataset\Graphic-Novels-Anime-Manga\0000513.jpg,[],[]
Avatar: The Last Airbender# The Lost Adventures,May Chan,dataset\adjusted_dataset\Graphic-Novels-Anime-Manga\0000514.jpg,"[[[86, 30], [462, 30], [462, 117], [86, 117]]]","[""avatar  thi lxt xbfnjar""]"
Berserk Volume 21,Kentaro Miura,dataset\adjusted_dataset\Graphic-Novels-Anime-Manga\0000515.jpg,"[[[35, 23], [465, 23], [465, 113], [35, 113]]]","[""bezsezk""]"
"Black Butler, Vol. 5",Yana Toboso,dataset\adjusted_dataset\Graphic-Novels-Anime-Manga\0000516.jpg,[],[]
Sword Art Online Progressive 1 (light novel),Reki Kawahara,dataset\adjusted_dataset\Graphic-Novels-Anime-Manga\0000517.jpg,"[[[324, 148], [503, 148], [503, 293], [324, 293]]]","[""word ft qune >ive ooi rhpa""]"
Am I There Yet?,Mari Andrew,dataset\adjusted_dataset\Graphic-Novels-Anime-Manga\0000518.jpg,[],[]
Fairy Tail 3,Hiro Mashima,dataset\adjusted_dataset\Graphic-Novels-Anime-Manga\0000519.jpg,"[[[28, 0], [477, 0], [477, 127], [28, 127]]]","[""frirytawe""]"
Sailor Moon Vol. 3,Naoko Takeuchi,dataset\adjusted_dataset\Graphic-Novels-Anime-Manga\0000520.jpg,[],[]
Crisis on Infinite Earths,DC Comics,dataset\adjusted_dataset\Graphic-Novels-Anime-Manga\0000521.jpg,[],[]
Asterix: Asterix and the Banquet,Rene Goscinny,dataset\adjusted_dataset\Graphic-Novels-Anime-Manga\0000522.jpg,"[[[10, 9], [500, 9], [500, 150], [10, 150]]]","[""bgoschvny aeterza uoblo asterix and the banquet""]"
Fables,Bill Willingham,dataset\adjusted_dataset\Graphic-Novels-Anime-Manga\0000523.jpg,"[[[34, 4], [501, 4], [501, 129], [34, 129]]]","[""faples ott""]"
Jolly Phonics Pupil Book 1,Sara Wernham,dataset\adjusted_dataset\Graphic-Novels-Anime-Manga\0000524.jpg,[],[]
"Death Note Black Edition, Vol. 6",Tsugumi Ohba,dataset\adjusted_dataset\Graphic-Novels-Anime-Manga\0000525.jpg,[],[]
"Death Note, Vol. 3",Tsugumi Ohba,dataset\adjusted_dataset\Graphic-Novels-Anime-Manga\0000526.jpg,[],[]
Easy Phonic Words Very First Reading Support Title,Mairi Mackinnon,dataset\adjusted_dataset\Graphic-Novels-Anime-Manga\0000527.jpg,"[[[23, 41], [470, 41], [470, 146], [23, 146]]]","[""easy phonics words""]"
"No Game No Life, Vol. 6 (light novel)",Yuu Kamiya,dataset\adjusted_dataset\Graphic-Novels-Anime-Manga\0000528.jpg,[],[]
"One Piece, Vol. 91",Eiichiro Oda,dataset\adjusted_dataset\Graphic-Novels-Anime-Manga\0000529.jpg,[],[]
"Yotsuba&!, Vol. 2",Kiyohiko Azuma,dataset\adjusted_dataset\Graphic-Novels-Anime-Manga\0000530.jpg,[],[]
"Seraph of the End, Vol. 1",Takaya Kagami,dataset\adjusted_dataset\Graphic-Novels-Anime-Manga\0000531.jpg,"[[[32, 296], [473, 296], [473, 362], [32, 362]]]","[""serophoteno""]"
Scott Pilgrim: Scott Pilgrim Gets it Together v. 4,Bryan Lee O'Malley,dataset\adjusted_dataset\Graphic-Novels-Anime-Manga\0000532.jpg,[],[]
Suicide Squad Vol. 1,Adam Glass,dataset\adjusted_dataset\Graphic-Novels-Anime-Manga\0000533.jpg,"[[[82, 26], [438, 26], [438, 153], [82, 153]]]","[""sucide 'ad""]"
Junji Ito's Cat Diary: Yon & Mu,Junji Ito,dataset\adjusted_dataset\Graphic-Novels-Anime-Manga\0000534.jpg,"[[[56, 14], [455, 14], [455, 93], [56, 93]]]","[""jurjioscat cun yon&mu""]"
"Haikyu!!, Vol. 3",Haruichi Furudate,dataset\adjusted_dataset\Graphic-Novels-Anime-Manga\0000535.jpg,[],[]
One Piece Box Set 2,Eiichiro Oda,dataset\adjusted_dataset\Graphic-Novels-Anime-Manga\0000536.jpg,,
Berserk Volume 26,Kentaro Miura,dataset\adjusted_dataset\Graphic-Novels-Anime-Manga\0000537.jpg,[],[]
Berserk Volume 19,Kentaro Miura,dataset\adjusted_dataset\Graphic-Novels-Anime-Manga\0000538.jpg,[],[]
The Walking Dead Volume 19: March to War,Robert Kirkman,dataset\adjusted_dataset\Graphic-Novels-Anime-Manga\0000539.jpg,[],[]
Thea Stilton and the Mountain of Fire,Thea Stilton,dataset\adjusted_dataset\Graphic-Novels-Anime-Manga\0000540.jpg,"[[[46, 168], [466, 168], [466, 200], [46, 200]]]","[""mounani @rfie""]"
"Naruto: Itachi's Story, Vol. 1",Takashi Yano,dataset\adjusted_dataset\Graphic-Novels-Anime-Manga\0000541.jpg,[],[]
"One Piece: East Blue 4-5-6, Vol. 2 (Omnibus Edition)",Eiichiro Oda,dataset\adjusted_dataset\Graphic-Novels-Anime-Manga\0000542.jpg,[],[]
Illusion Of Life,Ollie Johnston,dataset\adjusted_dataset\Graphic-Novels-Anime-Manga\0000543.jpg,"[[[47, 59], [463, 59], [463, 176], [47, 176]]]","[""tke illusion o lile disaey animation frak ilom4olie fron""]"
The Walking Dead Volume 12: Life Among Them,Robert Kirkman,dataset\adjusted_dataset\Graphic-Novels-Anime-Manga\0000544.jpg,[],[]
The Wicked + The Divine Volume 2: Fandemonium,Kieron Gillen,dataset\adjusted_dataset\Graphic-Novels-Anime-Manga\0000545.jpg,[],[]
"Dragon Ball Super, Vol. 4",Akira Toriyama,dataset\adjusted_dataset\Graphic-Novels-Anime-Manga\0000546.jpg,[],[]
Asterix: Omnibus 6,Rene Goscinny,dataset\adjusted_dataset\Graphic-Novels-Anime-Manga\0000547.jpg,[],[]
"One Piece: East Blue 7-8-9, Vol. 3 (Omnibus Edition)",Eiichiro Oda,dataset\adjusted_dataset\Graphic-Novels-Anime-Manga\0000548.jpg,[],[]
The Joker,Brian Azzarello,dataset\adjusted_dataset\Graphic-Novels-Anime-Manga\0000549.jpg,[],[]
A Monster Calls,Patrick Ness,dataset\adjusted_dataset\Graphic-Novels-Anime-Manga\0000550.jpg,"[[[25, 378], [488, 378], [488, 506], [25, 506]]]","[""a monster calls prtrice nlss siotindo\""d""]"
Berserk Volume 23,Kentaro Miura,dataset\adjusted_dataset\Graphic-Novels-Anime-Manga\0000551.jpg,"[[[36, 17], [456, 17], [456, 118], [36, 118]]]","[""{ezserk""]"
Asterix: How Obelix Fell into the Magic Potion,Rene Goscinny,dataset\adjusted_dataset\Graphic-Novels-Anime-Manga\0000552.jpg,"[[[13, 9], [508, 9], [508, 142], [13, 142]]]","[""n goscojny acom a wdered how obelix ffll into thk magic potion wretpringatttt d""]"
"Is It Wrong to Try to Pick Up Girls in a Dungeon?, Vol. 2 (light novel)",Fujino Omori,dataset\adjusted_dataset\Graphic-Novels-Anime-Manga\0000553.jpg,[],[]
Ocean,Dan Kainen,dataset\adjusted_dataset\Graphic-Novels-Anime-Manga\0000554.jpg,"[[[0, 25], [512, 25], [512, 148], [0, 148]]]","[""ocean""]"
The Merchant of Venice,William Shakespeare,dataset\adjusted_dataset\Graphic-Novels-Anime-Manga\0000555.jpg,"[[[51, 39], [465, 39], [465, 133], [51, 133]]]","[""the merehant of venice wlllw miirkaci""]"
The Art Of The Mass Effect Universe,Casey Hudson,dataset\adjusted_dataset\Graphic-Novels-Anime-Manga\0000556.jpg,[],[]
"The Mortal Instruments: The Graphic Novel, Vol. 1",Cassandra Clare,dataset\adjusted_dataset\Graphic-Novels-Anime-Manga\0000557.jpg,,
"Ten Count, Vol. 2",Rihito Takarai,dataset\adjusted_dataset\Graphic-Novels-Anime-Manga\0000558.jpg,[],[]
Asterix: Omnibus 10,Albert Uderzo,dataset\adjusted_dataset\Graphic-Novels-Anime-Manga\0000559.jpg,"[[[38, 24], [472, 24], [472, 174], [38, 174]]]","[""aoterx bu""]"
The Walking Dead Volume 14: No Way Out,Robert Kirkman,dataset\adjusted_dataset\Graphic-Novels-Anime-Manga\0000560.jpg,[],[]
Berserk Volume 27,Kentaro Miura,dataset\adjusted_dataset\Graphic-Novels-Anime-Manga\0000561.jpg,[],[]
"Death Note Black Edition, Vol. 5",Tsugumi Ohba,dataset\adjusted_dataset\Graphic-Novels-Anime-Manga\0000562.jpg,[],[]
"Komi Can't Communicate, Vol. 2",Tomohito Oda,dataset\adjusted_dataset\Graphic-Novels-Anime-Manga\0000563.jpg,"[[[19, 203], [498, 203], [498, 300], [19, 300]]]","[""remi can communicate""]"
"Tokyo Ghoul: re, Vol. 3",Sui Ishida,dataset\adjusted_dataset\Graphic-Novels-Anime-Manga\0000564.jpg,[],[]
The Seven Deadly Sins 1,Nakaba Suzuki,dataset\adjusted_dataset\Graphic-Novels-Anime-Manga\0000565.jpg,[],[]
Scott Pilgrim: Scott Pilgrim vs the Universe v. 5,Bryan Lee O'Malley,dataset\adjusted_dataset\Graphic-Novels-Anime-Manga\0000566.jpg,[],[]
"Hunter x Hunter, Vol. 3",Yoshihiro Togashi,dataset\adjusted_dataset\Graphic-Novels-Anime-Manga\0000567.jpg,[],[]
Scott Pilgrim: Scott Pilgrim and the Infinite Sadness v. 3,Bryan Lee O'Malley,dataset\adjusted_dataset\Graphic-Novels-Anime-Manga\0000568.jpg,[],[]
"Dragon Ball Super, Vol. 3",Akira Toriyama,dataset\adjusted_dataset\Graphic-Novels-Anime-Manga\0000569.jpg,[],[]
Berserk Volume 28,Kentaro Miura,dataset\adjusted_dataset\Graphic-Novels-Anime-Manga\0000570.jpg,"[[[17, 15], [486, 15], [486, 112], [17, 112]]]","[""{ezserk""]"
Made in Abyss Vol. 2,Akihito Tsukushi,dataset\adjusted_dataset\Graphic-Novels-Anime-Manga\0000571.jpg,[],[]
"Spice and Wolf, Vol. 7 (light novel)",Isuna Hasekura,dataset\adjusted_dataset\Graphic-Novels-Anime-Manga\0000572.jpg,[],[]
The Walking Dead Volume 11: Fear The Hunters,Robert Kirkman,dataset\adjusted_dataset\Graphic-Novels-Anime-Manga\0000573.jpg,[],[]
"Spice and Wolf, Vol. 8 (light novel)",Isuna Hasekura,dataset\adjusted_dataset\Graphic-Novels-Anime-Manga\0000574.jpg,[],[]
Are You My Mother?,Alison Bechdel,dataset\adjusted_dataset\Graphic-Novels-Anime-Manga\0000575.jpg,"[[[100, 100], [327, 100], [327, 268], [100, 268]]]","[""tou my ne mother 4\""e""]"
Berserk Volume 18,Kentaro Miura,dataset\adjusted_dataset\Graphic-Novels-Anime-Manga\0000576.jpg,[],[]
The Walking Dead Book 6,Robert Kirkman,dataset\adjusted_dataset\Graphic-Novels-Anime-Manga\0000577.jpg,"[[[94, 296], [443, 296], [443, 478], [94, 478]]]","[""the walking dead #die 33""]"
Death Note: Another Note (Novel),Ishin Nishio,dataset\adjusted_dataset\Graphic-Novels-Anime-Manga\0000578.jpg,[],[]
"Dragon Ball (3-in-1 Edition), Vol. 2",Akira Toriyama,dataset\adjusted_dataset\Graphic-Novels-Anime-Manga\0000579.jpg,"[[[4, 0], [464, 0], [464, 155], [4, 155]]]","[""draqonb? -in-""]"
Adventure Time: v. 1,Ryan North,dataset\adjusted_dataset\Graphic-Novels-Anime-Manga\0000580.jpg,[],[]
The Walking Dead Volume 16: A Larger World,Robert Kirkman,dataset\adjusted_dataset\Graphic-Novels-Anime-Manga\0000581.jpg,[],[]
"Death Note, Vol. 4",Tsugumi Ohba,dataset\adjusted_dataset\Graphic-Novels-Anime-Manga\0000582.jpg,,
The Walking Dead Volume 8: Made To Suffer,Robert Kirkman,dataset\adjusted_dataset\Graphic-Novels-Anime-Manga\0000583.jpg,[],[]
The Buenas Noches a Todos (Going to Bed Book),Sandra Boynton,dataset\adjusted_dataset\Graphic-Novels-Anime-Manga\0000584.jpg,"[[[11, 43], [247, 43], [247, 192], [11, 192]]]","[""buenas noches""]"
"One Piece, Vol. 5",Eiichiro Oda,dataset\adjusted_dataset\Graphic-Novels-Anime-Manga\0000585.jpg,[],[]
The Walking Dead Volume 20: All Out War Part 1,Robert Kirkman,dataset\adjusted_dataset\Graphic-Novels-Anime-Manga\0000586.jpg,[],[]
The Walking Dead Volume 15: We Find Ourselves,Robert Kirkman,dataset\adjusted_dataset\Graphic-Novels-Anime-Manga\0000587.jpg,[],[]
"One Piece, Vol. 90",Eiichiro Oda,dataset\adjusted_dataset\Graphic-Novels-Anime-Manga\0000588.jpg,[],[]
Fence Vol. 1,C.S. Pacat,dataset\adjusted_dataset\Graphic-Novels-Anime-Manga\0000589.jpg,[],[]
Calvin and Hobbes,Bill Watterson,dataset\adjusted_dataset\Graphic-Novels-Anime-Manga\0000590.jpg,"[[[18, -9], [502, -9], [502, 94], [18, 94]]]","[""calvin 0 hobbes""]"
Scott Pilgrim's Precious Little Life,Bryan Lee O'Malley,dataset\adjusted_dataset\Graphic-Novels-Anime-Manga\0000591.jpg,"[[[83, 28], [438, 28], [438, 52], [83, 52]]]","[""cttri lii dtlzet""]"
Shadowhunters and Downworlders,Cassandra Clare,dataset\adjusted_dataset\Graphic-Novels-Anime-Manga\0000592.jpg,"[[[13, 11], [498, 11], [498, 142], [13, 142]]]","[""shadowhunters and downworlders""]"
"Blue Exorcist, Vol. 5",Kazue KATO,dataset\adjusted_dataset\Graphic-Novels-Anime-Manga\0000593.jpg,[],[]
Batman,Brian Augustyn,dataset\adjusted_dataset\Graphic-Novels-Anime-Manga\0000594.jpg,"[[[83, 9], [470, 9], [470, 190], [83, 190]]]","[""batman ih""]"
Berserk Volume 24,Kentaro Miura,dataset\adjusted_dataset\Graphic-Novels-Anime-Manga\0000595.jpg,"[[[35, 21], [462, 21], [462, 119], [35, 119]]]","[""berserk""]"
"JoJo's Bizarre Adventure: Part 4--Diamond Is Unbreakable, Vol. 1",Hirohiko Araki,dataset\adjusted_dataset\Graphic-Novels-Anime-Manga\0000596.jpg,[],[]
Asterix: Asterix in Belgium,Rene Goscinny,dataset\adjusted_dataset\Graphic-Novels-Anime-Manga\0000597.jpg,"[[[4, 7], [507, 7], [507, 144], [4, 144]]]","[""b goscinny naerzt wcerzo in asterxeegum""]"
"Naruto, Vol. 4",Masashi Kishimoto,dataset\adjusted_dataset\Graphic-Novels-Anime-Manga\0000598.jpg,[],[]
The Sandman Volume 1: 30th Anniversary Edition,Neil Gaiman,dataset\adjusted_dataset\Graphic-Novels-Anime-Manga\0000599.jpg,[],[]
Berserk Volume 22,Kentaro Miura,dataset\adjusted_dataset\Graphic-Novels-Anime-Manga\0000600.jpg,[],[]
Zen Pencils,Gavin Aung Than,dataset\adjusted_dataset\Graphic-Novels-Anime-Manga\0000601.jpg,[],[]
Sunstone Volume 1,Stjepan Sejic,dataset\adjusted_dataset\Graphic-Novels-Anime-Manga\0000602.jpg,[],[]
Akira Volume 3,Katsuhiro Otomo,dataset\adjusted_dataset\Graphic-Novels-Anime-Manga\0000603.jpg,,
"One Piece: East Blue 10-11-12, Vol. 4 (Omnibus Edition)",Eiichiro Oda,dataset\adjusted_dataset\Graphic-Novels-Anime-Manga\0000604.jpg,[],[]
Berserk Volume 25,Kentaro Miura,dataset\adjusted_dataset\Graphic-Novels-Anime-Manga\0000605.jpg,"[[[36, 18], [469, 18], [469, 122], [36, 122]]]","[""berserk""]"
Tokyo on Foot,Florent Chavouet,dataset\adjusted_dataset\Graphic-Novels-Anime-Manga\0000606.jpg,[],[]
Trauma is Really Strange,Steve Haines,dataset\adjusted_dataset\Graphic-Novels-Anime-Manga\0000607.jpg,"[[[10, 14], [504, 14], [504, 98], [10, 98]]]","[""traua |s really strange""]"
"Assassination Classroom, Vol. 4",Yusei Matsui,dataset\adjusted_dataset\Graphic-Novels-Anime-Manga\0000608.jpg,"[[[39, 43], [479, 43], [479, 87], [39, 87]]]","[""classroom""]"
"The Girl from the Other Side: Siuil, a Run: Vol. 2",Nagabe,dataset\adjusted_dataset\Graphic-Novels-Anime-Manga\0000609.jpg,[],[]
The Legend of Zelda Box Set,Akira Himekawa,dataset\adjusted_dataset\Graphic-Novels-Anime-Manga\0000610.jpg,,
"Kaguya-sama: Love Is War, Vol. 1",Aka Akasaka,dataset\adjusted_dataset\Graphic-Novels-Anime-Manga\0000611.jpg,[],[]
East of West Volume 1: The Promise,Jonathan Hickman,dataset\adjusted_dataset\Graphic-Novels-Anime-Manga\0000612.jpg,[],[]
Hellboy Library Volume 1: Seed Of Destruction And Wake The Devil,Mike Mignola,dataset\adjusted_dataset\Graphic-Novels-Anime-Manga\0000613.jpg,[],[]
Donde Viven Los Monstruos,Maurice Sendak,dataset\adjusted_dataset\Graphic-Novels-Anime-Manga\0000614.jpg,"[[[17, 0], [506, 0], [506, 63], [17, 63]]]","[""donde viveh los monstrhos""]"
"Goodnight Punpun, Vol. 3",Inio Asano,dataset\adjusted_dataset\Graphic-Novels-Anime-Manga\0000615.jpg,"[[[0, 173], [512, 173], [512, 351], [0, 351]]]","[""goodnight punpun""]"
Let's Color,Kumon Publishing,dataset\adjusted_dataset\Graphic-Novels-Anime-Manga\0000616.jpg,"[[[101, 64], [465, 64], [465, 289], [101, 289]]]","[""lets color! 42""]"
"Naruto, Vol. 5",Masashi Kishimoto,dataset\adjusted_dataset\Graphic-Novels-Anime-Manga\0000617.jpg,[],[]
Rat Queens Volume 2: The Far Reaching Tentacles of N'Rygoth,Kurtis J. Wiebe,dataset\adjusted_dataset\Graphic-Novels-Anime-Manga\0000618.jpg,[],[]
Pluto,Naoki Urasawa,dataset\adjusted_dataset\Graphic-Novels-Anime-Manga\0000619.jpg,,
"Vagabond, Vol. 4 (VIZBIG Edition)",Takehiko Inoue,dataset\adjusted_dataset\Graphic-Novels-Anime-Manga\0000620.jpg,,
Maus: a Survivor\'s Tale,Art Spiegelman,dataset\adjusted_dataset\Graphic-Novels-Anime-Manga\0000621.jpg,[],[]
NieR:Automata: Long Story Short,Jun Eishima,dataset\adjusted_dataset\Graphic-Novels-Anime-Manga\0000622.jpg,"[[[48, 190], [466, 190], [466, 238], [48, 238]]]","[""hiek autouatta""]"
Green Arrow,Andy Diggle,dataset\adjusted_dataset\Graphic-Novels-Anime-Manga\0000623.jpg,"[[[117, 39], [472, 39], [472, 153], [117, 153]]]","[""green qou dar""]"
Batman,Doug Moench,dataset\adjusted_dataset\Graphic-Novels-Anime-Manga\0000624.jpg,[],[]
Boy and Going Solo,Roald Dahl,dataset\adjusted_dataset\Graphic-Novels-Anime-Manga\0000625.jpg,"[[[18, 5], [491, 5], [491, 281], [18, 281]]]","[""roald dahl boyand $ oing safe""]"
Vinland Saga 4,Makoto Yukimura,dataset\adjusted_dataset\Graphic-Novels-Anime-Manga\0000626.jpg,"[[[106, 332], [410, 332], [410, 485], [106, 485]]]","[""icland saga""]"
"Spice and Wolf, Vol. 9 (light novel)",Isuna Hasekura,dataset\adjusted_dataset\Graphic-Novels-Anime-Manga\0000627.jpg,[],[]
The Tea Dragon Society,Katie O'Neill,dataset\adjusted_dataset\Graphic-Novels-Anime-Manga\0000628.jpg,"[[[107, 53], [408, 53], [408, 171], [107, 171]]]","[""jea dragon ~bociely""]"
Made in Abyss Vol. 4,Akihito Tsukushi,dataset\adjusted_dataset\Graphic-Novels-Anime-Manga\0000629.jpg,[],[]
The Art of My Neighbor Totoro,Hayao Miyazaki,dataset\adjusted_dataset\Graphic-Novels-Anime-Manga\0000630.jpg,"[[[141, 0], [387, 0], [387, 85], [141, 85]]]","[""tae aet op arilbur""]"
"Bakuman., Vol. 1",Tsugumi Ohba,dataset\adjusted_dataset\Graphic-Novels-Anime-Manga\0000631.jpg,"[[[0, 0], [512, 0], [512, 140], [0, 140]]]","[""beikumal""]"
House Of M,Olivier Coipel,dataset\adjusted_dataset\Graphic-Novels-Anime-Manga\0000632.jpg,"[[[156, 28], [492, 28], [492, 106], [156, 106]]]","[""house of ma""]"
Storm,Tim Minchin,dataset\adjusted_dataset\Graphic-Novels-Anime-Manga\0000633.jpg,[],[]
JoJo's Bizarre Adventure,Hirohiko Araki,dataset\adjusted_dataset\Graphic-Novels-Anime-Manga\0000634.jpg,"[[[105, 67], [425, 67], [425, 141], [105, 141]]]","[""jojos ora4aa""]"
Tintin in the Congo,Herge,dataset\adjusted_dataset\Graphic-Novels-Anime-Manga\0000635.jpg,"[[[83, 6], [442, 6], [442, 176], [83, 176]]]","[""7o4 titin tintin in the congo""]"
The Sworn Sword: The Graphic Novel,George R. R. Martin,dataset\adjusted_dataset\Graphic-Novels-Anime-Manga\0000636.jpg,[],[]
Encyclopedia Prehistorica Sharks and Other Sea Monsters,Matthew Reinhart,dataset\adjusted_dataset\Graphic-Novels-Anime-Manga\0000637.jpg,[],[]
Made in Abyss Vol. 3,Akihito Tsukushi,dataset\adjusted_dataset\Graphic-Novels-Anime-Manga\0000638.jpg,[],[]
Batman Dark Victory (New Edition),Jeph Loeb,dataset\adjusted_dataset\Graphic-Novels-Anime-Manga\0000639.jpg,[],[]
Asterix: Asterix and the Picts,Jean-Yves Ferri,dataset\adjusted_dataset\Graphic-Novels-Anime-Manga\0000640.jpg,[],[]
"Yotsuba&!, Vol. 3",Kiyohiko Azuma,dataset\adjusted_dataset\Graphic-Novels-Anime-Manga\0000641.jpg,[],[]
Saga Of The Swamp Thing Book 2,Len Wein,dataset\adjusted_dataset\Graphic-Novels-Anime-Manga\0000642.jpg,"[[[27, 419], [478, 419], [478, 497], [27, 497]]]","[""swame ihng isi""]"
"Tokyo Ghoul: re, Vol. 4",Sui Ishida,dataset\adjusted_dataset\Graphic-Novels-Anime-Manga\0000643.jpg,"[[[14, 5], [495, 5], [495, 101], [14, 101]]]","[""tokyo ghoul re su mshidx""]"
Lost At Sea,Bryan Lee O'Malley,dataset\adjusted_dataset\Graphic-Novels-Anime-Manga\0000644.jpg,"[[[140, 38], [370, 38], [370, 92], [140, 92]]]","[""lost at sca""]"
"One Piece, Vol. 6",Eiichiro Oda,dataset\adjusted_dataset\Graphic-Novels-Anime-Manga\0000645.jpg,[],[]
"Black Butler, Vol. 6",Yana Toboso,dataset\adjusted_dataset\Graphic-Novels-Anime-Manga\0000646.jpg,[],[]
The Complete Far Side,Gary Larson,dataset\adjusted_dataset\Graphic-Novels-Anime-Manga\0000647.jpg,[],[]
Made in Abyss Vol. 6,Akihito Tsukushi,dataset\adjusted_dataset\Graphic-Novels-Anime-Manga\0000648.jpg,[],[]
Attack On Titan 27,Hajime Isayama,dataset\adjusted_dataset\Graphic-Novels-Anime-Manga\0000649.jpg,"[[[24, 2], [406, 2], [406, 146], [24, 146]]]","[""attack ontita""]"
Monster,Naoki Urasawa,dataset\adjusted_dataset\Graphic-Novels-Anime-Manga\0000650.jpg,"[[[35, 165], [267, 165], [267, 253], [35, 253]]]","[""monser:""]"
Batman Earth One,Geoff Johns,dataset\adjusted_dataset\Graphic-Novels-Anime-Manga\0000651.jpg,[],[]
The Sandman Vol. 8,Neil Gaiman,dataset\adjusted_dataset\Graphic-Novels-Anime-Manga\0000652.jpg,"[[[62, 50], [505, 50], [505, 195], [62, 195]]]","[""sanoman gamal""]"
Y The Last Man Book One,Brian K. Vaughan,dataset\adjusted_dataset\Graphic-Novels-Anime-Manga\0000653.jpg,[],[]
"Neon Genesis Evangelion 3-in-1 Edition, Vol. 2",Yoshiyuki Sadamoto,dataset\adjusted_dataset\Graphic-Novels-Anime-Manga\0000654.jpg,[],[]
Fables The Deluxe Edition Book Two,Bill Willingham,dataset\adjusted_dataset\Graphic-Novels-Anime-Manga\0000655.jpg,[],[]
Where's My Cow?,Terry Pratchett,dataset\adjusted_dataset\Graphic-Novels-Anime-Manga\0000656.jpg,"[[[189, 405], [417, 405], [417, 446], [189, 446]]]","[""wvbctc \"" mv cov?""]"
Pluto,Naoki Urasawa,dataset\adjusted_dataset\Graphic-Novels-Anime-Manga\0000657.jpg,,
"Food Wars!, Vol. 2",Yuto Tsukuda,dataset\adjusted_dataset\Graphic-Novels-Anime-Manga\0000658.jpg,[],[]
The Walking Dead Volume 21: All Out War Part 2,Robert Kirkman,dataset\adjusted_dataset\Graphic-Novels-Anime-Manga\0000659.jpg,[],[]
V Is For Vegan,Ruby Roth,dataset\adjusted_dataset\Graphic-Novels-Anime-Manga\0000660.jpg,"[[[48, 21], [477, 21], [477, 142], [48, 142]]]","[""v is for vegan ihe acsol' being kind""]"
"Spice and Wolf, Vol. 10 (light novel)",Isuna Hasekura,dataset\adjusted_dataset\Graphic-Novels-Anime-Manga\0000661.jpg,,
Asterix: Asterix and the Chieftain's Shield,Rene Goscinny,dataset\adjusted_dataset\Graphic-Novels-Anime-Manga\0000662.jpg,"[[[4, 9], [510, 9], [510, 138], [4, 138]]]","[""egoscint ieenx wietd asterx s9htntims""]"
"Deadman Wonderland, Vol. 3",Jinsei Kataoka,dataset\adjusted_dataset\Graphic-Novels-Anime-Manga\0000663.jpg,[],[]
Asterix: Asterix in Corsica,Rene Goscinny,dataset\adjusted_dataset\Graphic-Novels-Anime-Manga\0000664.jpg,"[[[5, 7], [499, 7], [499, 133], [5, 133]]]","[""b @osciin astenxa wdbzd asterixa oorsica""]"
Fables,Bill Willingham,dataset\adjusted_dataset\Graphic-Novels-Anime-Manga\0000665.jpg,"[[[65, 7], [399, 7], [399, 97], [65, 97]]]","[""fables""]"
Star Wars: Darth Vader Vol. 2: Shadows And Secrets,Kieron Gillen,dataset\adjusted_dataset\Graphic-Novels-Anime-Manga\0000666.jpg,"[[[38, 466], [476, 466], [476, 494], [38, 494]]]","[""shadows andecreis""]"
"Is It Wrong to Try to Pick Up Girls in a Dungeon?, Vol. 3 (light novel)",Fujino Omori,dataset\adjusted_dataset\Graphic-Novels-Anime-Manga\0000667.jpg,[],[]
Sailor Moon 4,Naoko Takeuchi,dataset\adjusted_dataset\Graphic-Novels-Anime-Manga\0000668.jpg,[],[]
Asterix: Asterix And The Falling Sky,Albert Uderzo,dataset\adjusted_dataset\Graphic-Novels-Anime-Manga\0000669.jpg,"[[[9, 7], [500, 7], [500, 188], [9, 188]]]","[""e ooscoiny iertxa @deazo astenix a tie fwlng sy""]"
"Pokemon Adventures (Red and Blue), Vol. 2",Hidenori Kusaka,dataset\adjusted_dataset\Graphic-Novels-Anime-Manga\0000670.jpg,[],[]
"Yotsuba&!, Vol. 6",Kiyohiko Azuma,dataset\adjusted_dataset\Graphic-Novels-Anime-Manga\0000671.jpg,[],[]
The Walking Dead Volume 31,Robert Kirkman,dataset\adjusted_dataset\Graphic-Novels-Anime-Manga\0000672.jpg,[],[]
The Flash Rebirth,Geoff Johns,dataset\adjusted_dataset\Graphic-Novels-Anime-Manga\0000673.jpg,[],[]
Preacher Book Four,Garth Ennis,dataset\adjusted_dataset\Graphic-Novels-Anime-Manga\0000674.jpg,[],[]
Ms. Marvel Volume 2: Generation Why,G. Wilson Willow,dataset\adjusted_dataset\Graphic-Novels-Anime-Manga\0000675.jpg,[],[]
"Soul Eater, Vol. 1",Atsushi Ohkubo,dataset\adjusted_dataset\Graphic-Novels-Anime-Manga\0000676.jpg,"[[[0, 0], [512, 0], [512, 132], [0, 132]]]","[""soul eader atsushi dakvbo""]"
A Silent Voice Volume 2,Yoshitoki Oima,dataset\adjusted_dataset\Graphic-Novels-Anime-Manga\0000677.jpg,[],[]
Le petit Nicolas,Rene Goscinny,dataset\adjusted_dataset\Graphic-Novels-Anime-Manga\0000678.jpg,"[[[5, 0], [409, 0], [409, 79], [5, 79]]]","[""sempi-riciy 1 petic nicolas""]"
My Solo Exchange Diary,Nagata Kabi,dataset\adjusted_dataset\Graphic-Novels-Anime-Manga\0000679.jpg,[],[]
The Sandman Vol. 7 ( New Edition),Neil Gaiman,dataset\adjusted_dataset\Graphic-Novels-Anime-Manga\0000680.jpg,"[[[64, 14], [492, 14], [492, 185], [64, 185]]]","[""ld sanoman nel gumaii""]"
"Haikyu!!, Vol. 4",Haruichi Furudate,dataset\adjusted_dataset\Graphic-Novels-Anime-Manga\0000681.jpg,[],[]
Fairy Tail 5,Hiro Mashima,dataset\adjusted_dataset\Graphic-Novels-Anime-Manga\0000682.jpg,[],[]
Bloom into You: Vol. 1,Nakatani Nio,dataset\adjusted_dataset\Graphic-Novels-Anime-Manga\0000683.jpg,[],[]
Die Volume 1: Fantasy Heartbreaker,Kieron Gillen,dataset\adjusted_dataset\Graphic-Novels-Anime-Manga\0000684.jpg,[],[]
Berserk Volume 29,Kentaro Miura,dataset\adjusted_dataset\Graphic-Novels-Anime-Manga\0000685.jpg,[],[]
Spider-man/deadpool Vol. 1: Isn't It Bromantic,Joe Kelly,dataset\adjusted_dataset\Graphic-Novels-Anime-Manga\0000686.jpg,,
Asterix: Omnibus 7,Rene Goscinny,dataset\adjusted_dataset\Graphic-Novels-Anime-Manga\0000687.jpg,"[[[41, 25], [471, 25], [471, 165], [41, 165]]]","[""aeterx""]"
"Magi: The Labyrinth of Magic, Vol. 1",Shinobu Ohtaka,dataset\adjusted_dataset\Graphic-Novels-Anime-Manga\0000688.jpg,[],[]
Y The Last Man Deluxe Edition Book Three,Brian K. Vaughan,dataset\adjusted_dataset\Graphic-Novels-Anime-Manga\0000689.jpg,[],[]
"Naruto, Vol. 6",Masashi Kishimoto,dataset\adjusted_dataset\Graphic-Novels-Anime-Manga\0000690.jpg,[],[]
"The Mortal Instruments Graphic Novel, Vol. 2",Cassandra Clare,dataset\adjusted_dataset\Graphic-Novels-Anime-Manga\0000691.jpg,[],[]
Hellboy Omnibus Volume 2,Mike Mignola,dataset\adjusted_dataset\Graphic-Novels-Anime-Manga\0000692.jpg,[],[]
"Ten Count, Vol. 3",Rihito Takarai,dataset\adjusted_dataset\Graphic-Novels-Anime-Manga\0000693.jpg,[],[]
The Rising Of The Shield Hero Volume 02: Light Novel,Aneko Yusagi,dataset\adjusted_dataset\Graphic-Novels-Anime-Manga\0000694.jpg,[],[]
"Naruto: Itachi's Story, Vol. 2",Takashi Yano,dataset\adjusted_dataset\Graphic-Novels-Anime-Manga\0000695.jpg,[],[]
Asterix: Asterix and the Great Crossing,Rene Goscinny,dataset\adjusted_dataset\Graphic-Novels-Anime-Manga\0000696.jpg,"[[[5, 5], [503, 5], [503, 164], [5, 164]]]","[""0 ooscwtty ieerra mugeto asterix a anp ihe great crossing""]"
Batman Vol. 1,Scott Snyder,dataset\adjusted_dataset\Graphic-Novels-Anime-Manga\0000697.jpg,[],[]
Berserk Volume 33,Kentaro Miura,dataset\adjusted_dataset\Graphic-Novels-Anime-Manga\0000698.jpg,[],[]
Blackest Night,Geoff Johns,dataset\adjusted_dataset\Graphic-Novels-Anime-Manga\0000699.jpg,[],[]
Made in Abyss Vol. 5,Akihito Tsukushi,dataset\adjusted_dataset\Graphic-Novels-Anime-Manga\0000700.jpg,[],[]
Batman Vol. 8 Superheavy (The New 52),Scott Snyder,dataset\adjusted_dataset\Graphic-Novels-Anime-Manga\0000701.jpg,[],[]
Y The Last Man Deluxe Edition Book Four,Brian K. Vaughan,dataset\adjusted_dataset\Graphic-Novels-Anime-Manga\0000702.jpg,[],[]
The Ancient Magus' Bride: Volume 2,Kore Yamazaki,dataset\adjusted_dataset\Graphic-Novels-Anime-Manga\0000703.jpg,[],[]
Attack On Titan 26,Hajime Isayama,dataset\adjusted_dataset\Graphic-Novels-Anime-Manga\0000704.jpg,"[[[24, 4], [410, 4], [410, 147], [24, 147]]]","[""nitack @than""]"
"Death Note, Vol. 5",Tsugumi Ohba,dataset\adjusted_dataset\Graphic-Novels-Anime-Manga\0000705.jpg,[],[]
The Tiny Book of Tiny Stories: Volume 3,Joseph Gordon-Levitt,dataset\adjusted_dataset\Graphic-Novels-Anime-Manga\0000706.jpg,"[[[108, 31], [432, 31], [432, 83], [108, 83]]]","[""tre tini boon""]"
Citrus: Volume 1,Saburouta,dataset\adjusted_dataset\Graphic-Novels-Anime-Manga\0000707.jpg,"[[[0, 357], [512, 357], [512, 484], [0, 484]]]","[""citeus""]"
"Fullmetal Alchemist (3-in-1 Edition), Vol. 3",Hiromu Arakawa,dataset\adjusted_dataset\Graphic-Novels-Anime-Manga\0000708.jpg,[],[]
Justice League Vol. 2,Geoff Johns,dataset\adjusted_dataset\Graphic-Novels-Anime-Manga\0000709.jpg,,
The Walking Dead Book 7,Robert Kirkman,dataset\adjusted_dataset\Graphic-Novels-Anime-Manga\0000710.jpg,"[[[54, 254], [488, 254], [488, 442], [54, 442]]]","[""the alking dead wook #even""]"
"Death Note, Vol. 6",Tsugumi Ohba,dataset\adjusted_dataset\Graphic-Novels-Anime-Manga\0000711.jpg,[],[]
"Hunter x Hunter, Vol. 4",Yoshihiro Togashi,dataset\adjusted_dataset\Graphic-Novels-Anime-Manga\0000712.jpg,[],[]
Thea Stilton and the Ghost of the Shipwreck,Thea Stilton,dataset\adjusted_dataset\Graphic-Novels-Anime-Manga\0000713.jpg,"[[[87, 96], [428, 96], [428, 229], [87, 229]]]","[""thea stilton ajb uab ohostjjjhb shiyjaad%""]"
"Vagabond, Vol. 5 (VIZBIG Edition)",Takehiko Inoue,dataset\adjusted_dataset\Graphic-Novels-Anime-Manga\0000714.jpg,[],[]
The Art Of The Last Of Us,Naughty Dog Studios,dataset\adjusted_dataset\Graphic-Novels-Anime-Manga\0000715.jpg,"[[[370, 19], [487, 19], [487, 173], [370, 173]]]","[""the wast @fus""]"
Fairy Tail 4,Hiro Mashima,dataset\adjusted_dataset\Graphic-Novels-Anime-Manga\0000716.jpg,"[[[28, 0], [471, 0], [471, 130], [28, 130]]]","[""fariav""]"
Sandman Vol. 10,Neil Gaiman,dataset\adjusted_dataset\Graphic-Novels-Anime-Manga\0000717.jpg,"[[[24, 52], [450, 52], [450, 100], [24, 100]]]","[""zsanoman""]"
All You Need Is Kill,Hiroshi Sakurazaka,dataset\adjusted_dataset\Graphic-Novels-Anime-Manga\0000718.jpg,"[[[11, 243], [500, 243], [500, 353], [11, 353]]]","[""alleow neekil""]"
X-men: Days Of Future Past,Chris Claremont,dataset\adjusted_dataset\Graphic-Novels-Anime-Manga\0000719.jpg,"[[[55, 465], [461, 465], [461, 505], [55, 505]]]","[""daxs wftutuxe past""]"
"Blue Exorcist, Vol. 6",Kazue KATO,dataset\adjusted_dataset\Graphic-Novels-Anime-Manga\0000720.jpg,[],[]
"Dragon Ball (3-in-1 Edition), Vol. 3",Akira Toriyama,dataset\adjusted_dataset\Graphic-Novels-Anime-Manga\0000721.jpg,[],[]
Tintin and the Picaros,Herge,dataset\adjusted_dataset\Graphic-Novels-Anime-Manga\0000722.jpg,"[[[131, 58], [395, 58], [395, 160], [131, 160]]]","[""tintin ahdtre picaros""]"
Attack On Titan 25,Hajime Isayama,dataset\adjusted_dataset\Graphic-Novels-Anime-Manga\0000723.jpg,"[[[18, 0], [414, 0], [414, 145], [18, 145]]]","[""attack tontitan""]"
Attack On Titan 23,Hajime Isayama,dataset\adjusted_dataset\Graphic-Novels-Anime-Manga\0000724.jpg,"[[[12, 0], [408, 0], [408, 142], [12, 142]]]","[""atick 'ontitad""]"
The Electric State,Simon Stålenhag,dataset\adjusted_dataset\Graphic-Novels-Anime-Manga\0000725.jpg,"[[[221, 124], [495, 124], [495, 271], [221, 271]]]","[""f electric state""]"
"The League Of Extraordinary Gentlemen, Vol. 1",Allan Moore,dataset\adjusted_dataset\Graphic-Novels-Anime-Manga\0000726.jpg,"[[[7, 442], [497, 442], [497, 512], [7, 512]]]","[""extredrdharitgertremer""]"
Strange Planet,Nathan W. Pyle,dataset\adjusted_dataset\Graphic-Novels-Anime-Manga\0000727.jpg,"[[[21, 351], [491, 351], [491, 411], [21, 411]]]","[""strance flanetf""]"
Berserk Volume 31,Kentaro Miura,dataset\adjusted_dataset\Graphic-Novels-Anime-Manga\0000728.jpg,[],[]
Winter Soldier Ultimate Collection,Steve Epting,dataset\adjusted_dataset\Graphic-Novels-Anime-Manga\0000729.jpg,"[[[93, 360], [427, 360], [427, 439], [93, 439]]]","[""cidted soliic""]"
Seconds,Bryan Lee O'Malley,dataset\adjusted_dataset\Graphic-Novels-Anime-Manga\0000730.jpg,[],[]
Vinland Saga 5,Makoto Yukimura,dataset\adjusted_dataset\Graphic-Novels-Anime-Manga\0000731.jpg,"[[[109, 330], [406, 330], [406, 472], [109, 472]]]","[""uioland saga""]"
El principito,Antoine de Saint-Exupery,dataset\adjusted_dataset\Graphic-Novels-Anime-Manga\0000732.jpg,"[[[25, 31], [486, 31], [486, 121], [25, 121]]]","[""82 trimcipito""]"
"Assassination Classroom, Vol. 5",Yusei Matsui,dataset\adjusted_dataset\Graphic-Novels-Anime-Manga\0000733.jpg,[],[]
"Death Note, Vol. 7",Tsugumi Ohba,dataset\adjusted_dataset\Graphic-Novels-Anime-Manga\0000734.jpg,,
Battle Angel Alita Deluxe Edition 1,Yukito Kishiro,dataset\adjusted_dataset\Graphic-Novels-Anime-Manga\0000735.jpg,,
"Overlord, Vol. 7 (light novel)",Kugane Maruyama,dataset\adjusted_dataset\Graphic-Novels-Anime-Manga\0000736.jpg,[],[]
Fables,Bill Willingham,dataset\adjusted_dataset\Graphic-Novels-Anime-Manga\0000737.jpg,[],[]
The Walking Dead Volume 30: New World Order,Robert Kirkman,dataset\adjusted_dataset\Graphic-Novels-Anime-Manga\0000738.jpg,[],[]
"JoJo's Bizarre Adventure: Part 3--Stardust Crusaders, Vol. 10",Hirohiko Araki,dataset\adjusted_dataset\Graphic-Novels-Anime-Manga\0000739.jpg,[],[]
"Tokyo Ghoul: re, Vol. 7",Sui Ishida,dataset\adjusted_dataset\Graphic-Novels-Anime-Manga\0000740.jpg,[],[]
Sword Art Online Progressive 2 (light novel),Reki Kawahara,dataset\adjusted_dataset\Graphic-Novels-Anime-Manga\0000741.jpg,"[[[311, 7], [497, 7], [497, 137], [311, 137]]]","[""word 1rr gnine fr fesii ooz""]"
Paper Girls Volume 4,Brian K. Vaughan,dataset\adjusted_dataset\Graphic-Novels-Anime-Manga\0000742.jpg,"[[[16, 64], [488, 64], [488, 495], [16, 495]]]","[""3l papev gib 16""]"
Sailor Moon Vol. 5,Naoko Takeuchi,dataset\adjusted_dataset\Graphic-Novels-Anime-Manga\0000743.jpg,[],[]
Scott Pilgrim Color: Precious Little Life Volume 1,Bryan Lee O'Malley,dataset\adjusted_dataset\Graphic-Novels-Anime-Manga\0000744.jpg,[],[]
Berserk Volume 34,Kentaro Miura,dataset\adjusted_dataset\Graphic-Novels-Anime-Manga\0000745.jpg,"[[[38, 10], [464, 10], [464, 115], [38, 115]]]","[""gezserk""]"
"Ten Count, Vol. 6",Rihito Takarai,dataset\adjusted_dataset\Graphic-Novels-Anime-Manga\0000746.jpg,[],[]
Asterix: Asterix and the Missing Scroll,Jean-Yves Ferri,dataset\adjusted_dataset\Graphic-Novels-Anime-Manga\0000747.jpg,"[[[20, 0], [501, 0], [501, 129], [20, 129]]]","[""r gosclnt idemrn udeazo asterix missng scroll""]"
"Pluto: Urasawa x Tezuka, Vol. 4",Naoki Urasawa,dataset\adjusted_dataset\Graphic-Novels-Anime-Manga\0000748.jpg,[],[]
Berserk Volume 30,Kentaro Miura,dataset\adjusted_dataset\Graphic-Novels-Anime-Manga\0000749.jpg,[],[]
The Walking Dead Book 8,Robert Kirkman,dataset\adjusted_dataset\Graphic-Novels-Anime-Manga\0000750.jpg,"[[[51, 253], [452, 253], [452, 456], [51, 456]]]","[""the walkmg dead wook ficht""]"
Our Dreams at Dusk: Shimanami Tasogare Vol. 1,Yuhki Kamatani,dataset\adjusted_dataset\Graphic-Novels-Anime-Manga\0000751.jpg,"[[[44, 307], [476, 307], [476, 458], [44, 458]]]","[""our dreams at dusk tgocw""]"
The Adventures of Tintin: Tintin and Alph-Art,Herge,dataset\adjusted_dataset\Graphic-Novels-Anime-Manga\0000752.jpg,"[[[104, 69], [417, 69], [417, 195], [104, 195]]]","[""tintin alph-art""]"
"Ten Count, Vol. 4",Rihito Takarai,dataset\adjusted_dataset\Graphic-Novels-Anime-Manga\0000753.jpg,[],[]
"Vampire Knight, Vol. 1",Matsuri Hino,dataset\adjusted_dataset\Graphic-Novels-Anime-Manga\0000754.jpg,"[[[12, 21], [451, 21], [451, 128], [12, 128]]]","[""ympire eshchs""]"
Frankenstein,Junji Ito,dataset\adjusted_dataset\Graphic-Novels-Anime-Manga\0000755.jpg,"[[[0, 199], [463, 199], [463, 311], [0, 311]]]","[""ffrankenstcin""]"
Berserk Volume 32,Kentaro Miura,dataset\adjusted_dataset\Graphic-Novels-Anime-Manga\0000756.jpg,[],[]
Good Morning Yoga,Mariam Gates,dataset\adjusted_dataset\Graphic-Novels-Anime-Manga\0000757.jpg,[],[]
"Fruits Basket Collector's Edition, Vol. 1",Natsuki Takaya,dataset\adjusted_dataset\Graphic-Novels-Anime-Manga\0000758.jpg,[],[]
"20th Century Boys: The Perfect Edition, Vol. 1",Naoki Urasawa,dataset\adjusted_dataset\Graphic-Novels-Anime-Manga\0000759.jpg,[],[]
Lumberjanes Vol. 2,Noelle Stevenson,dataset\adjusted_dataset\Graphic-Novels-Anime-Manga\0000760.jpg,"[[[107, 24], [494, 24], [494, 102], [107, 102]]]","[""wmberjanes""]"
Noragami Volume 2,Adachitoka,dataset\adjusted_dataset\Graphic-Novels-Anime-Manga\0000761.jpg,"[[[11, 415], [431, 415], [431, 507], [11, 507]]]","[""norgaz""]"
Avatar: The Last Airbender - The Rift Library Edition,Gene Luen Yang,dataset\adjusted_dataset\Graphic-Novels-Anime-Manga\0000762.jpg,[],[]
"Goodnight Punpun, Vol. 4",Inio Asano,dataset\adjusted_dataset\Graphic-Novels-Anime-Manga\0000763.jpg,"[[[0, 281], [509, 281], [509, 509], [0, 509]]]","[""goodmght punpun inioas4no""]"
The True Lives Of The Fabulous Killjoys,Gerard Way,dataset\adjusted_dataset\Graphic-Novels-Anime-Manga\0000764.jpg,[],[]
"JoJo's Bizarre Adventure: Part 3--Stardust Crusaders, Vol. 3",Hirohiko Araki,dataset\adjusted_dataset\Graphic-Novels-Anime-Manga\0000765.jpg,[],[]
Tintin in America,Herge,dataset\adjusted_dataset\Graphic-Novels-Anime-Manga\0000766.jpg,"[[[87, 86], [422, 86], [422, 198], [87, 198]]]","[""tintin america""]"
"Yona of the Dawn, Vol. 1",Mizuho Kusanagi,dataset\adjusted_dataset\Graphic-Novels-Anime-Manga\0000767.jpg,[],[]
"Deadman Wonderland, Vol. 4",Jinsei Kataoka,dataset\adjusted_dataset\Graphic-Novels-Anime-Manga\0000768.jpg,[],[]
Tiddler,Julia Donaldson,dataset\adjusted_dataset\Graphic-Novels-Anime-Manga\0000769.jpg,[],[]
Locke & Key Vol. 1,Joe Hill,dataset\adjusted_dataset\Graphic-Novels-Anime-Manga\0000770.jpg,[],[]
"Goodnight Punpun, Vol. 5",Inio Asano,dataset\adjusted_dataset\Graphic-Novels-Anime-Manga\0000771.jpg,"[[[0, 282], [512, 282], [512, 506], [0, 506]]]","[""gwodnight pjnpun lo ind tin""]"
Y The Last Man Deluxe Book Five,Brian K. Vaughan,dataset\adjusted_dataset\Graphic-Novels-Anime-Manga\0000772.jpg,[],[]
"Tokyo Ghoul: re, Vol. 5",Sui Ishida,dataset\adjusted_dataset\Graphic-Novels-Anime-Manga\0000773.jpg,"[[[15, 7], [494, 7], [494, 101], [15, 101]]]","[""ttokyoghoul te bui ehida""]"
Mister Seahorse,Eric Carle,dataset\adjusted_dataset\Graphic-Novels-Anime-Manga\0000774.jpg,"[[[32, 8], [386, 8], [386, 62], [32, 62]]]","[""eric garle nister seahorsf""]"
"Seraph of the End, Vol. 2",Takaya Kagami,dataset\adjusted_dataset\Graphic-Novels-Anime-Manga\0000775.jpg,"[[[41, 300], [472, 300], [472, 351], [41, 351]]]","[""gerplateno""]"
The Prince,Niccolo Machiavelli,dataset\adjusted_dataset\Graphic-Novels-Anime-Manga\0000776.jpg,[],[]
Moebius Library: The World Of Edena,Moebius,dataset\adjusted_dataset\Graphic-Novels-Anime-Manga\0000777.jpg,[],[]
Paper Girls Volume 5,Brian K Vaughan,dataset\adjusted_dataset\Graphic-Novels-Anime-Manga\0000778.jpg,"[[[14, 345], [488, 345], [488, 516], [14, 516]]]","[""paper gib""]"
300,Frank Miller,dataset\adjusted_dataset\Graphic-Novels-Anime-Manga\0000779.jpg,[],[]
"PandoraHearts, Vol. 1",Jun Mochizuki,dataset\adjusted_dataset\Graphic-Novels-Anime-Manga\0000780.jpg,[],[]
How to Render,Scott Robertson,dataset\adjusted_dataset\Graphic-Novels-Anime-Manga\0000781.jpg,"[[[243, 47], [493, 47], [493, 175], [243, 175]]]","[""3 render""]"
"JoJo's Bizarre Adventure: Part 4--Diamond Is Unbreakable, Vol. 2",Hirohiko Araki,dataset\adjusted_dataset\Graphic-Novels-Anime-Manga\0000782.jpg,[],[]
A Scanner Darkly,Philip K. Dick,dataset\adjusted_dataset\Graphic-Novels-Anime-Manga\0000783.jpg,[],[]
One Piece Box Set 3,Eiichiro Oda,dataset\adjusted_dataset\Graphic-Novels-Anime-Manga\0000784.jpg,,
Batman: Damned,Brian Azzarello,dataset\adjusted_dataset\Graphic-Novels-Anime-Manga\0000785.jpg,[],[]
Lone Wolf And Cub Omnibus Volume 1,Kazuo Koike,dataset\adjusted_dataset\Graphic-Novels-Anime-Manga\0000786.jpg,"[[[326, 181], [492, 181], [492, 380], [326, 380]]]","[""lone wolf ecub""]"
Asterix: Asterix and the Cauldron,Rene Goscinny,dataset\adjusted_dataset\Graphic-Novels-Anime-Manga\0000787.jpg,"[[[7, 0], [498, 0], [498, 151], [7, 151]]]","[""e gozcikry iaarr wdebid astelix are ehe cauleron""]"
Anne Frank's Diary: The Graphic Adaptation,Anne Frank,dataset\adjusted_dataset\Graphic-Novels-Anime-Manga\0000788.jpg,[],[]
"Black Butler, Vol. 7",Yana Toboso,dataset\adjusted_dataset\Graphic-Novels-Anime-Manga\0000789.jpg,[],[]
Pokemon Adventures Ruby & Sapphire Box Set,Hidenori Kusaka,dataset\adjusted_dataset\Graphic-Novels-Anime-Manga\0000790.jpg,[],[]
Attack On Titan 24,Hajime Isayama,dataset\adjusted_dataset\Graphic-Novels-Anime-Manga\0000791.jpg,,
Milne & Shepard : Now We are Six (Hbk),A A Milne,dataset\adjusted_dataset\Graphic-Novels-Anime-Manga\0000792.jpg,[],[]
Scott Pilgrim vs the World: Volumes 2,Bryan Lee O\'Malley,dataset\adjusted_dataset\Graphic-Novels-Anime-Manga\0000793.jpg,[],[]
Monster,Naoki Urasawa,dataset\adjusted_dataset\Graphic-Novels-Anime-Manga\0000794.jpg,"[[[80, 258], [302, 258], [302, 338], [80, 338]]]","[""~monseer:""]"
Akira Volume 4,Katsuhiro Otomo,dataset\adjusted_dataset\Graphic-Novels-Anime-Manga\0000795.jpg,,
Seconds:A Graphic Novel,Bryan Lee O'Malley,dataset\adjusted_dataset\Graphic-Novels-Anime-Manga\0000796.jpg,"[[[21, 67], [493, 67], [493, 294], [21, 294]]]","[""gun r bryan lee mallet seconds a bhaphic quvel""]"
Beauty Queens,Libba Bray,dataset\adjusted_dataset\Graphic-Novels-Anime-Manga\0000797.jpg,"[[[18, 22], [509, 22], [509, 536], [18, 536]]]","[""libba bray beauty 0""]"
Tintin and the Lake of Sharks,Herge,dataset\adjusted_dataset\Graphic-Novels-Anime-Manga\0000798.jpg,"[[[152, 86], [278, 86], [278, 197], [152, 197]]]","[""and the lake 0f""]"
Junji Ito's Dissolving Classroom,Junji Ito,dataset\adjusted_dataset\Graphic-Novels-Anime-Manga\0000799.jpg,[],[]
"Tokyo Ghoul: re, Vol. 6",Sui Ishida,dataset\adjusted_dataset\Graphic-Novels-Anime-Manga\0000800.jpg,"[[[14, 6], [496, 6], [496, 54], [14, 54]]]","[""tokyo ghoule""]"
"One Piece, Vol. 7",Eiichiro Oda,dataset\adjusted_dataset\Graphic-Novels-Anime-Manga\0000801.jpg,[],[]
Blame! 1,Tsutomu Nihei,dataset\adjusted_dataset\Graphic-Novels-Anime-Manga\0000802.jpg,[],[]
"Pluto: Urasawa x Tezuka, Vol. 5",Naoki Urasawa,dataset\adjusted_dataset\Graphic-Novels-Anime-Manga\0000803.jpg,[],[]
"Yotsuba&!, Vol. 8",Kiyohiko Azuma,dataset\adjusted_dataset\Graphic-Novels-Anime-Manga\0000804.jpg,[],[]
Vinland Saga Vol. 6,Makoto Yukimura,dataset\adjusted_dataset\Graphic-Novels-Anime-Manga\0000805.jpg,"[[[108, 340], [404, 340], [404, 483], [108, 483]]]","[""vialand saga""]"
"Neon Genesis Evangelion 3-in-1 Edition, Vol. 3",Yoshiyuki Sadamoto,dataset\adjusted_dataset\Graphic-Novels-Anime-Manga\0000806.jpg,"[[[16, 4], [510, 4], [510, 144], [16, 144]]]","[""neon genesis eiangtljon""]"
"Yotsuba&!, Vol. 4",Kiyohiko Azuma,dataset\adjusted_dataset\Graphic-Novels-Anime-Manga\0000807.jpg,[],[]
"Vagabond, Vol. 6 (VIZBIG Edition)",Takehiko Inoue,dataset\adjusted_dataset\Graphic-Novels-Anime-Manga\0000808.jpg,[],[]
The Walking Dead Volume 25: No Turning Back,Robert Kirkman,dataset\adjusted_dataset\Graphic-Novels-Anime-Manga\0000809.jpg,[],[]
"Black Clover, Vol. 1",Yuki Tabata,dataset\adjusted_dataset\Graphic-Novels-Anime-Manga\0000810.jpg,[],[]
Dark Nights: Deluxe Edition,Scott Snyder,dataset\adjusted_dataset\Graphic-Novels-Anime-Manga\0000811.jpg,[],[]
Gangsta Granny,David Walliams,dataset\adjusted_dataset\Graphic-Novels-Anime-Manga\0000812.jpg,"[[[114, 318], [406, 318], [406, 460], [114, 460]]]","[""gangsta granivy""]"
"Pluto: Urasawa x Tezuka, Vol. 8",Naoki Urasawa,dataset\adjusted_dataset\Graphic-Novels-Anime-Manga\0000813.jpg,[],[]
"Vagabond, Vol. 7 (VIZBIG Edition)",Takehiko Inoue,dataset\adjusted_dataset\Graphic-Novels-Anime-Manga\0000814.jpg,[],[]
Batman Vol. 9 Bloom (The New 52),Scott Snyder,dataset\adjusted_dataset\Graphic-Novels-Anime-Manga\0000815.jpg,[],[]
"Hunter x Hunter, Vol. 5",Yoshihiro Togashi,dataset\adjusted_dataset\Graphic-Novels-Anime-Manga\0000816.jpg,[],[]
"Blue Exorcist, Vol. 7",Kazue KATO,dataset\adjusted_dataset\Graphic-Novels-Anime-Manga\0000817.jpg,[],[]
Asterix: Asterix and the Missing Scroll,Jean-Yves Ferri,dataset\adjusted_dataset\Graphic-Novels-Anime-Manga\0000818.jpg,"[[[20, 0], [501, 0], [501, 129], [20, 129]]]","[""r gosclnt idemrn udeazo asterix missng scroll""]"
Berserk Volume 35,Kentaro Miura,dataset\adjusted_dataset\Graphic-Novels-Anime-Manga\0000819.jpg,[],[]
Sword Art Online Progressive 3 (light novel),Reki Kawahara,dataset\adjusted_dataset\Graphic-Novels-Anime-Manga\0000820.jpg,"[[[288, 294], [493, 294], [493, 427], [288, 427]]]","[""iword ami 0 fu2e dive 0o3""]"
Sailor Moon Vol. 6,Naoko Takeuchi,dataset\adjusted_dataset\Graphic-Novels-Anime-Manga\0000821.jpg,,
"Assassination Classroom, Vol. 6",Yusei Matsui,dataset\adjusted_dataset\Graphic-Novels-Anime-Manga\0000822.jpg,"[[[31, 39], [478, 39], [478, 90], [31, 90]]]","[""classroom""]"
Attack On Titan: No Regrets 1,Hajime Isayama,dataset\adjusted_dataset\Graphic-Novels-Anime-Manga\0000823.jpg,[],[]
Batman Vol. 1 (Rebirth),Tom King,dataset\adjusted_dataset\Graphic-Novels-Anime-Manga\0000824.jpg,,
Asterix: Asterix and the Roman Agent,Rene Goscinny,dataset\adjusted_dataset\Graphic-Novels-Anime-Manga\0000825.jpg,"[[[11, 0], [500, 0], [500, 148], [11, 148]]]","[""r goscininy xstenrn @ded astelix andt roaan uceky""]"
Berserk Volume 37,Kentaro Miura,dataset\adjusted_dataset\Graphic-Novels-Anime-Manga\0000826.jpg,[],[]
The Walking Dead Volume 22: A New Beginning,Robert Kirkman,dataset\adjusted_dataset\Graphic-Novels-Anime-Manga\0000827.jpg,[],[]
Attack On Titan 20,Hajime Isayama,dataset\adjusted_dataset\Graphic-Novels-Anime-Manga\0000828.jpg,"[[[32, 3], [409, 3], [409, 142], [32, 142]]]","[""atiaek @j tnn""]"
Attack On Titan 16,Hajime Isayama,dataset\adjusted_dataset\Graphic-Novels-Anime-Manga\0000829.jpg,,
Avatar: The Last Airbender - Smoke And Shadow Library Edition,Gene Luen Yang,dataset\adjusted_dataset\Graphic-Novels-Anime-Manga\0000830.jpg,[],[]
Attack On Titan 21,Hajime Isayama,dataset\adjusted_dataset\Graphic-Novels-Anime-Manga\0000831.jpg,"[[[22, 6], [411, 6], [411, 143], [22, 143]]]","[""attack on titan""]"
The Ancient Magus' Bride: Volume 3,Kore Yamazaki,dataset\adjusted_dataset\Graphic-Novels-Anime-Manga\0000832.jpg,"[[[19, 305], [499, 305], [499, 421], [19, 421]]]","[""da gus bride""]"
Sunstone Volume 2,Stjepan Sejic,dataset\adjusted_dataset\Graphic-Novels-Anime-Manga\0000833.jpg,,
Pluto,Naoki Urasawa,dataset\adjusted_dataset\Graphic-Novels-Anime-Manga\0000834.jpg,"[[[116, 120], [190, 120], [190, 146], [116, 146]]]","[""ufat""]"
The Legend Of Zelda Encyclopedia,Nintendo,dataset\adjusted_dataset\Graphic-Novels-Anime-Manga\0000835.jpg,"[[[140, 436], [372, 436], [372, 460], [140, 460]]]","[""enl yclofedia""]"
"Food Wars!, Vol. 3",Yuto Tsukuda,dataset\adjusted_dataset\Graphic-Novels-Anime-Manga\0000836.jpg,,
Daredevil: The Man Without Fear,John Romita,dataset\adjusted_dataset\Graphic-Novels-Anime-Manga\0000837.jpg,"[[[33, 21], [481, 21], [481, 89], [33, 89]]]","[""daredevic""]"
"Death Note, Vol. 12",Tsugumi Ohba,dataset\adjusted_dataset\Graphic-Novels-Anime-Manga\0000838.jpg,,
Attack On Titan 18,Hajime Isayama,dataset\adjusted_dataset\Graphic-Novels-Anime-Manga\0000839.jpg,"[[[24, 3], [414, 3], [414, 144], [24, 144]]]","[""atask clru trhisn""]"
A Silent Voice Volume 3,Yoshitoki Oima,dataset\adjusted_dataset\Graphic-Novels-Anime-Manga\0000840.jpg,"[[[88, 13], [369, 13], [369, 125], [88, 125]]]","[""2 silel cee""]"
"Death Note, Vol. 8",Tsugumi Ohba,dataset\adjusted_dataset\Graphic-Novels-Anime-Manga\0000841.jpg,,
Batman,Neil Gaiman,dataset\adjusted_dataset\Graphic-Novels-Anime-Manga\0000842.jpg,"[[[19, 18], [484, 18], [484, 108], [19, 108]]]","[""nai gaman kijrfrt batman""]"
The Tale of Jemima Puddle-Duck,Beatrix Potter,dataset\adjusted_dataset\Graphic-Novels-Anime-Manga\0000843.jpg,"[[[70, 0], [441, 0], [441, 85], [70, 85]]]","[""thptaieof jrmtma""]"
Batman,Frank Miller,dataset\adjusted_dataset\Graphic-Novels-Anime-Manga\0000844.jpg,,
"Goodnight Punpun, Vol. 7",Inio Asano,dataset\adjusted_dataset\Graphic-Novels-Anime-Manga\0000845.jpg,"[[[0, 0], [512, 0], [512, 176], [0, 176]]]","[""goodnght punpun""]"
Saga Of The Swamp Thing Book Three,Alan Moore,dataset\adjusted_dataset\Graphic-Novels-Anime-Manga\0000846.jpg,[],[]
Adventure Time: v. 2,Shelli Parline,dataset\adjusted_dataset\Graphic-Novels-Anime-Manga\0000847.jpg,[],[]
"Dragon Ball, Vol. 1",Akira Toriyama,dataset\adjusted_dataset\Graphic-Novels-Anime-Manga\0000848.jpg,[],[]
Preacher Book Five,Garth Ennis,dataset\adjusted_dataset\Graphic-Novels-Anime-Manga\0000849.jpg,[],[]
"Death Note, Vol. 9",Tsugumi Ohba,dataset\adjusted_dataset\Graphic-Novels-Anime-Manga\0000850.jpg,[],[]
Writing for Comics: v. 1,Alan Moore,dataset\adjusted_dataset\Graphic-Novels-Anime-Manga\0000851.jpg,"[[[159, 10], [488, 10], [488, 155], [159, 155]]]","[""alen_mcore 3 ybiting fof comics""]"
"Yotsuba&!, Vol. 5",Kiyohiko Azuma,dataset\adjusted_dataset\Graphic-Novels-Anime-Manga\0000852.jpg,[],[]
Lucky Luke: Singing Wire v. 35,Goscinny,dataset\adjusted_dataset\Graphic-Novels-Anime-Manga\0000853.jpg,"[[[113, 65], [512, 65], [512, 103], [113, 103]]]","[""tkesinging w2s""]"
"Death Note, Vol. 10",Tsugumi Ohba,dataset\adjusted_dataset\Graphic-Novels-Anime-Manga\0000854.jpg,[],[]
Attack On Titan 17,Hajime Isayama,dataset\adjusted_dataset\Graphic-Novels-Anime-Manga\0000855.jpg,"[[[26, 6], [411, 6], [411, 145], [26, 145]]]","[""nttask @tnhan""]"
Berlin,Jason Lutes,dataset\adjusted_dataset\Graphic-Novels-Anime-Manga\0000856.jpg,"[[[40, 57], [510, 57], [510, 344], [40, 344]]]","[""jason berlin lutes""]"
Preacher Book Six,Garth Ennis,dataset\adjusted_dataset\Graphic-Novels-Anime-Manga\0000857.jpg,[],[]
Snotgirl Volume 1: Green Hair Don't Care,Bryan Lee O'Malley,dataset\adjusted_dataset\Graphic-Novels-Anime-Manga\0000858.jpg,[],[]
"Sex Criminals Volume 2: Two Worlds, One Cop",Matt Fraction,dataset\adjusted_dataset\Graphic-Novels-Anime-Manga\0000859.jpg,[],[]
The Complete Far Side,Gary Larson,dataset\adjusted_dataset\Graphic-Novels-Anime-Manga\0000860.jpg,,
"Yotsuba&!, Vol. 7",Kiyohiko Azuma,dataset\adjusted_dataset\Graphic-Novels-Anime-Manga\0000861.jpg,[],[]
"Is It Wrong to Try to Pick Up Girls in a Dungeon?, Vol. 4 (light novel)",Fujino Omori,dataset\adjusted_dataset\Graphic-Novels-Anime-Manga\0000862.jpg,[],[]
The Seven Deadly Sins 2,Nakaba Suzuki,dataset\adjusted_dataset\Graphic-Novels-Anime-Manga\0000863.jpg,,
"Pluto: Urasawa x Tezuka, Vol. 7",Naoki Urasawa,dataset\adjusted_dataset\Graphic-Novels-Anime-Manga\0000864.jpg,[],[]
The Walking Dead Volume 26: Call To Arms,Robert Kirkman,dataset\adjusted_dataset\Graphic-Novels-Anime-Manga\0000865.jpg,[],[]
Attack On Titan 22,Hajime Isayama,dataset\adjusted_dataset\Graphic-Novels-Anime-Manga\0000866.jpg,"[[[22, 2], [410, 2], [410, 143], [22, 143]]]","[""attack on titan""]"
"Ouran High School Host Club, Vol. 1",Bisco Hatori,dataset\adjusted_dataset\Graphic-Novels-Anime-Manga\0000867.jpg,[],[]
Black Science Volume 1: How to Fall Forever,Rick Remender,dataset\adjusted_dataset\Graphic-Novels-Anime-Manga\0000868.jpg,[],[]
"Yotsuba&!, Vol. 9",Kiyohiko Azuma,dataset\adjusted_dataset\Graphic-Novels-Anime-Manga\0000869.jpg,[],[]
"One Piece, Vol. 8",Eiichiro Oda,dataset\adjusted_dataset\Graphic-Novels-Anime-Manga\0000870.jpg,[],[]
Harry Potter and the Chamber of Secrets,J. K. Rowling,dataset\adjusted_dataset\Graphic-Novels-Anime-Manga\0000871.jpg,"[[[88, 199], [334, 199], [334, 319], [88, 319]]]","[""chanbir sesecreis""]"
"One Piece, Vol. 9",Eiichiro Oda,dataset\adjusted_dataset\Graphic-Novels-Anime-Manga\0000872.jpg,[],[]
"Naruto, Vol. 7",Masashi Kishimoto,dataset\adjusted_dataset\Graphic-Novels-Anime-Manga\0000873.jpg,[],[]
Logicomix,Apostolos Doxiadis,dataset\adjusted_dataset\Graphic-Novels-Anime-Manga\0000874.jpg,"[[[16, 12], [499, 12], [499, 128], [16, 128]]]","[""logicomix""]"
Akira Volume 5,Katsuhiro Otomo,dataset\adjusted_dataset\Graphic-Novels-Anime-Manga\0000875.jpg,,
"Fullmetal Alchemist (3-in-1 Edition), Vol. 4",Hiromu Arakawa,dataset\adjusted_dataset\Graphic-Novels-Anime-Manga\0000876.jpg,[],[]
"Tokyo Ghoul: re, Vol. 8",Sui Ishida,dataset\adjusted_dataset\Graphic-Novels-Anime-Manga\0000877.jpg,"[[[15, 7], [495, 7], [495, 101], [15, 101]]]","[""tolaogh ulte jui bhica""]"
Gideon Falls Volume 1: The Black Barn,Jeff Lemire,dataset\adjusted_dataset\Graphic-Novels-Anime-Manga\0000878.jpg,[],[]
"Death Note, Vol. 11",Tsugumi Ohba,dataset\adjusted_dataset\Graphic-Novels-Anime-Manga\0000879.jpg,,
Garfield Fat Cat 3 Pack (Vol 1),Jim Davis,dataset\adjusted_dataset\Graphic-Novels-Anime-Manga\0000880.jpg,"[[[21, 7], [493, 7], [493, 196], [21, 196]]]","[""trlplc katpicn d cinallc gartld eiimnr garfield fat cat 3-pack currcu i17""]"
Hansel & Gretel,Neil Gaiman,dataset\adjusted_dataset\Graphic-Novels-Anime-Manga\0000881.jpg,"[[[120, 316], [395, 316], [395, 450], [120, 450]]]","[""hansel & gretel""]"
My Solo Exchange Diary Vol. 2,Nagata Kabi,dataset\adjusted_dataset\Graphic-Novels-Anime-Manga\0000882.jpg,[],[]
Persepolis I & II,Marjane Satrapi,dataset\adjusted_dataset\Graphic-Novels-Anime-Manga\0000883.jpg,"[[[106, 48], [438, 48], [438, 120], [106, 120]]]","[""peksepolis""]"
"Is It Wrong to Try to Pick Up Girls in a Dungeon?, Vol. 13 (light novel)",Fujino Omori,dataset\adjusted_dataset\Graphic-Novels-Anime-Manga\0000884.jpg,[],[]
Deadpool - Volume 1: Dead Presidents (marvel Now),Brian Posehn,dataset\adjusted_dataset\Graphic-Novels-Anime-Manga\0000885.jpg,[],[]
"Nisekoi: False Love, Vol. 1",Naoshi Komi,dataset\adjusted_dataset\Graphic-Novels-Anime-Manga\0000886.jpg,"[[[21, 251], [379, 251], [379, 384], [21, 384]]]","[""nsei falso aye""]"
Berserk Volume 36,Kentaro Miura,dataset\adjusted_dataset\Graphic-Novels-Anime-Manga\0000887.jpg,[],[]
Star Wars Volume 1: Skywalker Strikes Tpb,Jason Aaron,dataset\adjusted_dataset\Graphic-Novels-Anime-Manga\0000888.jpg,[],[]
Hellblazer Vol. 2,Jamie Delano,dataset\adjusted_dataset\Graphic-Novels-Anime-Manga\0000889.jpg,[],[]
"One Piece, Vol. 89",Eiichiro Oda,dataset\adjusted_dataset\Graphic-Novels-Anime-Manga\0000890.jpg,[],[]
Spider-verse,Christos Gage,dataset\adjusted_dataset\Graphic-Novels-Anime-Manga\0000891.jpg,"[[[21, 0], [496, 0], [496, 97], [21, 97]]]","[""spider-uersz""]"
Fables,Bill Willingham,dataset\adjusted_dataset\Graphic-Novels-Anime-Manga\0000892.jpg,"[[[257, 43], [501, 43], [501, 138], [257, 138]]]","[""wables ee6 eleads""]"
Akira Volume 6,Katsuhiro Otomo,dataset\adjusted_dataset\Graphic-Novels-Anime-Manga\0000893.jpg,,
Avatar: The Last Airbender#the Rift Part 1,Gene Luen Yang,dataset\adjusted_dataset\Graphic-Novels-Anime-Manga\0000894.jpg,[],[]
"Haikyu!!, Vol. 5",Haruichi Furudate,dataset\adjusted_dataset\Graphic-Novels-Anime-Manga\0000895.jpg,[],[]
"Ten Count, Vol. 5",Rihito Takarai,dataset\adjusted_dataset\Graphic-Novels-Anime-Manga\0000896.jpg,[],[]
The Flash Vol. 2 Rogues Revolution (The New 52),Brian Buccellato,dataset\adjusted_dataset\Graphic-Novels-Anime-Manga\0000897.jpg,[],[]
"One Piece: Baroque Works 13-14-15, Vol. 5 (Omnibus Edition)",Eiichiro Oda,dataset\adjusted_dataset\Graphic-Novels-Anime-Manga\0000898.jpg,[],[]
A Girl On The Shore,Inio Asano,dataset\adjusted_dataset\Graphic-Novels-Anime-Manga\0000899.jpg,[],[]
Aquaman Vol. 1 The Trench (The New 52),Geoff Johns,dataset\adjusted_dataset\Graphic-Novels-Anime-Manga\0000900.jpg,[],[]
Punisher Max Complete Collection Vol. 1,Garth Ennis,dataset\adjusted_dataset\Graphic-Novels-Anime-Manga\0000901.jpg,"[[[43, 457], [470, 457], [470, 483], [43, 483]]]","[""the complete collectidn""]"
Amphigorey,Edward Gorey,dataset\adjusted_dataset\Graphic-Novels-Anime-Manga\0000902.jpg,"[[[198, 374], [475, 374], [475, 492], [198, 492]]]","[""wegorey""]"
Clockwork Princess: The Mortal Instruments Prequel,Cassandra Clare,dataset\adjusted_dataset\Graphic-Novels-Anime-Manga\0000903.jpg,[],[]
"your name., Vol. 1",Makoto Shinkai,dataset\adjusted_dataset\Graphic-Novels-Anime-Manga\0000904.jpg,"[[[66, 7], [487, 7], [487, 101], [66, 101]]]","[""youinane 01""]"
"Bakuman., Vol. 2",Tsugumi Ohba,dataset\adjusted_dataset\Graphic-Novels-Anime-Manga\0000905.jpg,"[[[0, 0], [510, 0], [510, 222], [0, 222]]]","[""balkuman 2""]"
"My Youth Romantic Comedy Is Wrong, As I Expected, Vol. 2 (light novel)",Wataru Watari,dataset\adjusted_dataset\Graphic-Novels-Anime-Manga\0000906.jpg,"[[[10, 16], [206, 16], [206, 136], [10, 136]]]","[""mttouth rfmantic comedyms wrbngas expected""]"
"Naruto (3-in-1 Edition), Vol. 1",Masashi Kishimoto,dataset\adjusted_dataset\Graphic-Novels-Anime-Manga\0000907.jpg,[],[]
Geronimo Stilton: #3 Cat and Mouse in a Haunted House,Geronimo Stilton,dataset\adjusted_dataset\Graphic-Novels-Anime-Manga\0000908.jpg,"[[[34, 104], [480, 104], [480, 202], [34, 202]]]","[""cat rh jcuse dea hadntbd aovse""]"
"Fullmetal Alchemist (3-in-1 Edition), Vol. 5",Hiromu Arakawa,dataset\adjusted_dataset\Graphic-Novels-Anime-Manga\0000909.jpg,[],[]
Chew Volume 2: International Flavor,John Layman,dataset\adjusted_dataset\Graphic-Novels-Anime-Manga\0000910.jpg,[],[]
Batman: Under the Red Hood,Judd Winick,dataset\adjusted_dataset\Graphic-Novels-Anime-Manga\0000911.jpg,"[[[177, 0], [506, 0], [506, 130], [177, 130]]]","[""batman ndid heuq""]"
"The Saga of Tanya the Evil, Vol. 4 (Light Novel)",Carlo Zen,dataset\adjusted_dataset\Graphic-Novels-Anime-Manga\0000912.jpg,[],[]
"Tokyo Ghoul: re, Vol. 11",Sui Ishida,dataset\adjusted_dataset\Graphic-Novels-Anime-Manga\0000913.jpg,"[[[21, 9], [495, 9], [495, 86], [21, 86]]]","[""tokyogho le ushic:""]"
"Deadman Wonderland, Vol. 5",Jinsei Kataoka,dataset\adjusted_dataset\Graphic-Novels-Anime-Manga\0000914.jpg,[],[]
Coding Games in Scratch,Jon Woodcock,dataset\adjusted_dataset\Graphic-Novels-Anime-Manga\0000915.jpg,"[[[18, 118], [504, 118], [504, 361], [18, 361]]]","[""coding games jn scratch""]"
"Tokyo Ghoul: re, Vol. 10",Sui Ishida,dataset\adjusted_dataset\Graphic-Novels-Anime-Manga\0000916.jpg,"[[[31, 15], [508, 15], [508, 92], [31, 92]]]","[""tokyoghoul te 10 dg""]"
Doctor Who: Official Annual 2016,Various,dataset\adjusted_dataset\Graphic-Novels-Anime-Manga\0000917.jpg,"[[[33, 396], [485, 396], [485, 503], [33, 503]]]","[""the dfficid annual 2016""]"
Fairy Tail 6,Hiro Mashima,dataset\adjusted_dataset\Graphic-Novels-Anime-Manga\0000918.jpg,"[[[27, 0], [456, 0], [456, 111], [27, 111]]]","[""fartame""]"
"Tokyo Ghoul: re, Vol. 9",Sui Ishida,dataset\adjusted_dataset\Graphic-Novels-Anime-Manga\0000919.jpg,[],[]
Hundertwasser: My Painting Book,Anon,dataset\adjusted_dataset\Graphic-Novels-Anime-Manga\0000920.jpg,"[[[141, 111], [512, 111], [512, 195], [141, 195]]]","[""hundertwasser""]"
"Blue Exorcist, Vol. 8",Kazue KATO,dataset\adjusted_dataset\Graphic-Novels-Anime-Manga\0000921.jpg,[],[]
Tank Girl - Tank Girl 1 (Remastered Edition),Alan C. Martin,dataset\adjusted_dataset\Graphic-Novels-Anime-Manga\0000922.jpg,"[[[0, 0], [512, 0], [512, 257], [0, 257]]]","[""hatdanc let tank girl one""]"
"Slam Dunk, Vol. 1",Takehiko Inoue,dataset\adjusted_dataset\Graphic-Novels-Anime-Manga\0000923.jpg,[],[]
"Neon Genesis Evangelion 2-in-1 Edition, Vol. 5",Yoshiyuki Sadamoto,dataset\adjusted_dataset\Graphic-Novels-Anime-Manga\0000924.jpg,[],[]
"Nausicaa of the Valley of the Wind, Vol. 1",Hayao Miyazaki,dataset\adjusted_dataset\Graphic-Novels-Anime-Manga\0000925.jpg,"[[[53, 0], [470, 0], [470, 84], [53, 84]]]","[""nausicaa ufthe vally ofthe wvje""]"
A Silent Voice Vol. 4,Yoshitoki Oima,dataset\adjusted_dataset\Graphic-Novels-Anime-Manga\0000926.jpg,[],[]
The Walking Dead Volume 27: The Whisperer War,Robert Kirkman,dataset\adjusted_dataset\Graphic-Novels-Anime-Manga\0000927.jpg,[],[]
Wonder Woman Vol. 1,Brian Azzarello,dataset\adjusted_dataset\Graphic-Novels-Anime-Manga\0000928.jpg,[],[]
Avatar: The Last Airbender: The Rift Part 2,Gene Luen Yang,dataset\adjusted_dataset\Graphic-Novels-Anime-Manga\0000929.jpg,[],[]
"Naruto (3-in-1 Edition), Vol. 2",Masashi Kishimoto,dataset\adjusted_dataset\Graphic-Novels-Anime-Manga\0000930.jpg,[],[]
The Ravens of Thri Sahashri,Kuro,dataset\adjusted_dataset\Graphic-Novels-Anime-Manga\0000931.jpg,[],[]
Naruto Box Set 1,Masashi Kishimoto,dataset\adjusted_dataset\Graphic-Novels-Anime-Manga\0000932.jpg,[],[]
"Bleach, Vol. 2",Tite Kubo,dataset\adjusted_dataset\Graphic-Novels-Anime-Manga\0000933.jpg,"[[[22, 0], [494, 0], [494, 70], [22, 70]]]","[""sbleaclls""]"
"Black Butler, Vol. 8",Yana Toboso,dataset\adjusted_dataset\Graphic-Novels-Anime-Manga\0000934.jpg,[],[]
Rat Queens Volume 3: Demons,Kurtis J. Wiebe,dataset\adjusted_dataset\Graphic-Novels-Anime-Manga\0000935.jpg,"[[[374, 21], [498, 21], [498, 54], [374, 54]]]","[""a dzmons""]"
"Dragon Ball (3-in-1 Edition), Vol. 4",Akira Toriyama,dataset\adjusted_dataset\Graphic-Novels-Anime-Manga\0000936.jpg,[],[]
I Love the Earth,Todd Parr,dataset\adjusted_dataset\Graphic-Novels-Anime-Manga\0000937.jpg,"[[[18, 23], [497, 23], [497, 87], [18, 87]]]","[""tlke earth bools""]"
Hellboy Omnibus Volume 3: The Wild Hunt,Mike Mignola,dataset\adjusted_dataset\Graphic-Novels-Anime-Manga\0000938.jpg,[],[]
Avatar: The Last Airbender - The Rift Part 3,Gene Luen Yang,dataset\adjusted_dataset\Graphic-Novels-Anime-Manga\0000939.jpg,[],[]
The Wicked + The Divine Volume 3: Commercial Suicide,Kieron Gillen,dataset\adjusted_dataset\Graphic-Novels-Anime-Manga\0000940.jpg,[],[]
Batman R.I.P.,Grant Morrison,dataset\adjusted_dataset\Graphic-Novels-Anime-Manga\0000941.jpg,"[[[130, 248], [380, 248], [380, 394], [130, 394]]]","[""batman rip""]"
"Dr. STONE, Vol. 2",Riichiro Inagaki,dataset\adjusted_dataset\Graphic-Novels-Anime-Manga\0000942.jpg,[],[]
"Pokemon Adventures (Red and Blue), Vol. 3",Hidenori Kusaka,dataset\adjusted_dataset\Graphic-Novels-Anime-Manga\0000943.jpg,[],[]
"Tokyo Ghoul: re, Vol. 12",Sui Ishida,dataset\adjusted_dataset\Graphic-Novels-Anime-Manga\0000944.jpg,[],[]
Pretty Deadly Volume 1: The Shrike,Kelly Sue Deconnick,dataset\adjusted_dataset\Graphic-Novels-Anime-Manga\0000945.jpg,[],[]
"Deadman Wonderland, Vol. 6",Jinsei Kataoka,dataset\adjusted_dataset\Graphic-Novels-Anime-Manga\0000946.jpg,[],[]
Maus: My Father Bleeds History v. 1,Art Spiegelman,dataset\adjusted_dataset\Graphic-Novels-Anime-Manga\0000947.jpg,[],[]
The Tale of Genji,Murasaki Shikibu,dataset\adjusted_dataset\Graphic-Novels-Anime-Manga\0000948.jpg,"[[[73, 44], [436, 44], [436, 107], [73, 107]]]","[""lhuta tht al0o ginji""]"
Low Volume 1: The Delirium of Hope,Rick Remender,dataset\adjusted_dataset\Graphic-Novels-Anime-Manga\0000949.jpg,[],[]
Maximum Ride: Manga Volume 1,James Patterson,dataset\adjusted_dataset\Graphic-Novels-Anime-Manga\0000950.jpg,[],[]
"JoJo's Bizarre Adventure: Part 3--Stardust Crusaders, Vol. 4",Hirohiko Araki,dataset\adjusted_dataset\Graphic-Novels-Anime-Manga\0000951.jpg,[],[]
Deadpool Kills Deadpool,Cullen Bunn,dataset\adjusted_dataset\Graphic-Novels-Anime-Manga\0000952.jpg,[],[]
Attack On Titan 19,Hajime Isayama,dataset\adjusted_dataset\Graphic-Novels-Anime-Manga\0000953.jpg,"[[[19, 1], [411, 1], [411, 141], [19, 141]]]","[""attack on tno""]"
Lucky Luke Vol. 71,Jul,dataset\adjusted_dataset\Graphic-Novels-Anime-Manga\0000954.jpg,[],[]
"Hunter x Hunter, Vol. 34",Yoshihiro Togashi,dataset\adjusted_dataset\Graphic-Novels-Anime-Manga\0000955.jpg,"[[[38, 299], [204, 299], [204, 512], [38, 512]]]","[""h hn' 34""]"
"The Devil Is a Part-Timer!, Vol. 1 (light novel)",Satoshi Wagahara,dataset\adjusted_dataset\Graphic-Novels-Anime-Manga\0000956.jpg,[],[]
Hugless Douglas,David Melling,dataset\adjusted_dataset\Graphic-Novels-Anime-Manga\0000957.jpg,"[[[72, 22], [444, 22], [444, 184], [72, 184]]]","[""hugles dougias""]"
Ouran High School Host Club Box Set,Bisco Hatori,dataset\adjusted_dataset\Graphic-Novels-Anime-Manga\0000958.jpg,"[[[0, 26], [365, 26], [365, 115], [0, 115]]]","[""hhoslclibdox sit""]"
The Last Of Us: American Dreams,Faith Erin Hicks,dataset\adjusted_dataset\Graphic-Novels-Anime-Manga\0000959.jpg,"[[[332, 19], [497, 19], [497, 236], [332, 236]]]","[""the @st @fus american reans""]"
"Fruits Basket Collector's Edition, Vol. 2",Natsuki Takaya,dataset\adjusted_dataset\Graphic-Novels-Anime-Manga\0000960.jpg,[],[]
Berserk Volume 38,Kentaro Miura,dataset\adjusted_dataset\Graphic-Novels-Anime-Manga\0000961.jpg,[],[]
"One Piece, Vol. 10",Eiichiro Oda,dataset\adjusted_dataset\Graphic-Novels-Anime-Manga\0000962.jpg,[],[]
Lucky Luke: Rails on the Prairie v. 32,Rene Goscinny,dataset\adjusted_dataset\Graphic-Novels-Anime-Manga\0000963.jpg,[],[]
Parasyte 1,Hitoshi Iwaaki,dataset\adjusted_dataset\Graphic-Novels-Anime-Manga\0000964.jpg,[],[]
"Goodnight Punpun, Vol. 6",Inio Asano,dataset\adjusted_dataset\Graphic-Novels-Anime-Manga\0000965.jpg,"[[[0, 283], [512, 283], [512, 506], [0, 506]]]","[""goodnighm punpun tiq rsano""]"
Lucifer Book One,Mike Carey,dataset\adjusted_dataset\Graphic-Novels-Anime-Manga\0000966.jpg,,
Monster,Naoki Urasawa,dataset\adjusted_dataset\Graphic-Novels-Anime-Manga\0000967.jpg,"[[[205, 107], [449, 107], [449, 197], [205, 197]]]","[""~monsfer:""]"
"Kaguya-sama: Love Is War, Vol. 3",Aka Akasaka,dataset\adjusted_dataset\Graphic-Novels-Anime-Manga\0000968.jpg,[],[]
"Dr. STONE, Vol. 6",Riichiro Inagaki,dataset\adjusted_dataset\Graphic-Novels-Anime-Manga\0000969.jpg,[],[]
"Black Butler, Vol. 9",Yana Toboso,dataset\adjusted_dataset\Graphic-Novels-Anime-Manga\0000970.jpg,[],[]
"Spice and Wolf, Vol. 14 (light novel)",Isuna Hasekura,dataset\adjusted_dataset\Graphic-Novels-Anime-Manga\0000971.jpg,[],[]
Transmetropolitan Vol. 4,Warren Ellis,dataset\adjusted_dataset\Graphic-Novels-Anime-Manga\0000972.jpg,[],[]
"Vagabond, Vol. 8 (VIZBIG Edition)",Takehiko Inoue,dataset\adjusted_dataset\Graphic-Novels-Anime-Manga\0000973.jpg,[],[]
In Real Life,Cory Doctorow,dataset\adjusted_dataset\Graphic-Novels-Anime-Manga\0000974.jpg,"[[[155, 355], [363, 355], [363, 499], [155, 499]]]","[""real life ln;""]"
"Magi: The Labyrinth of Magic, Vol. 2",Shinobu Ohtaka,dataset\adjusted_dataset\Graphic-Novels-Anime-Manga\0000975.jpg,[],[]
"The World's Greatest First Love, Vol. 1",Shungiku Nakamura,dataset\adjusted_dataset\Graphic-Novels-Anime-Manga\0000976.jpg,[],[]
"Horimiya, Vol. 1",Daisuke Hagiwara,dataset\adjusted_dataset\Graphic-Novels-Anime-Manga\0000977.jpg,[],[]
Scott Pilgrim and the Infinite Sadness,Bryan Lee O'Malley,dataset\adjusted_dataset\Graphic-Novels-Anime-Manga\0000978.jpg,[],[]
"Hunter x Hunter, Vol. 33",Yoshihiro Togashi,dataset\adjusted_dataset\Graphic-Novels-Anime-Manga\0000979.jpg,[],[]
Naruto: Kakashi's Story,Akira Higashiyama,dataset\adjusted_dataset\Graphic-Novels-Anime-Manga\0000980.jpg,"[[[182, 276], [468, 276], [468, 351], [182, 351]]]","[""kakashis story""]"
"My Hero Academia: Vigilantes, Vol. 1",Hideyuki Furuhashi,dataset\adjusted_dataset\Graphic-Novels-Anime-Manga\0000981.jpg,[],[]
"Food Wars!, Vol. 4",Yuto Tsukuda,dataset\adjusted_dataset\Graphic-Novels-Anime-Manga\0000982.jpg,,
"Kaguya-sama: Love Is War, Vol. 2",Aka Akasaka,dataset\adjusted_dataset\Graphic-Novels-Anime-Manga\0000983.jpg,"[[[47, 352], [450, 352], [450, 448], [47, 448]]]","[""gue saap war c3 4563""]"
Wires and Nerve,Marissa Meyer,dataset\adjusted_dataset\Graphic-Novels-Anime-Manga\0000984.jpg,"[[[46, 244], [470, 244], [470, 396], [46, 396]]]","[""vtires a4t neri  =""]"
"Dragon Ball (3-in-1 Edition), Vol. 6",Akira Toriyama,dataset\adjusted_dataset\Graphic-Novels-Anime-Manga\0000985.jpg,"[[[3, 0], [512, 0], [512, 156], [3, 156]]]","[""draqonball jopistin ehm""]"
Batman,Jeph Loeb,dataset\adjusted_dataset\Graphic-Novels-Anime-Manga\0000986.jpg,"[[[223, 27], [475, 27], [475, 147], [223, 147]]]","[""batman riem rt6ut""]"
"Hunter x Hunter, Vol. 7",Yoshihiro Togashi,dataset\adjusted_dataset\Graphic-Novels-Anime-Manga\0000987.jpg,[],[]
Hellboy Volume 2: Wake The Devil (2nd Ed.),Mike Mignola,dataset\adjusted_dataset\Graphic-Novels-Anime-Manga\0000988.jpg,[],[]
This is Going to Hurt,Adam Kay,dataset\adjusted_dataset\Medical\0000001.jpg,[],[]
"Thinking, Fast and Slow",Daniel Kahneman,dataset\adjusted_dataset\Medical\0000002.jpg,"[[[0, 257], [406, 257], [406, 368], [0, 368]]]","[""thinking: fastand slow""]"
When Breath Becomes Air,Paul Kalanithi,dataset\adjusted_dataset\Medical\0000003.jpg,"[[[35, 355], [481, 355], [481, 496], [35, 496]]]","[""becomes pauldalanthi air""]"
The Happiness Trap,Russ Harris,dataset\adjusted_dataset\Medical\0000004.jpg,"[[[13, 128], [506, 128], [506, 280], [13, 280]]]","[""happiness trap""]"
Man's Search For Meaning,Viktor E. Frankl,dataset\adjusted_dataset\Medical\0000005.jpg,"[[[30, 9], [484, 9], [484, 196], [30, 196]]]","[""viktcre fxnkl man $ search for meaning""]"
The Man Who Mistook His Wife for a Hat,Oliver Sacks,dataset\adjusted_dataset\Medical\0000006.jpg,"[[[9, 285], [507, 285], [507, 452], [9, 452]]]","[""oliver sackts tne mar who mibeook hig vife ecr 4 hat""]"
The 8-week Blood Sugar Diet,Michael Mosley,dataset\adjusted_dataset\Medical\0000007.jpg,"[[[33, 136], [491, 136], [491, 503], [33, 503]]]","[""8-week blood sugar diet lme #aipr lait anu terogjmce twr eodg [df4tint dimut k""]"
The Clever Guts Diet,Michael Mosley,dataset\adjusted_dataset\Medical\0000008.jpg,[],[]
12 Rules for Life,Jordan B. Peterson,dataset\adjusted_dataset\Medical\0000009.jpg,"[[[101, 201], [407, 201], [407, 346], [101, 346]]]","[""12 rule _ for life h #atinote t0 \u20achds""]"
Being Mortal,Atul Gawande,dataset\adjusted_dataset\Medical\0000010.jpg,[],[]
Gut,Giulia Enders,dataset\adjusted_dataset\Medical\0000011.jpg,[],[]
The Brain That Changes Itself,Norman Doidge,dataset\adjusted_dataset\Medical\0000012.jpg,"[[[0, 0], [491, 0], [491, 147], [0, 147]]]","[""nobmay doldc e tlie brain thal changes ttself""]"
Medical Medium Liver Rescue,Anthony William,dataset\adjusted_dataset\Medical\0000013.jpg,"[[[103, 0], [411, 0], [411, 109], [103, 109]]]","[""medicalyedium liver""]"
Wreck This Journal,Keri Smith,dataset\adjusted_dataset\Medical\0000014.jpg,"[[[107, 123], [373, 123], [373, 286], [107, 286]]]","[""wreck this journal""]"
12 Rules for Life,Jordan B. Peterson,dataset\adjusted_dataset\Medical\0000015.jpg,"[[[101, 184], [407, 184], [407, 330], [101, 330]]]","[""12 rules for life 0r #ttidete 10 c0ko""]"
12 Rules for Life,Jordan B. Peterson,dataset\adjusted_dataset\Medical\0000016.jpg,"[[[72, 190], [442, 190], [442, 346], [72, 346]]]","[""1.2 rule 5 fd r life 44 w4tidote 10 chaos""]"
Gut and Psychology Syndrome,Dr Natasha Campbell-McBride,dataset\adjusted_dataset\Medical\0000017.jpg,"[[[77, 36], [431, 36], [431, 109], [77, 109]]]","[""guland peycholopy syndcue""]"
Medical Medium Thyroid Healing,Anthony William,dataset\adjusted_dataset\Medical\0000018.jpg,"[[[38, 41], [474, 41], [474, 229], [38, 229]]]","[""thyroid healing kkkigr \""gkeenatz &os""]"
Steal Like an Artist,Austin Kleon,dataset\adjusted_dataset\Medical\0000019.jpg,"[[[54, 28], [468, 28], [468, 495], [54, 495]]]","[""hriree steal like an artist p jdy rt p aptut ir\"" cpety austin kleon""]"
Sitting Still Like A Frog,Eline Snel,dataset\adjusted_dataset\Medical\0000020.jpg,"[[[54, 0], [464, 0], [464, 126], [54, 126]]]","[""sitting still like a froc mntuing [oriclec rige""]"
How Not To Die,Michael Greger,dataset\adjusted_dataset\Medical\0000021.jpg,[],[]
The Whole-Brain Child,Tina Payne Bryson,dataset\adjusted_dataset\Medical\0000022.jpg,[],[]
Birth Skills,Juju Sundin,dataset\adjusted_dataset\Medical\0000023.jpg,"[[[21, 108], [502, 108], [502, 375], [21, 375]]]","[""juju sundins birth skills \""h *eh munj""]"
Diagnostic and Statistical Manual of Mental Disorders (DSM-5),American Psychiatric Association,dataset\adjusted_dataset\Medical\0000024.jpg,"[[[8, 62], [490, 62], [490, 230], [8, 230]]]","[""diagnosic and stamistical manual of menia discrders fifth eoton dsm-5""]"
Medical Medium Celery Juice,Anthony William,dataset\adjusted_dataset\Medical\0000025.jpg,"[[[106, 8], [406, 8], [406, 40], [106, 40]]]","[""medical medium""]"
The Book You Wish Your Parents Had Read (and Your Children Will Be Glad That You Did),Philippa Perry,dataset\adjusted_dataset\Medical\0000026.jpg,"[[[26, 185], [488, 185], [488, 305], [26, 305]]]","[""the bccktol vush tour parcnts had read {and tour childrenwvill be glad tha: ycu did}""]"
Publication Manual of the American Psychological Association,American Psychological Association,dataset\adjusted_dataset\Medical\0000027.jpg,[],[]
Proof of Heaven,Dr. Eben Alexander,dataset\adjusted_dataset\Medical\0000028.jpg,"[[[30, 195], [489, 195], [489, 487], [30, 487]]]","[""proof of heaven #nwacnzor] to\""tttp gano i@ndin kmn jnsti\""n w""]"
The Immortal Life of Henrietta Lacks,Rebecca Skloot,dataset\adjusted_dataset\Medical\0000029.jpg,"[[[159, 74], [506, 74], [506, 349], [159, 349]]]","[""inmortal life qf henrjeiia lacks""]"
The Complete Guide to Asperger's Syndrome,Tony Attwood,dataset\adjusted_dataset\Medical\0000030.jpg,"[[[17, 32], [497, 32], [497, 185], [17, 185]]]","[""thecomplete gguidle 10 aspergers syndrome""]"
The Checklist Manifesto,Atul Gawande,dataset\adjusted_dataset\Medical\0000031.jpg,"[[[45, 88], [470, 88], [470, 483], [45, 483]]]","[""the j atul gawande""]"
Do No Harm,Henry Marsh,dataset\adjusted_dataset\Medical\0000032.jpg,[],[]
The Anatomy Coloring Book,Wynn Kapit,dataset\adjusted_dataset\Medical\0000033.jpg,"[[[35, 25], [443, 25], [443, 128], [35, 128]]]","[""anatomy ccloring book #w\"" ljitvmozt""]"
The Plant Paradox,Steven R. Gundry,dataset\adjusted_dataset\Medical\0000034.jpg,"[[[45, 31], [472, 31], [472, 135], [45, 135]]]","[""pl  n t pa r a d o*""]"
Wreck This Journal Everywhere,Keri Smith,dataset\adjusted_dataset\Medical\0000035.jpg,"[[[162, 95], [439, 95], [439, 336], [162, 336]]]","[""wreck this journal eve rywxeri""]"
How to Change Your Mind,Michael Pollan,dataset\adjusted_dataset\Medical\0000036.jpg,[],[]
Raising an Emotionally Intelligent Child,John Gottman,dataset\adjusted_dataset\Medical\0000037.jpg,[],[]
Allen Carr's Easy Way to Stop Smoking,Allen Carr,dataset\adjusted_dataset\Medical\0000038.jpg,"[[[3, 64], [508, 64], [508, 475], [3, 475]]]","[""allen carr s easy wayto stop smoking xno it\"" ane voc thim btk euteta yrars""]"
The Mindful Way through Depression,J. Mark G. Williams,dataset\adjusted_dataset\Medical\0000039.jpg,"[[[46, 75], [472, 75], [472, 301], [46, 301]]]","[""mindful way chrough depression 040 el lm f 4o7 gwa7kig 4fef !""]"
Call The Midwife,Jennifer Worth,dataset\adjusted_dataset\Medical\0000040.jpg,"[[[36, 328], [477, 328], [477, 498], [36, 498]]]","[""gill-he miduife  e 4nife r w 0a / h""]"
The Dialectical Behavior Therapy Skills Workbook,Matthew McKay,dataset\adjusted_dataset\Medical\0000041.jpg,"[[[90, 87], [429, 87], [429, 319], [90, 319]]]","[""the dialectical behavior therapy skills workhook htitofiteta lennea \""lek entnnaal s""]"
The Reality Slap,Russ Harris,dataset\adjusted_dataset\Medical\0000042.jpg,[],[]
"The Boy Who Was Raised as a Dog, 3rd Edition",Bruce D. Perry,dataset\adjusted_dataset\Medical\0000043.jpg,"[[[85, 93], [435, 93], [435, 293], [85, 293]]]","[""the boy who was raised as a dog""]"
Strength Training Anatomy,Frederic Delavier,dataset\adjusted_dataset\Medical\0000044.jpg,"[[[31, 25], [483, 25], [483, 171], [31, 171]]]","[""strength training anatomy""]"
The Brain That Changes Itself,Norman Doidge,dataset\adjusted_dataset\Medical\0000045.jpg,"[[[29, 86], [483, 86], [483, 472], [29, 472]]]","[""the b r rin that changes itself esdir_trratrinerk fr3 wlovmier& urjin eei=ue= ncrmandoidce md""]"
Lost Ocean,Johanna Basford,dataset\adjusted_dataset\Medical\0000046.jpg,"[[[101, 208], [410, 208], [410, 359], [101, 359]]]","[""lost ocean""]"
Mating in Captivity,Esther Perel,dataset\adjusted_dataset\Medical\0000047.jpg,"[[[27, 179], [483, 179], [483, 276], [27, 276]]]","[""mating in captivity""]"
This is Going to Hurt,Adam Kay,dataset\adjusted_dataset\Medical\0000048.jpg,"[[[17, 45], [350, 45], [350, 482], [17, 482]]]","[""this is goi 48 to hurt 600tt n adam ha""]"
You Are the Placebo,Joe Dispenza,dataset\adjusted_dataset\Medical\0000049.jpg,"[[[58, 0], [452, 0], [452, 94], [58, 94]]]","[""yod are the placebo nito yotrmtd ncllet""]"
Radical Acceptance,Tara Brach,dataset\adjusted_dataset\Medical\0000050.jpg,"[[[123, 44], [386, 44], [386, 88], [123, 88]]]","[""radic""]"
Awakenings,Oliver Sacks,dataset\adjusted_dataset\Medical\0000051.jpg,"[[[9, 285], [507, 285], [507, 395], [9, 395]]]","[""oliver sackts awakenings""]"
Unnatural Causes,Dr Richard Shepherd,dataset\adjusted_dataset\Medical\0000052.jpg,"[[[26, 165], [493, 165], [493, 217], [26, 217]]]","[""unnatural""]"
Oxford Handbook of Clinical Medicine,Ian B. Wilkinson,dataset\adjusted_dataset\Medical\0000053.jpg,"[[[34, 94], [351, 94], [351, 181], [34, 181]]]","[""olndaindcc d clinical medicine""]"
"DBT Skills Training Manual, Second Edition",Marsha M. Linehan,dataset\adjusted_dataset\Medical\0000054.jpg,"[[[87, 132], [406, 132], [406, 363], [87, 363]]]","[""dbt skills training manual""]"
All Cats Have Asperger Syndrome,Kathy Hoopmann,dataset\adjusted_dataset\Medical\0000055.jpg,"[[[11, 181], [364, 181], [364, 355], [11, 355]]]","[""all cats have asperger syndfome""]"
Becoming Supernatural,Joe Dispenza,dataset\adjusted_dataset\Medical\0000056.jpg,"[[[39, 61], [470, 61], [470, 97], [39, 97]]]","[""supernatural""]"
Anatomy Trains,Thomas W. Myers,dataset\adjusted_dataset\Medical\0000057.jpg,"[[[102, 346], [236, 346], [236, 396], [102, 396]]]","[""anatr y""]"
Hallucinations,Oliver Sacks,dataset\adjusted_dataset\Medical\0000058.jpg,"[[[9, 285], [507, 285], [507, 387], [9, 387]]]","[""oliver sacks hallucifalidna""]"
Loving What Is,Byron Katie,dataset\adjusted_dataset\Medical\0000059.jpg,"[[[15, 288], [489, 288], [489, 498], [15, 498]]]","[""loving whal is couoleg-innt jiriche trn knli""]"
An Introductory Guide to Anatomy & Physiology,Louise Tucker,dataset\adjusted_dataset\Medical\0000060.jpg,"[[[32, 27], [372, 27], [372, 156], [32, 156]]]","[""anktojusct sucl1o anatomy &physiology""]"
The Body Keeps the Score,Bessel van der Kolk,dataset\adjusted_dataset\Medical\0000061.jpg,"[[[28, 62], [496, 62], [496, 189], [28, 189]]]","[""tae bodt keeps the scdre \""ran mrdindbboy lki 48ilit untrionm""]"
The Muscular System Anatomical Chart,Anatomical Chart Company,dataset\adjusted_dataset\Medical\0000062.jpg,"[[[62, 0], [434, 0], [434, 22], [62, 22]]]","[""tve mugculat gysth""]"
Rewire Your Anxious Brain,Catherine M. Pittman,dataset\adjusted_dataset\Medical\0000063.jpg,[],[]
Shadows Of The Workhouse,Jennifer Worth,dataset\adjusted_dataset\Medical\0000064.jpg,"[[[19, 0], [492, 0], [492, 174], [19, 174]]]","[""shidons of the workhouse jenntren w0n t h""]"
Call The Midwife,Jennifer Worth,dataset\adjusted_dataset\Medical\0000065.jpg,"[[[11, 111], [496, 111], [496, 179], [11, 179]]]","[""call the midwife t7le #d72 @or ejntre 15c0""]"
The Emperor of All Maladies,Siddhartha Mukherjee,dataset\adjusted_dataset\Medical\0000066.jpg,"[[[27, 59], [479, 59], [479, 190], [27, 190]]]","[""tbe emperor & almlaladies fictrpsorcint""]"
Complications,Atul Gawande,dataset\adjusted_dataset\Medical\0000067.jpg,"[[[51, 144], [469, 144], [469, 317], [51, 317]]]","[""gawande #lw complications""]"
Brain Maker,David Perlmutter,dataset\adjusted_dataset\Medical\0000068.jpg,"[[[26, 452], [494, 452], [494, 480], [26, 480]]]","[""dr david perlnutter""]"
The Gift of Therapy,Irvin Yalom,dataset\adjusted_dataset\Medical\0000069.jpg,"[[[34, 10], [481, 10], [481, 189], [34, 189]]]","[""the gift of therapy u0id \""itdi-ifiteen-_ lcucditgue 715p9jutltr pjliont""]"
Change Your Thinking,Dr. Sarah Edelman,dataset\adjusted_dataset\Medical\0000070.jpg,[],[]
You Can Heal Your Life,Louise Hay,dataset\adjusted_dataset\Medical\0000071.jpg,"[[[27, 78], [491, 78], [491, 279], [27, 279]]]","[""ven cr kezl mvnv life""]"
Gratitude,Oliver Sacks,dataset\adjusted_dataset\Medical\0000072.jpg,"[[[55, 65], [461, 65], [461, 133], [55, 133]]]","[""gratitude""]"
"DBT (R) Skills Training Handouts and Worksheets, Second Edition",Marsha M. Linehan,dataset\adjusted_dataset\Medical\0000073.jpg,"[[[98, 131], [358, 131], [358, 346], [98, 346]]]","[""dbt skills training handouts and worksheets""]"
Man's Search for Meaning,Viktor E. Frankl,dataset\adjusted_dataset\Medical\0000074.jpg,"[[[52, 26], [461, 26], [461, 325], [52, 325]]]","[""man 5 searchi for meantng viktor e . frankl""]"
Don't Shoot the Dog!,Karen Pryor,dataset\adjusted_dataset\Medical\0000075.jpg,[],[]
The Mindful Self-Compassion Workbook,Kristin Neff,dataset\adjusted_dataset\Medical\0000076.jpg,"[[[30, 104], [484, 104], [484, 319], [30, 319]]]","[""self-compassion workbook 4 fmoth tar jo afciti toueel, poild irr stenattt, 4 tvi""]"
Self Compassion,Kristin Neff,dataset\adjusted_dataset\Medical\0000077.jpg,"[[[182, 76], [343, 76], [343, 141], [182, 141]]]","[""self\""""]"
Trail Guide to the Body,R.  Andrew Biel,dataset\adjusted_dataset\Medical\0000078.jpg,"[[[43, 18], [502, 18], [502, 148], [43, 148]]]","[""trail guide to the body""]"
The Man Who Mistook His Wife for a Hat,Oliver Sacks,dataset\adjusted_dataset\Medical\0000079.jpg,[],[]
Hands Of Light,Barbara Ann Brennan,dataset\adjusted_dataset\Medical\0000080.jpg,"[[[44, 23], [481, 23], [481, 222], [44, 222]]]","[""hands of light anudm frluu} tintauk jt} ontan erre fukl""]"
The Drama of the Gifted Child,Alice Miller,dataset\adjusted_dataset\Medical\0000081.jpg,"[[[23, 119], [486, 119], [486, 301], [23, 301]]]","[""the drama of tite gifted child te 54enanth u hm nt %_ i0""]"
Taking Charge of Your Fertility,Toni Weschler,dataset\adjusted_dataset\Medical\0000082.jpg,[],[]
When Breath Becomes Air,Paul Kalanithi,dataset\adjusted_dataset\Medical\0000083.jpg,"[[[33, 193], [481, 193], [481, 496], [33, 496]]]","[""when breath becomes pauldalanthi air""]"
It Didn't Start with You,Mark Wolynn,dataset\adjusted_dataset\Medical\0000084.jpg,"[[[109, 38], [413, 38], [413, 173], [109, 173]]]","[""it didnt start with you""]"
Trauma and Recovery,Judith Herman,dataset\adjusted_dataset\Medical\0000085.jpg,"[[[45, 74], [460, 74], [460, 174], [45, 174]]]","[""trauma and recovery""]"
Love's Executioner,Irvin D. Yalom,dataset\adjusted_dataset\Medical\0000086.jpg,"[[[58, 0], [477, 0], [477, 62], [58, 62]]]","[""luves execulioner omlerbleztorolrf:""]"
The Complete Ketogenic Diet for Beginners,Amy Ramos,dataset\adjusted_dataset\Medical\0000087.jpg,"[[[178, 122], [474, 122], [474, 365], [178, 365]]]","[""complete ketogemic diet for beginners maranlal dulde e kar elatiy amyiimor""]"
The Compassionate Mind,Paul Gilbert,dataset\adjusted_dataset\Medical\0000088.jpg,"[[[17, 233], [483, 233], [483, 402], [17, 402]]]","[""compassionate mind""]"
I Had a Black Dog,Matthew Johnstone,dataset\adjusted_dataset\Medical\0000089.jpg,"[[[71, 64], [459, 64], [459, 109], [71, 109]]]","[""hadablack dug""]"
The End of Alzheimer's,Dale E. Bredesen,dataset\adjusted_dataset\Medical\0000090.jpg,"[[[30, 53], [486, 53], [486, 185], [30, 185]]]","[""the end ol alzheimer 5""]"
The Secret Language of Color Cards,Inna Segal,dataset\adjusted_dataset\Medical\0000091.jpg,"[[[28, 44], [472, 44], [472, 299], [28, 299]]]","[""tsecre langijage color fards""]"
The China Study: Revised and Expanded Edition,T. Colin Campbell,dataset\adjusted_dataset\Medical\0000092.jpg,"[[[42, 150], [468, 150], [468, 417], [42, 417]]]","[""china study agvisdind [labidtdtiog ceundteci utritan litr ddurud""]"
Immortal Life of Henrietta Lacks,Rebecca Skloot,dataset\adjusted_dataset\Medical\0000093.jpg,[],[]
"Cognitive Behavior Therapy, Second Edition",Judith S. Beck,dataset\adjusted_dataset\Medical\0000094.jpg,"[[[66, 76], [450, 76], [450, 292], [66, 292]]]","[""cognitive behavior therapy baslc $ an beyond""]"
Smart but Scattered,Peg Dawson,dataset\adjusted_dataset\Medical\0000095.jpg,[],[]
Better,Atul Gawande,dataset\adjusted_dataset\Medical\0000096.jpg,"[[[73, 256], [456, 256], [456, 320], [73, 320]]]","[""better""]"
The Complete Low-Fodmap Diet,Sue Shepherd,dataset\adjusted_dataset\Medical\0000097.jpg,[],[]
Farewell To The East End,Jennifer Worth,dataset\adjusted_dataset\Medical\0000098.jpg,"[[[24, 0], [488, 0], [488, 158], [24, 158]]]","[""farewvell t tke eaft end tbnntavr w0#t h""]"
The Epigenetics Revolution,Nessa Carey,dataset\adjusted_dataset\Medical\0000099.jpg,"[[[19, 86], [496, 86], [496, 315], [19, 315]]]","[""epigenetics revolution noy modorr buclca? anlan [7ng t 095""]"
Maps of Meaning,Jordan B. Peterson,dataset\adjusted_dataset\Medical\0000100.jpg,"[[[263, 441], [427, 441], [427, 481], [263, 481]]]","[""pmeasii""]"
A Mind of Your Own,Kelly Brogan,dataset\adjusted_dataset\Medical\0000101.jpg,"[[[75, 76], [448, 76], [448, 294], [75, 294]]]","[""a mind of your qwn""]"
The Gene,Siddhartha Mukherjee,dataset\adjusted_dataset\Medical\0000102.jpg,"[[[182, 63], [494, 63], [494, 190], [182, 190]]]","[""the gene anintirxtckstort""]"
"Many Lives, Many Masters",Brian L. Weiss,dataset\adjusted_dataset\Medical\0000103.jpg,[],[]
Musicophilia,Oliver Sacks,dataset\adjusted_dataset\Medical\0000104.jpg,"[[[12, 288], [506, 288], [506, 396], [12, 396]]]","[""oliver sucl musicophilia""]"
The How Not To Die Cookbook,Michael Greger,dataset\adjusted_dataset\Medical\0000105.jpg,"[[[124, 138], [394, 138], [394, 475], [124, 475]]]","[""not t0 je gookkook wmuelckee 4d mnn""]"
"Breaking the vicious cycle, Intestinal health through diet",Elaine Gottscha,dataset\adjusted_dataset\Medical\0000106.jpg,"[[[28, 52], [486, 52], [486, 164], [28, 164]]]","[""breaking evciows cycle""]"
Highly Sensitive Child,Elaine N. Aron,dataset\adjusted_dataset\Medical\0000107.jpg,"[[[135, 239], [498, 239], [498, 452], [135, 452]]]","[""the otrem highly sensitive child""]"
The 4 Pillar Plan,Dr. Rangan Chatterjee,dataset\adjusted_dataset\Medical\0000108.jpg,[],[]
Into the Magic Shop,Dr. James R. Doty,dataset\adjusted_dataset\Medical\0000109.jpg,"[[[116, 130], [394, 130], [394, 230], [116, 230]]]","[""magic shop""]"
Schema Therapy,Jeffrey E. Young,dataset\adjusted_dataset\Medical\0000110.jpg,"[[[0, 95], [491, 95], [491, 275], [0, 275]]]","[""sch iema therabx hamamd""]"
The Body Remembers,Babette Rothschild,dataset\adjusted_dataset\Medical\0000111.jpg,[],[]
The Undiscovered Self,C G Jung,dataset\adjusted_dataset\Medical\0000112.jpg,"[[[26, 381], [490, 381], [490, 465], [26, 465]]]","[""tme wnoiscoven @ 6elf c (3 jung""]"
Desk Reference to the Diagnostic Criteria from DSM-5,American Psychiatric Association,dataset\adjusted_dataset\Medical\0000113.jpg,"[[[62, 118], [452, 118], [452, 234], [62, 234]]]","[""diagnostic criteria faiha dsm-5""]"
When My Worries Get Too Big!,Kari Dunn Buron,dataset\adjusted_dataset\Medical\0000114.jpg,"[[[34, 4], [479, 4], [479, 140], [34, 140]]]","[""when mv worrles gettoo blgl 4rcloxollon boolforchdrtn whslie wuh anxety""]"
"Mind Over Mood, Second Edition",Dennis Greenberger,dataset\adjusted_dataset\Medical\0000115.jpg,[],[]
ACT Made Simple,Russ Harris,dataset\adjusted_dataset\Medical\0000116.jpg,"[[[19, 0], [435, 0], [435, 234], [19, 234]]]","[""m[j i-pjmtr mlujnttjur m act made simple""]"
Dibs in Search of Self,Virginia M. Axline,dataset\adjusted_dataset\Medical\0000117.jpg,"[[[39, 83], [465, 83], [465, 206], [39, 206]]]","[""in search cf self vwmmkt""]"
We Should All Be Feminists,Chimamanda Ngozi Adichie,dataset\adjusted_dataset\Medical\0000118.jpg,"[[[14, 23], [504, 23], [504, 484], [14, 484]]]","[""chimamanda ngozi adichie we should all be feminists""]"
The Heal Your Gut Cookbook,Hillary Boynton,dataset\adjusted_dataset\Medical\0000119.jpg,[],[]
On Becoming a Person,Carl Rogers,dataset\adjusted_dataset\Medical\0000120.jpg,"[[[217, 237], [479, 237], [479, 387], [217, 387]]]","[""w becuminc j person""]"
"Ayurveda, the Science of Self-healing: A Practical Guide",Vasant Lad,dataset\adjusted_dataset\Medical\0000121.jpg,"[[[40, 19], [494, 19], [494, 142], [40, 142]]]","[""ayurieda te secre gech-heallng tutnuu [.""]"
The Mindful Path to Self-Compassion,Christopher Germer,dataset\adjusted_dataset\Medical\0000122.jpg,"[[[33, 54], [467, 54], [467, 293], [33, 293]]]","[""lhe mindful path co selt compassion ttrt w""]"
Mindsight,Daniel J Siegel,dataset\adjusted_dataset\Medical\0000123.jpg,[],[]
With the Old Breed,E B Sledge,dataset\adjusted_dataset\Medical\0000124.jpg,"[[[53, 13], [459, 13], [459, 145], [53, 145]]]","[""mem norilies bestseller wihthe oldbreed""]"
Get Out of Your Mind and into Your Life,Steven C. Hayes,dataset\adjusted_dataset\Medical\0000125.jpg,[],[]
Sweet Poison,David Gillespie,dataset\adjusted_dataset\Medical\0000126.jpg,[],[]
When the Body Says No,Gabor Mate,dataset\adjusted_dataset\Medical\0000127.jpg,"[[[114, 76], [403, 76], [403, 400], [114, 400]]]","[""when the body says n exploringihe stressdisease connection""]"
Listening to the Animals: Becoming The Supervet,Noel Fitzpatrick,dataset\adjusted_dataset\Medical\0000128.jpg,"[[[24, 68], [485, 68], [485, 257], [24, 257]]]","[""fitzpatrick fecoming the supervet lstun~$ 1 0 acta4 &""]"
Dmt : the Spririt Molecule,Rick Strassman M D,dataset\adjusted_dataset\Medical\0000129.jpg,"[[[39, 10], [467, 10], [467, 162], [39, 162]]]","[""dmt tr spirit molecule""]"
Art Therapy Sourcebook,Cathy Malchiodi,dataset\adjusted_dataset\Medical\0000130.jpg,"[[[13, 96], [503, 96], [503, 307], [13, 307]]]","[""art therapy sourcebo k""]"
The Skeletal System Anatomical Chart,Anatomical Chart Company,dataset\adjusted_dataset\Medical\0000131.jpg,"[[[68, 0], [448, 0], [448, 22], [68, 22]]]","[""the seelei sistem""]"
Intuitive Eating,Evelyn Tribole,dataset\adjusted_dataset\Medical\0000132.jpg,[],[]
Spiritual Midwifery,Ina May Gaskin,dataset\adjusted_dataset\Medical\0000133.jpg,"[[[142, 139], [373, 139], [373, 225], [142, 225]]]","[""enricual (idwifera""]"
Marshall & Ruedy's On Call: Principles & Protocols,Anthony F. T. Brown,dataset\adjusted_dataset\Medical\0000134.jpg,"[[[0, 193], [477, 193], [477, 333], [0, 333]]]","[""on call ptincipifs & polorols fte""]"
Anatomy of Movement,Blandine Calais-Germain,dataset\adjusted_dataset\Medical\0000135.jpg,"[[[118, 108], [410, 108], [410, 193], [118, 193]]]","[""movement fo""]"
Civilization and Its Discontents,Sigmund Freud,dataset\adjusted_dataset\Medical\0000136.jpg,[],[]
Get into Medical School - 1250 UKCAT Practice Questions. Includes Full Mock Exam,Olivier Picard,dataset\adjusted_dataset\Medical\0000137.jpg,"[[[40, 52], [476, 52], [476, 389], [40, 389]]]","[""medical school 1250 ukcat practice questions includer full mock exam fti veca jica 467 l= l0oic4cnecl d 0ur""]"
The Gift Of Therapy,Irvin D. Yalom,dataset\adjusted_dataset\Medical\0000138.jpg,"[[[20, 232], [503, 232], [503, 434], [20, 434]]]","[""the gift of therapy kntntn intct matirsttienn uurtr und aiirtalcui""]"
Mary Sheridan's From Birth to Five Years: Children's Developmental Progress,Ajay Sharma,dataset\adjusted_dataset\Medical\0000139.jpg,"[[[21, 117], [179, 117], [179, 291], [21, 291]]]","[""from birth to five tears""]"
Brain Rules (Updated and Expanded),John Medina,dataset\adjusted_dataset\Medical\0000140.jpg,"[[[103, 157], [421, 157], [421, 343], [103, 343]]]","[""brain rules""]"
Food Rules,Michael Pollan,dataset\adjusted_dataset\Medical\0000141.jpg,"[[[184, 15], [491, 15], [491, 211], [184, 211]]]","[""micfael pollav food rules atr ]8 fedd""]"
Nutrient Power,William J. Walsh,dataset\adjusted_dataset\Medical\0000142.jpg,"[[[40, 94], [466, 94], [466, 202], [40, 202]]]","[""nutrient power heaycur biochemstry andhealtour brain""]"
Wheat Belly,William Davis,dataset\adjusted_dataset\Medical\0000143.jpg,"[[[51, 290], [474, 290], [474, 500], [51, 500]]]","[""wheat belly ileiam dayis 4d""]"
"Motivational Interviewing, Third Edition",William R. Miller,dataset\adjusted_dataset\Medical\0000144.jpg,"[[[76, 64], [440, 64], [440, 238], [76, 238]]]","[""mitivatiinal inteaviewine wp ropt ojunt""]"
An Anthropologist on Mars,Oliver Sacks,dataset\adjusted_dataset\Medical\0000145.jpg,"[[[6, 283], [506, 283], [506, 445], [6, 445]]]","[""oliver saeks ki alchropclogiet orl kirs""]"
Girls Only! All About Periods and Growing-Up Stuff,Victoria Parker,dataset\adjusted_dataset\Medical\0000146.jpg,"[[[0, 57], [512, 57], [512, 507], [0, 507]]]","[""gtrls qhlyi tettrowu""]"
How to Eat Better,James Wong,dataset\adjusted_dataset\Medical\0000147.jpg,"[[[29, 0], [483, 0], [483, 61], [29, 61]]]","[""james wong how to eat better""]"
Hashimoto's Protocol,Izabella Wentz,dataset\adjusted_dataset\Medical\0000148.jpg,[],[]
Talley and O'Connor's Clinical Examination - 2-Volume Set,Professor Nicholas J. Talley,dataset\adjusted_dataset\Medical\0000149.jpg,[],[]
The Wahls Protocol,Terry Wahls,dataset\adjusted_dataset\Medical\0000150.jpg,"[[[31, 416], [489, 416], [489, 459], [31, 459]]]","[""terry wahls md""]"
The How Not To Die Cookbook,Michael Greger,dataset\adjusted_dataset\Medical\0000151.jpg,"[[[155, 270], [451, 270], [451, 441], [155, 441]]]","[""die coorrook ari \""c  nu""]"
Pilates Anatomy,Rael Isacowitz,dataset\adjusted_dataset\Medical\0000152.jpg,"[[[26, 30], [377, 30], [377, 171], [26, 171]]]","[""pilates anatomy jat""]"
Quiet the Mind,Matthew Johnstone,dataset\adjusted_dataset\Medical\0000153.jpg,"[[[235, 39], [339, 39], [339, 83], [235, 83]]]","[""hind""]"
"Your Body, Your Yoga",Bernie Clark,dataset\adjusted_dataset\Medical\0000154.jpg,"[[[56, 22], [461, 22], [461, 418], [56, 418]]]","[""b8xr you r y ga ff fie clare""]"
"Medical Interviews - a Comprehensive Guide to Ct, St and Registrar Interview Skills",Olivier Picard,dataset\adjusted_dataset\Medical\0000155.jpg,"[[[38, 99], [474, 99], [474, 128], [38, 128]]]","[""ci.st & roglstrar intarutbvj skils""]"
Radical Remission,Kelly A. Turner,dataset\adjusted_dataset\Medical\0000156.jpg,"[[[30, 131], [486, 131], [486, 322], [30, 322]]]","[""radical remission surviying cancer agxinst all ddds""]"
The Immortal Life of Henrietta Lacks,Rebecca Skloot,dataset\adjusted_dataset\Medical\0000157.jpg,"[[[94, 82], [430, 82], [430, 302], [94, 302]]]","[""tke immo-al life of henrietta lafi""]"
The Crystal Bible Volume 2,Judy Hall,dataset\adjusted_dataset\Medical\0000158.jpg,"[[[28, 304], [231, 304], [231, 416], [28, 416]]]","[""t crystal bible 2""]"
Start Where You Are,Meera Lee Patel,dataset\adjusted_dataset\Medical\0000159.jpg,"[[[18, 6], [512, 6], [512, 447], [18, 447]]]","[""start where you jova 4 vmfeueltid  are""]"
Birth Skills,Juju Sundin,dataset\adjusted_dataset\Medical\0000160.jpg,[],[]
The Clever Guts Diet,Michael Mosley,dataset\adjusted_dataset\Medical\0000161.jpg,[],[]
Dirty Genes,Ben Lynch,dataset\adjusted_dataset\Medical\0000162.jpg,"[[[64, 92], [450, 92], [450, 129], [64, 129]]]","[""dr ben lynch""]"
Adult Children of Emotionally Immature Parents,Lindsay C. Gibson,dataset\adjusted_dataset\Medical\0000163.jpg,"[[[59, 38], [451, 38], [451, 211], [59, 211]]]","[""adult children %t emotionally immature parents""]"
Genius Foods,Max Lugavere,dataset\adjusted_dataset\Medical\0000164.jpg,"[[[56, 34], [460, 34], [460, 148], [56, 148]]]","[""g e n| u $ f 0 0 d 5""]"
"Theory and Practice of Group Psychotherapy, Fifth Edition",Irvin D. Yalom,dataset\adjusted_dataset\Medical\0000165.jpg,"[[[4, 6], [376, 6], [376, 280], [4, 280]]]","[""5tk nndk the theory and practice of group psychotherapy""]"
"Good Calories, Bad Calories",Gary Taubes,dataset\adjusted_dataset\Medical\0000166.jpg,"[[[64, 126], [492, 126], [492, 180], [64, 180]]]","[""calories""]"
Havard's Nursing Guide to Drugs,Adriana P. Tiziani,dataset\adjusted_dataset\Medical\0000167.jpg,"[[[81, 60], [431, 60], [431, 205], [81, 205]]]","[""nursing guide to drugs""]"
Hypnobirthing,Marie F. Mongan,dataset\adjusted_dataset\Medical\0000168.jpg,"[[[19, 115], [486, 115], [486, 196], [19, 196]]]","[""hypnobirthing du""]"
The Continuum Concept,Jean Liedloff,dataset\adjusted_dataset\Medical\0000169.jpg,"[[[130, 128], [377, 128], [377, 192], [130, 192]]]","[""continuum concett""]"
BSAVA Textbook of Veterinary Nursing,Tim Greet,dataset\adjusted_dataset\Medical\0000170.jpg,"[[[19, 50], [288, 50], [288, 226], [19, 226]]]","[""bsaua terbook o veterinary nursing st eutibn aol atret cnndtiniltr hal tad""]"
Trigger Point Therapy Workbook,Clair Davies,dataset\adjusted_dataset\Medical\0000171.jpg,"[[[142, 52], [495, 52], [495, 171], [142, 171]]]","[""the 'trigger folnt thcrap workhonk tkd k\""t tiri""]"
Your Body's Many Cries for Water,F. Batmanghelidj,dataset\adjusted_dataset\Medical\0000172.jpg,[],[]
The Autoimmune Solution,Amy Myers,dataset\adjusted_dataset\Medical\0000173.jpg,[],[]
Healing the Fragmented Selves of Trauma Survivors,Janina Fisher,dataset\adjusted_dataset\Medical\0000174.jpg,"[[[0, 25], [499, 25], [499, 93], [0, 93]]]","[""fragmentec selves of taauma surviyoas""]"
Being Mortal,Atul Gawande,dataset\adjusted_dataset\Medical\0000175.jpg,"[[[28, 249], [480, 249], [480, 316], [28, 316]]]","[""being mortal""]"
Creative Ways to Help Children Manage BIG Feelings,Fiona Zandt,dataset\adjusted_dataset\Medical\0000176.jpg,"[[[0, 346], [512, 346], [512, 512], [0, 512]]]","[""creative  ays to help childrenmanage big feelings thir_ast= fudec crnnd 'tf eceooglaoey_ ftodesne""]"
Mycelium Running,Paul Stamets,dataset\adjusted_dataset\Medical\0000177.jpg,"[[[25, 17], [489, 17], [489, 215], [25, 215]]]","[""mycelium running huw musbruoms can help save iee wiorld""]"
The Beauty Detox Solution,Kimberly Snyder,dataset\adjusted_dataset\Medical\0000178.jpg,"[[[135, 50], [373, 50], [373, 195], [135, 195]]]","[""beauty detox solution""]"
Eat to Beat Disease,William Li,dataset\adjusted_dataset\Medical\0000179.jpg,[],[]
Nutrition and Physical Degeneration,Weston Price,dataset\adjusted_dataset\Medical\0000180.jpg,"[[[49, 69], [461, 69], [461, 105], [49, 105]]]","[""fhrsical deeeneralino""]"
Sensorimotor Psychotherapy,Pat Ogden,dataset\adjusted_dataset\Medical\0000181.jpg,"[[[45, 282], [471, 282], [471, 357], [45, 357]]]","[""sensortmotor psxcaotherapy""]"
Johanna's Christmas,Johanna Basford,dataset\adjusted_dataset\Medical\0000182.jpg,"[[[122, 190], [387, 190], [387, 346], [122, 346]]]","[""johanna s christmas itobtr""]"
Mindsight,Daniel Siegel,dataset\adjusted_dataset\Medical\0000183.jpg,[],[]
Put Your Heart in Your Mouth,Dr Natasha Campbell-McBride,dataset\adjusted_dataset\Medical\0000184.jpg,"[[[94, 32], [420, 32], [420, 95], [94, 95]]]","[""fut quur heart in kuur mouth""]"
The Eye Of The World,Robert Jordan,dataset\adjusted_dataset\Medical\0000185.jpg,"[[[26, 126], [239, 126], [239, 230], [26, 230]]]","[""eye of""]"
Ayurveda,Sahara Rose Ketabi,dataset\adjusted_dataset\Medical\0000186.jpg,"[[[26, 146], [487, 146], [487, 237], [26, 237]]]","[""ayurveda""]"
8 Keys to Safe Trauma Recovery,Babette Rothschild,dataset\adjusted_dataset\Medical\0000187.jpg,"[[[141, 54], [501, 54], [501, 139], [141, 139]]]","[""kets to ree8veryma""]"
The Sweet Poison Quit Plan,David Gillespie,dataset\adjusted_dataset\Medical\0000188.jpg,"[[[0, 253], [512, 253], [512, 512], [0, 512]]]","[""the sweet poison qtt plan koy to kick tene svoka habit akd lose weight mavim rillerpie""]"
Oxford Handbook of Anaesthesia,Keith G. Allman,dataset\adjusted_dataset\Medical\0000189.jpg,"[[[34, 128], [387, 128], [387, 184], [34, 184]]]","[""cnedab hieuceddr anaesthesia""]"
The Shallows,Nicholas Carr,dataset\adjusted_dataset\Medical\0000190.jpg,[],[]
Body Positive Power,Megan Jayne Crabbe,dataset\adjusted_dataset\Medical\0000191.jpg,"[[[61, 129], [453, 129], [453, 238], [61, 238]]]","[""posttie power""]"
Owning it: Your Bullsh*t-Free Guide to Living with Anxiety,Caroline Foran,dataset\adjusted_dataset\Medical\0000192.jpg,"[[[96, 290], [416, 290], [416, 402], [96, 402]]]","[""bullsh\""tfree guide td cdfing with anxiety""]"
Change Your Thinking with CBT,Dr. Sarah Edelman,dataset\adjusted_dataset\Medical\0000193.jpg,"[[[52, 12], [460, 12], [460, 172], [52, 172]]]","[""change thinking withcbt""]"
Metaphysical Anatomy,Evette Rose,dataset\adjusted_dataset\Medical\0000194.jpg,"[[[64, 296], [460, 296], [460, 432], [64, 432]]]","[""metaphtsical anaiomy tiui bjl f wbixg . xei0] [sii:""]"
The Human Brain Coloring Book,Diamond Books,dataset\adjusted_dataset\Medical\0000195.jpg,"[[[45, 30], [482, 30], [482, 117], [45, 117]]]","[""human brain ~clsr c""]"
The Telomere Effect,Elizabeth Blackburn,dataset\adjusted_dataset\Medical\0000196.jpg,"[[[43, 185], [477, 185], [477, 321], [43, 321]]]","[""celomere effect""]"
West's Respiratory Physiology,John B. West,dataset\adjusted_dataset\Medical\0000197.jpg,"[[[41, 54], [471, 54], [471, 299], [41, 299]]]","[""west's respiratory physiology the raaentiala tfnd eoitmm""]"
When Breath Becomes Air,Paul Kalanithi,dataset\adjusted_dataset\Medical\0000198.jpg,"[[[0, 18], [512, 18], [512, 253], [0, 253]]]","[""wvhen breath becomes""]"
The Autoimmune Solution,Amy Myers,dataset\adjusted_dataset\Medical\0000199.jpg,[],[]
The Body Keeps the Score,Bessel van der Kolk,dataset\adjusted_dataset\Medical\0000200.jpg,"[[[73, 71], [439, 71], [439, 111], [73, 111]]]","[""keeps ifscore""]"
Living with a Black Dog,Matthew Johnstone,dataset\adjusted_dataset\Medical\0000201.jpg,"[[[67, 51], [463, 51], [463, 96], [67, 96]]]","[""livine kili_ blackdog""]"
Owning Your Own Shadow,Robert A. Johnson,dataset\adjusted_dataset\Medical\0000202.jpg,"[[[166, 129], [348, 129], [348, 204], [166, 204]]]","[""otnina tou o#o shidcr""]"
Wreck This Journal (Paper Bag),Keri Smith,dataset\adjusted_dataset\Medical\0000203.jpg,"[[[128, 124], [369, 124], [369, 286], [128, 286]]]","[""wreck this journal""]"
Dr Bernstein's Diabetes Solution,Dr. Richard K. Bernstein,dataset\adjusted_dataset\Medical\0000204.jpg,"[[[26, 469], [488, 469], [488, 500], [26, 500]]]","[""richard e bernstein md""]"
Robbins & Cotran Pathologic Basis of Disease,Vinay Kumar,dataset\adjusted_dataset\Medical\0000205.jpg,"[[[41, 183], [475, 183], [475, 297], [41, 297]]]","[""robbins id cotnan pathologic ba5i5 of disease htilint""]"
Accessing the Healing Power of the Vagus Nerve,Stanley Rosenberg,dataset\adjusted_dataset\Medical\0000206.jpg,"[[[0, 0], [512, 0], [512, 203], [0, 203]]]","[""he healingfower ofthcvagus nerve ldcci nba 040047/""]"
How to Starve Cancer,Jane McLelland,dataset\adjusted_dataset\Medical\0000207.jpg,"[[[39, 275], [473, 275], [473, 343], [39, 343]]]","[""cancer""]"
The Handbook of Child and Adolescent Clinical Psychology,Alan Carr,dataset\adjusted_dataset\Medical\0000208.jpg,"[[[57, 149], [489, 149], [489, 254], [57, 254]]]","[""tmhacuan 0i child and adolescent clinical psychology""]"
The Mindful Way Workbook,John D. Teasdale,dataset\adjusted_dataset\Medical\0000209.jpg,"[[[32, 107], [484, 107], [484, 283], [32, 283]]]","[""the mindful wvay workbook ji8 wotk ptoordin io frer yolmerh imem drptahon @nd embllenal dintruni""]"
Mindfulness for Health,Dr. Danny Penman,dataset\adjusted_dataset\Medical\0000210.jpg,"[[[95, 31], [485, 31], [485, 179], [95, 179]]]","[""mindtulness tor health elllyino kictoldlcingetokst hd rotccihc h""]"
The Female Brain,Louann Brizendine,dataset\adjusted_dataset\Medical\0000211.jpg,"[[[41, 105], [473, 105], [473, 232], [41, 232]]]","[""female braln""]"
Health Through God's Pharmacy,Maria Treben,dataset\adjusted_dataset\Medical\0000212.jpg,"[[[36, 110], [468, 110], [468, 260], [36, 260]]]","[""health through god's pharmacy adrice und proten cures #in medicinal kerbz""]"
Confessions of a Sociopath,M. E. Thomas,dataset\adjusted_dataset\Medical\0000213.jpg,"[[[30, 62], [482, 62], [482, 235], [30, 235]]]","[""confessions 7p sodiopal#""]"
Potter & Perry's Fundamentals of Nursing - Australian Version - 5th Edition. Print Book & E-Book,Douglas,dataset\adjusted_dataset\Medical\0000214.jpg,[],[]
Healing Back Pain (Reissue Edition),John E. Sarno,dataset\adjusted_dataset\Medical\0000215.jpg,"[[[30, 65], [486, 65], [486, 210], [30, 210]]]","[""tc wrt vo? fnis=cstee_ healing back pain the pindpodtcc\""ecton""]"
"Overcoming Binge Eating, Second Edition",Christopher G. Fairburn,dataset\adjusted_dataset\Medical\0000216.jpg,"[[[32, 54], [489, 54], [489, 320], [32, 320]]]","[""qvercoming binge ealing secomd edition tnonn fr70ram f lazn knp yav enp\"" ondno\"" you con %1cp""]"
Magical Jungle,Johanna Basford,dataset\adjusted_dataset\Medical\0000217.jpg,"[[[128, 194], [379, 194], [379, 348], [128, 348]]]","[""magical unigle:""]"
Without Conscience,Robert D. Hare,dataset\adjusted_dataset\Medical\0000218.jpg,[],[]
"Women's Bodies, Women's Wisdom",Christiane Northrup,dataset\adjusted_dataset\Medical\0000219.jpg,"[[[13, 28], [487, 28], [487, 354], [13, 354]]]","[""christiane northrup md women $ bodies. womens wisdom eue tlueica | 004/\"" bijud iyoling""]"
The Happiness Trap Pocketbook,Russ Harris,dataset\adjusted_dataset\Medical\0000220.jpg,"[[[0, 120], [512, 120], [512, 397], [0, 397]]]","[""happiness trap porkelbook 4nlutrtiso qunl< dn mom {o 0o7rugrlng+ndgori iyue""]"
Descartes' Error,Antonio Damasio,dataset\adjusted_dataset\Medical\0000221.jpg,"[[[20, 43], [501, 43], [501, 174], [20, 174]]]","[""descartes' erro r""]"
Free to Learn,Peter Gray,dataset\adjusted_dataset\Medical\0000222.jpg,"[[[102, 46], [410, 46], [410, 102], [102, 102]]]","[""free lo""]"
"Disarming the Narcissist, Second Edition",Wendy T. Behary,dataset\adjusted_dataset\Medical\0000223.jpg,"[[[81, 41], [430, 41], [430, 232], [81, 232]]]","[""disarming the harcissist liiol\""""]"
Maybe You Should Talk to Someone,Lori Gottlieb,dataset\adjusted_dataset\Medical\0000224.jpg,"[[[58, 37], [443, 37], [443, 239], [58, 239]]]","[""mlanbe \""on shoutd tuk to som poh""]"
"Overcoming Anxiety, 2nd Edition",Helen Kennerley,dataset\adjusted_dataset\Medical\0000225.jpg,"[[[15, 74], [500, 74], [500, 309], [15, 309]]]","[""overcoming anxiety juli-hala pulde uiton conailve bchnrioral techniquej""]"
The Unexpected Joy of Being Sober,Catherine Gray,dataset\adjusted_dataset\Medical\0000226.jpg,"[[[115, 110], [387, 110], [387, 226], [115, 226]]]","[""netpecied joy 0f being lutta""]"
Overcoming Multiple Sclerosis Cookbook,Ingrid Adelsberger,dataset\adjusted_dataset\Medical\0000227.jpg,"[[[22, 120], [491, 120], [491, 297], [22, 297]]]","[""overcoming multiple sclerosis cookbook iirl ncbid delsbercer cos""]"
The Polyvagal Theory in Therapy,Deborah A. Dana,dataset\adjusted_dataset\Medical\0000228.jpg,"[[[25, 57], [391, 57], [391, 343], [25, 343]]]","[""the polyvagal theory therapy""]"
The Psychobiotic Revolution,Scott C. Anderson,dataset\adjusted_dataset\Medical\0000229.jpg,"[[[39, 201], [479, 201], [479, 338], [39, 338]]]","[""psychoblotic revolution tnr ar tti l tmlie""]"
Just Eat It,Laura Thomas,dataset\adjusted_dataset\Medical\0000230.jpg,[],[]
The Dance of Anger,Harriet Lerner,dataset\adjusted_dataset\Medical\0000231.jpg,[],[]
The Physiology Coloring Book,Wynn Kapit,dataset\adjusted_dataset\Medical\0000232.jpg,"[[[63, 38], [434, 38], [434, 119], [63, 119]]]","[""physiology cooring bock""]"
Period Repair Manual,Lara Briden,dataset\adjusted_dataset\Medical\0000233.jpg,"[[[153, 128], [500, 128], [500, 482], [153, 482]]]","[""period repair manual hala4 iu4ikl4t ili jil mhn\""ic 44d gititivicds lara bripen""]"
Grief Counselling and Grief Therapy,J. William Worden,dataset\adjusted_dataset\Medical\0000234.jpg,"[[[68, 53], [445, 53], [445, 239], [68, 239]]]","[""counseling 4# griel therapy tuanizgltr lr uh\""bjl |kolh rrartituer""]"
The Original Reiki Handbook of Dr. Mikao Usui,Mikao Usui,dataset\adjusted_dataset\Medical\0000235.jpg,"[[[45, 327], [483, 327], [483, 401], [45, 401]]]","[""reiki hantbolz wwr mikan lsui""]"
The Sick Rose,Richard Barnett,dataset\adjusted_dataset\Medical\0000236.jpg,"[[[211, 69], [439, 69], [439, 105], [211, 105]]]","[""sick rose""]"
The Sports Gene,David Epstein,dataset\adjusted_dataset\Medical\0000237.jpg,"[[[59, 47], [391, 47], [391, 91], [59, 91]]]","[""sport $""]"
The Web That Has No Weaver,Ted J. Kaptchuk,dataset\adjusted_dataset\Medical\0000238.jpg,"[[[40, 94], [476, 94], [476, 252], [40, 252]]]","[""that hasno veaver ddne chntir aiuna""]"
Breaking Negative Thinking Patterns,Gitta Jacob,dataset\adjusted_dataset\Medical\0000239.jpg,"[[[109, 43], [407, 43], [407, 240], [109, 240]]]","[""beeakix icting patterns""]"
The Feeling Good Handbook,David D. Burns,dataset\adjusted_dataset\Medical\0000240.jpg,"[[[21, 83], [490, 83], [490, 347], [21, 347]]]","[""feeling good handbook tttotoot l lroee""]"
NeuroTribes,Steve Silberman,dataset\adjusted_dataset\Medical\0000241.jpg,"[[[0, 188], [512, 188], [512, 240], [0, 240]]]","[""n e u r o tr ! b e 5""]"
Listening to the Animals: Becoming The Supervet,Noel Fitzpatrick,dataset\adjusted_dataset\Medical\0000242.jpg,[],[]
"The Anxiety and Phobia Workbook, 6th Edition",Edmund J. Bourne,dataset\adjusted_dataset\Medical\0000243.jpg,[],[]
Maps of Narrative Practice,Michael White,dataset\adjusted_dataset\Medical\0000244.jpg,"[[[38, 20], [512, 20], [512, 260], [38, 260]]]","[""712521 0 [ narra (iv 8 pra eti 0 &""]"
Ivy and the Inky Butterfly,Johanna Basford,dataset\adjusted_dataset\Medical\0000245.jpg,"[[[53, 54], [466, 54], [466, 107], [53, 107]]]","[""jvy andthejnkv butteglv""]"
Stiff,Mary Roach,dataset\adjusted_dataset\Medical\0000246.jpg,"[[[63, 12], [492, 12], [492, 199], [63, 199]]]","[""c i stiff""]"
The Mindful Therapist,Daniel J. Siegel,dataset\adjusted_dataset\Medical\0000247.jpg,"[[[91, 141], [481, 141], [481, 239], [91, 239]]]","[""mindful therapist""]"
Healing Stories for Challenging Behaviour,Susan Perrow,dataset\adjusted_dataset\Medical\0000248.jpg,"[[[67, 44], [444, 44], [444, 130], [67, 130]]]","[""healing stories for challeuging belaviour""]"
Clean,Alejandro Junger,dataset\adjusted_dataset\Medical\0000249.jpg,"[[[35, 20], [476, 20], [476, 122], [35, 122]]]","[""clean""]"
Cognitive Behavioural Therapy For Dummies,Rhena Branch,dataset\adjusted_dataset\Medical\0000250.jpg,"[[[13, 64], [501, 64], [501, 354], [13, 354]]]","[""cognitive behavioural therapy dummies arim jeraehe val""]"
The Diabetes Code,Dr. Jason Fung,dataset\adjusted_dataset\Medical\0000251.jpg,[],[]
It Starts with the Egg,Rebecca Fett,dataset\adjusted_dataset\Medical\0000252.jpg,"[[[78, 248], [442, 248], [442, 497], [78, 497]]]","[""starts with the egg rebecca fett""]"
The Skincare Bible,Dr Anjali Mahto,dataset\adjusted_dataset\Medical\0000253.jpg,"[[[32, 84], [474, 84], [474, 296], [32, 296]]]","[""5032jhe 2 skincare bible""]"
"Psychoanalytic Diagnosis, Second Edition",Nancy McWilliams,dataset\adjusted_dataset\Medical\0000254.jpg,"[[[32, 75], [487, 75], [487, 284], [32, 284]]]","[""unueritungeng rerarattstuttn in thc cliraal toztr psychoanalytic diagnosis enn""]"
"I'm Ok, You're Ok",Thomas A. Harris,dataset\adjusted_dataset\Medical\0000255.jpg,"[[[8, 107], [493, 107], [493, 502], [8, 502]]]","[""fm youre 0k ok""]"
Pain and Prejudice,Gabrielle Jackson,dataset\adjusted_dataset\Medical\0000256.jpg,"[[[18, 17], [497, 17], [497, 239], [18, 239]]]","[""yomenandther bcoies pain and prfjudice""]"
The Wisdom of Menopause,Christiane Northrup,dataset\adjusted_dataset\Medical\0000257.jpg,"[[[18, 70], [486, 70], [486, 354], [18, 354]]]","[""northrue md the visdom of menopause ft\"" mtricilainl umwnnni fh td\""tuu fknr""]"
The Emperor of All Maladies,Siddhartha Mukherjee,dataset\adjusted_dataset\Medical\0000258.jpg,[],[]
Period Power,Maisie Hill,dataset\adjusted_dataset\Medical\0000259.jpg,"[[[50, 143], [465, 143], [465, 344], [50, 344]]]","[""period power:""]"
French Women Don't Get Fat,Mireille Guiliano,dataset\adjusted_dataset\Medical\0000260.jpg,"[[[42, 104], [469, 104], [469, 369], [42, 369]]]","[""eeneh qwomen dor t get sat""]"
The Pioppi Diet,Dr. Aseem Malhotra,dataset\adjusted_dataset\Medical\0000261.jpg,"[[[49, 35], [468, 35], [468, 192], [49, 192]]]","[""pioppi diet""]"
Carbs & Cals Carb & Calorie Counter,Chris Cheyette,dataset\adjusted_dataset\Medical\0000262.jpg,"[[[17, 48], [496, 48], [496, 152], [17, 152]]]","[""carb & calorie counter""]"
The Language of Kindness,Christie Watson,dataset\adjusted_dataset\Medical\0000263.jpg,"[[[45, 171], [469, 171], [469, 271], [45, 271]]]","[""languagf of kindness""]"
Seeing Voices,Oliver Sacks,dataset\adjusted_dataset\Medical\0000264.jpg,"[[[7, 285], [507, 285], [507, 431], [7, 431]]]","[""oliver sacks seeing vcices""]"
Exploring Feelings,Tony Attwood,dataset\adjusted_dataset\Medical\0000265.jpg,"[[[19, 13], [493, 13], [493, 103], [19, 103]]]","[""exploring feelings lagnra kelctin g hemp} in \""on qe #ir""]"
The Stress Solution,Dr Rangan Chatterjee,dataset\adjusted_dataset\Medical\0000266.jpg,"[[[203, 59], [467, 59], [467, 461], [203, 461]]]","[""the stress solution the 4 steps toreset nodi jind \""eationship dufpose""]"
The Healing Code,Alexander Loyd,dataset\adjusted_dataset\Medical\0000267.jpg,"[[[36, 174], [478, 174], [478, 310], [36, 310]]]","[""healing code""]"
In Defense of Food,Michael Pollan,dataset\adjusted_dataset\Medical\0000268.jpg,"[[[0, 23], [512, 23], [512, 152], [0, 152]]]","[""in cefense 0f food 4 e rt! k ma~*e <t2""]"
Bad Pharma,Ben Goldacre,dataset\adjusted_dataset\Medical\0000269.jpg,[],[]
"First Aid for the USMLE Step 1 2019, Twenty-ninth edition",Tao Le,dataset\adjusted_dataset\Medical\0000270.jpg,"[[[17, 9], [497, 9], [497, 389], [17, 389]]]","[""first aidfee usmle step 2019 4nudlal jo-etlolt goidl iata etdere eta ealla""]"
The Vaccine-Friendly Plan,Thomas Paul,dataset\adjusted_dataset\Medical\0000271.jpg,[],[]
Bartram's Encyclopedia of Herbal Medicine,Thomas Bartram,dataset\adjusted_dataset\Medical\0000272.jpg,"[[[20, 33], [481, 33], [481, 347], [20, 347]]]","[""bartram's enciclopedia of herbal medicine""]"
Stop the Thyroid Madness,Janie A Bowthorpe,dataset\adjusted_dataset\Medical\0000273.jpg,"[[[61, 13], [443, 13], [443, 273], [61, 273]]]","[""stop the th4roid maoness arutart murculicn 4oulnn darrdnn ullaner lammlnruirki""]"
The Postnatal Depletion Cure,Dr Oscar Serrallach,dataset\adjusted_dataset\Medical\0000274.jpg,"[[[136, 90], [404, 90], [404, 298], [136, 298]]]","[""fosinatal depletion cure f""]"
Essential Reiki,Diane Stein,dataset\adjusted_dataset\Medical\0000275.jpg,"[[[99, 209], [497, 209], [497, 386], [99, 386]]]","[""essential rekz; inet hetu~n h""]"
Existential Psychotherapy,Irvin D. Yalom,dataset\adjusted_dataset\Medical\0000276.jpg,"[[[26, -25], [525, -25], [525, 537], [26, 537]]]","[""psychot herapy existential irvin dyalom""]"
An Introduction to Cognitive Behaviour Therapy,Helen Kennerley,dataset\adjusted_dataset\Medical\0000277.jpg,"[[[17, 130], [418, 130], [418, 269], [17, 269]]]","[""cognitive behaviour therapy""]"
Secret of Childhood,Maria Montessori,dataset\adjusted_dataset\Medical\0000278.jpg,"[[[38, 316], [499, 316], [499, 393], [38, 393]]]","[""mari montessori the secret qf chidhodd""]"
The Doctor's Kitchen: Supercharge your health with 100 delicious everyday recipes,Rupy Aujla,dataset\adjusted_dataset\Medical\0000279.jpg,[],[]
The Thriving Adolescent,Louise Hayes,dataset\adjusted_dataset\Medical\0000280.jpg,"[[[62, 24], [485, 24], [485, 116], [62, 116]]]","[""the thriving adolescent""]"
What to Do When Bad Habits Take Hold,Dawn Huebner,dataset\adjusted_dataset\Medical\0000281.jpg,"[[[122, 72], [497, 72], [497, 171], [122, 171]]]","[""bad habits takr hotd rcjr""]"
Birthing from within,Pam England,dataset\adjusted_dataset\Medical\0000282.jpg,"[[[12, 50], [488, 50], [488, 190], [12, 190]]]","[""brthing from within""]"
Miracle Ball Method,Elaine Petrone,dataset\adjusted_dataset\Medical\0000283.jpg,"[[[124, 140], [480, 140], [480, 386], [124, 386]]]","[""the miraale ball metliod""]"
Wreck This Journal (Red),Keri Smith,dataset\adjusted_dataset\Medical\0000284.jpg,"[[[131, 125], [371, 125], [371, 285], [131, 285]]]","[""wreck this journal""]"
"Essentials of Human Anatomy & Physiology, Global Edition",Elaine N. Marieb,dataset\adjusted_dataset\Medical\0000285.jpg,"[[[27, 37], [339, 37], [339, 147], [27, 147]]]","[""essentials of human anatomy 8 physiology""]"
With the End in Mind,Kathryn Mannix,dataset\adjusted_dataset\Medical\0000286.jpg,"[[[36, 27], [467, 27], [467, 482], [36, 482]]]","[""with dvidcih the 3n 1icom end i 1 \"" lye\"" \""jeuiml in mind""]"
Balanced and Barefoot,Angela J. Hanscom,dataset\adjusted_dataset\Medical\0000287.jpg,"[[[68, 264], [442, 264], [442, 460], [68, 460]]]","[""balanced and barefuot""]"
Dissolving Illusions,Roman Bystrianyk,dataset\adjusted_dataset\Medical\0000288.jpg,"[[[27, 22], [488, 22], [488, 193], [27, 193]]]","[""dissolving tlusions""]"
Lewis's Medical-Surgical Nursing,Diane Brown,dataset\adjusted_dataset\Medical\0000289.jpg,"[[[30, 194], [480, 194], [480, 347], [30, 347]]]","[""leivis\""s medical_surgical nursing bemmor monnonenc l uul""]"
Gut,Giulia Enders,dataset\adjusted_dataset\Medical\0000290.jpg,[],[]
The Longevity Paradox,Steven R. Gundry,dataset\adjusted_dataset\Medical\0000291.jpg,"[[[95, 37], [490, 37], [490, 143], [95, 143]]]","[""longevity paradox""]"
The Eczema Diet,Karen Fischer,dataset\adjusted_dataset\Medical\0000292.jpg,"[[[11, 279], [488, 279], [488, 496], [11, 496]]]","[""th eczema diet kren hlcle""]"
Healing Developmental Trauma,Laurence Heller,dataset\adjusted_dataset\Medical\0000293.jpg,"[[[29, 29], [400, 29], [400, 162], [29, 162]]]","[""healing developmental 'trallm:l""]"
Contented Dementia,Oliver James,dataset\adjusted_dataset\Medical\0000294.jpg,"[[[17, 244], [494, 244], [494, 473], [17, 473]]]","[""the sunduy tiete @eaeellet contented dementia halaiamt \""jutal t\""""]"
DBT (R) Skills Manual for Adolescents,Jill H. Rathus,dataset\adjusted_dataset\Medical\0000295.jpg,"[[[42, 46], [472, 46], [472, 192], [42, 192]]]","[""dht gkills manual adolbsents""]"
Starving the Anxiety Gremlin for Children Aged 5-9,Kate Collins-Donnelly,dataset\adjusted_dataset\Medical\0000296.jpg,"[[[21, 28], [467, 28], [467, 250], [21, 250]]]","[""starving the azdit b4rnl5y anxiety aixo ktttaytt gremlin n""]"
The Mind-Gut Connection,Emeran Mayer,dataset\adjusted_dataset\Medical\0000297.jpg,"[[[0, 28], [512, 28], [512, 139], [0, 139]]]","[""mind-gul connectton""]"
Allen Carr's Easy Way for Women to Stop Smoking,Allen Carr,dataset\adjusted_dataset\Medical\0000298.jpg,"[[[19, 42], [491, 42], [491, 471], [19, 471]]]","[""ovar 11 xion ecoks sold allen carr easy wy for women to stop smokig wnhout gainikg weight #ud""]"
Dibs in Search of Self,Virginia M. Axline,dataset\adjusted_dataset\Medical\0000299.jpg,"[[[110, 0], [407, 0], [407, 171], [110, 171]]]","[""dibs msenrch f self""]"
Discovery of the Child,Maria Montessori,dataset\adjusted_dataset\Medical\0000300.jpg,"[[[47, 415], [451, 415], [451, 476], [47, 476]]]","[""marianontessori thedicoveryorutchik""]"
"Clinical Handbook of Psychological Disorders, Fifth Edition",David H. Barlow,dataset\adjusted_dataset\Medical\0000301.jpg,"[[[27, 125], [464, 125], [464, 364], [27, 364]]]","[""clinical handbook of psychological disorders 4 bloput nop trcutinenttnuni""]"
Why Love Matters,Sue Gerhardt,dataset\adjusted_dataset\Medical\0000302.jpg,"[[[47, 206], [494, 206], [494, 487], [47, 487]]]","[""why love matters 8e bhapan tbaby8ca""]"
All That Remains,Professor Sue Black,dataset\adjusted_dataset\Medical\0000303.jpg,"[[[112, 246], [398, 246], [398, 298], [112, 298]]]","[""remains""]"
The Omnivore's Dilemma,Michael Pollan,dataset\adjusted_dataset\Medical\0000304.jpg,"[[[41, 75], [463, 75], [463, 209], [41, 209]]]","[""omnivore 5 dilemma fcun""]"
The Low-Fodmap Diet Cookbook,Sue Shepherd,dataset\adjusted_dataset\Medical\0000305.jpg,[],[]
In Defence of Food,Michael Pollan,dataset\adjusted_dataset\Medical\0000306.jpg,"[[[0, 13], [491, 13], [491, 207], [0, 207]]]","[""micaael pollan sh odefrce cf jood""]"
Beyond the Pill,Jolene Brighten,dataset\adjusted_dataset\Medical\0000307.jpg,"[[[25, 407], [195, 407], [195, 423], [25, 423]]]","[""bnncontaeu""]"
Gray's Anatomy for Students,Richard Drake,dataset\adjusted_dataset\Medical\0000308.jpg,"[[[11, 70], [497, 70], [497, 385], [11, 385]]]","[""anatomy formiudfnts itmerit 3""]"
"Treatment Plans and Interventions for Depression and Anxiety Disorders, 2e",Robert L. Leahy,dataset\adjusted_dataset\Medical\0000309.jpg,"[[[79, 62], [435, 62], [435, 272], [79, 272]]]","[""treatment plans and interventions for depression and anxiely disorders 40c v # v 2@ /0i0""]"
"Essential Examination, third edition",Alasdair K. B. Ruthven,dataset\adjusted_dataset\Medical\0000310.jpg,"[[[59, 146], [464, 146], [464, 362], [59, 362]]]","[""jr ldivicr essential examination iuddelrk b. aubiven""]"
Mess,Keri Smith,dataset\adjusted_dataset\Medical\0000311.jpg,"[[[176, 81], [396, 81], [396, 158], [176, 158]]]","[""mess e""]"
How to Be a Superhero Called Self-Control!,Lauren Brukner,dataset\adjusted_dataset\Medical\0000312.jpg,"[[[21, 62], [494, 62], [494, 156], [21, 156]]]","[""how to be 4 superhero""]"
Clinical Cases for General Practice Exams,Susan Wearne,dataset\adjusted_dataset\Medical\0000313.jpg,"[[[108, 86], [466, 86], [466, 138], [108, 138]]]","[""ciinic!(asester general natmabamg 3e""]"
The FastDiet Cookbook,Mimi Spencer,dataset\adjusted_dataset\Medical\0000314.jpg,"[[[35, 351], [499, 351], [499, 501], [35, 501]]]","[""fastdiet cookbook irtfuerin""]"
All Creatures Great and Small,James Herriot,dataset\adjusted_dataset\Medical\0000315.jpg,"[[[26, 308], [490, 308], [490, 460], [26, 460]]]","[""herriot aj creatures greot 401d smul""]"
The Wise Heart,Jack Kornfield,dataset\adjusted_dataset\Medical\0000316.jpg,"[[[54, 30], [469, 30], [469, 217], [54, 217]]]","[""wise 7oe heart evi n lni drait 9k 7,""]"
An Early Start for Your Child with Autism,Sally J. Rogers,dataset\adjusted_dataset\Medical\0000317.jpg,"[[[51, 90], [461, 90], [461, 491], [51, 491]]]","[""early start for your child lrtn autism lsmg ecrncav litulet hjtoon ctetct 3clda sllty heaey pnd ocraldinc dwicokhb haltat fluneta ffh""]"
The Polyvagal Theory,Stephen W. Porges,dataset\adjusted_dataset\Medical\0000318.jpg,"[[[88, 39], [455, 39], [455, 106], [88, 106]]]","[""the poltvagal theoay""]"
Trauma And Memory,Peter A. Levine,dataset\adjusted_dataset\Medical\0000319.jpg,"[[[37, 66], [476, 66], [476, 280], [37, 280]]]","[""trauma cau memory wroinindeddyin 4ieaachfor the ltngrast""]"
Neurological Rehabilitation,Janet H. Carr,dataset\adjusted_dataset\Medical\0000320.jpg,"[[[159, 145], [471, 145], [471, 241], [159, 241]]]","[""neurological rebabilltation mmc rrinrm""]"
Eat Right for Your Type Comple,Peter D'Adamo,dataset\adjusted_dataset\Medical\0000321.jpg,"[[[55, 46], [455, 46], [455, 369], [55, 369]]]","[""eat right far your type complete blord type encydopedia""]"
Neurocomic,Matteo Farinella,dataset\adjusted_dataset\Medical\0000322.jpg,"[[[92, 86], [426, 86], [426, 118], [92, 118]]]","[""neurucomic""]"
The Spark in the Machine,Dr Daniel Keown,dataset\adjusted_dataset\Medical\0000323.jpg,"[[[56, 284], [465, 284], [465, 466], [56, 466]]]","[""t72 spark in #e machine ha# and  upidn daeddcntxtvna hea""]"
The Maudsley Prescribing Guidelines in Psychiatry,David M. Taylor,dataset\adjusted_dataset\Medical\0000324.jpg,"[[[67, 31], [439, 31], [439, 290], [67, 290]]]","[""the maudsley prescribing guidelines in psychiatry thiciton""]"
The New Optimum Nutrition Bible,Patrick Holford,dataset\adjusted_dataset\Medical\0000325.jpg,"[[[35, 51], [481, 51], [481, 168], [35, 168]]]","[""optimum nutrition b]ble""]"
Momma And The Meaning Of Life,Irvin D. Yalom,dataset\adjusted_dataset\Medical\0000326.jpg,"[[[36, 204], [477, 204], [477, 311], [36, 311]]]","[""mnmma tnn meaning u lile: tan 01 ptrtap)""]"
Body by Science,John R. Little,dataset\adjusted_dataset\Medical\0000327.jpg,"[[[108, 2], [405, 2], [405, 126], [108, 126]]]","[""body bl""]"
The Intuitive Eating Workbook,Evelyn Tribole,dataset\adjusted_dataset\Medical\0000328.jpg,"[[[53, 75], [457, 75], [457, 231], [53, 231]]]","[""intuitive eating workbook""]"
Trim Healthy Mama,Pearl P Barrett,dataset\adjusted_dataset\Medical\0000329.jpg,"[[[0, 0], [491, 0], [491, 149], [0, 149]]]","[""trim healthy mvarr""]"
The Butchering Art,Lindsey Fitzharris,dataset\adjusted_dataset\Medical\0000330.jpg,"[[[0, 0], [512, 0], [512, 243], [0, 243]]]","[""bhechereng art""]"
The Pocket Guide to The Polyvagal Theory,Stephen Porges,dataset\adjusted_dataset\Medical\0000331.jpg,"[[[83, 122], [464, 122], [464, 294], [83, 294]]]","[""tae pocket guide to the poltvagal theory ihe tronstormorive fowyero fceling sofe""]"
The Happiness Hypothesis,Jonathan Haidt,dataset\adjusted_dataset\Medical\0000332.jpg,"[[[43, 262], [472, 262], [472, 378], [43, 378]]]","[""ttt happiness hypothesis""]"
How to Be Human,Ruby Wax,dataset\adjusted_dataset\Medical\0000333.jpg,"[[[12, 19], [501, 19], [501, 290], [12, 290]]]","[""ruby wax hnha m jili 44 howto c be human""]"
Womancode,Alisa Vitti,dataset\adjusted_dataset\Medical\0000334.jpg,[],[]
What Doesn't Kill Us,Scott Carney,dataset\adjusted_dataset\Medical\0000335.jpg,"[[[84, 270], [431, 270], [431, 414], [84, 414]]]","[""what doesn't kill us""]"
Starving the Anxiety Gremlin,Kate Collins-Donnelly,dataset\adjusted_dataset\Medical\0000336.jpg,"[[[42, 26], [461, 26], [461, 227], [42, 227]]]","[""starving the anxiety gremlin loct""]"
Smart but Scattered Teens,Richard Guare,dataset\adjusted_dataset\Medical\0000337.jpg,[],[]
Twas The Nightshift Before Christmas,Adam Kay,dataset\adjusted_dataset\Medical\0000338.jpg,"[[[4, 213], [509, 213], [509, 405], [4, 405]]]","[""nightsh befop christmas""]"
Becoming Myself,Irvin D. Yalom,dataset\adjusted_dataset\Medical\0000339.jpg,"[[[38, 136], [466, 136], [466, 190], [38, 190]]]","[""my self""]"
True Refuge,Tara Brach,dataset\adjusted_dataset\Medical\0000340.jpg,[],[]
A Brief History of Medicine,Paul Strathern,dataset\adjusted_dataset\Medical\0000341.jpg,[],[]
The Mind's Eye,Oliver Sacks,dataset\adjusted_dataset\Medical\0000342.jpg,[],[]
Introduction to Veterinary Anatomy and Physiology Textbook,Victoria Aspinall,dataset\adjusted_dataset\Medical\0000343.jpg,"[[[21, 81], [491, 81], [491, 171], [21, 171]]]","[""inroducmon veterinary anatomy physiclcgy textboor""]"
"The Autism Discussion Page on anxiety, behavior, school, and parenting strategies",Bill Nason,dataset\adjusted_dataset\Medical\0000344.jpg,"[[[42, 295], [420, 295], [420, 348], [42, 348]]]","[""dn aniiett, dciavicr scxdol, andfafntinc sattegies""]"
Unthinkable,Helen Thomson,dataset\adjusted_dataset\Medical\0000345.jpg,[],[]
Trauma and the Body,Pat Ogden,dataset\adjusted_dataset\Medical\0000346.jpg,"[[[28, 137], [487, 137], [487, 269], [28, 269]]]","[""trauma and tke body dmanaprrua""]"
Brain On Fire: My Month of Madness,Susannah Cahalan,dataset\adjusted_dataset\Medical\0000347.jpg,[],[]
Overcoming Depression 3rd Edition,Prof Paul Gilbert,dataset\adjusted_dataset\Medical\0000348.jpg,"[[[11, 71], [503, 71], [503, 317], [11, 317]]]","[""overcoming depression tmtt dllemzr""]"
The How Not to Die Cookbook,Michael Greger,dataset\adjusted_dataset\Medical\0000349.jpg,"[[[153, 248], [439, 248], [439, 417], [153, 417]]]","[""die cook rook w\""mkerfr#\""""]"
Becoming Attached,Robert Karen,dataset\adjusted_dataset\Medical\0000350.jpg,"[[[14, 283], [509, 283], [509, 358], [14, 358]]]","[""b e ( 0 m | n g attic a e lj""]"
"Ganong's Review of Medical Physiology, Twenty-Fifth Edition",Kim E. Barrett,dataset\adjusted_dataset\Medical\0000351.jpg,"[[[27, 25], [333, 25], [333, 203], [27, 203]]]","[""ganong'5 review of medical physiology""]"
A Therapeutic Treasure Box for Working with Children and Adolescents with Developmental Trauma,Karen Treisman,dataset\adjusted_dataset\Medical\0000352.jpg,"[[[50, 121], [483, 121], [483, 344], [50, 344]]]","[""treasure box lutten dlttn &d idelententi gul developmental trauid fahrtut ktust tu atluitink""]"
The Alphabet of the Human Heart,Matthew Johnstone,dataset\adjusted_dataset\Medical\0000353.jpg,"[[[71, 37], [438, 37], [438, 86], [71, 86]]]","[""'ilfhabet himah hfart""]"
Overcoming Trauma Through Yoga,David Emerson,dataset\adjusted_dataset\Medical\0000354.jpg,"[[[62, 225], [446, 225], [446, 268], [62, 268]]]","[""reeidiming tour dudy""]"
Windows to Our Children,Violet Oaklander,dataset\adjusted_dataset\Medical\0000355.jpg,[],[]
Social Work Practice in Mental Health,Robert Bland,dataset\adjusted_dataset\Medical\0000356.jpg,"[[[176, 215], [480, 215], [480, 407], [176, 407]]]","[""social work practice in mental health icaugti""]"
Understanding Pathophysiology Anz 3e,Judy Craft,dataset\adjusted_dataset\Medical\0000357.jpg,"[[[79, 308], [493, 308], [493, 371], [79, 371]]]","[""undersanding pathophysiology""]"
The Upward Spiral,Alex Korb,dataset\adjusted_dataset\Medical\0000358.jpg,"[[[60, 448], [456, 448], [456, 505], [60, 505]]]","[""tlex kork fad vju sigr m""]"
The Worry Trick,David A. Carbonell,dataset\adjusted_dataset\Medical\0000359.jpg,"[[[19, 170], [495, 170], [495, 251], [19, 251]]]","[""wdrry trick""]"
The Man Who Mistook His Wife for a Hat and Other Clinical Tales,Oliver W Sacks,dataset\adjusted_dataset\Medical\0000360.jpg,"[[[13, 211], [489, 211], [489, 454], [13, 454]]]","[""mistook his wife tor hat 104 07aef cucicitise""]"
Yoga Therapy,A.G. Mohan,dataset\adjusted_dataset\Medical\0000361.jpg,"[[[43, 49], [472, 49], [472, 122], [43, 122]]]","[""yoga therapy""]"
My Voice Will Go with You,Sidney Rosen,dataset\adjusted_dataset\Medical\0000362.jpg,"[[[37, 34], [495, 34], [495, 317], [37, 317]]]","[""my voice will go with you the teacking tas opnilton *erickson""]"
Why Isn't My Brain Working?,Datis Kharrazian,dataset\adjusted_dataset\Medical\0000363.jpg,"[[[52, 10], [464, 10], [464, 162], [52, 162]]]","[""why isnt my brain working?""]"
It Hurts When I Poop!,Howard J. Bennett,dataset\adjusted_dataset\Medical\0000364.jpg,[],[]
Miller's Review of Critical Vaccine Studies,Neil Z. Miller,dataset\adjusted_dataset\Medical\0000365.jpg,"[[[8, 8], [482, 8], [482, 385], [8, 385]]]","[""miller $ review critical 40o utoron ntl fia ropcl vaccine enuoncd ioi paret end studies fotrorcher neil 7 kem ket coniofcnttd""]"
Active Birth,Janet Balaskas,dataset\adjusted_dataset\Medical\0000366.jpg,[],[]
The Reconnection,Eric Pearl,dataset\adjusted_dataset\Medical\0000367.jpg,[],[]
Self-Esteem Workbook for Teens,Lisa M. Schab,dataset\adjusted_dataset\Medical\0000368.jpg,"[[[15, 39], [501, 39], [501, 373], [15, 373]]]","[""selt esteem warkbook tor teens 0cxab1o mepib coniklencaenri aayitprb mion *mt wutan acc4p 4d fa wave""]"
The Aware Baby,Ph.D  Aletha J. Solter,dataset\adjusted_dataset\Medical\0000369.jpg,"[[[9, 382], [230, 382], [230, 508], [9, 508]]]","[""the aware baby""]"
Play Therapy,Virginia M. Axline,dataset\adjusted_dataset\Medical\0000370.jpg,"[[[0, 0], [512, 0], [512, 204], [0, 204]]]","[""virginia maxline cns kirereset 7t play therapy""]"
The Longevity Diet,Valter Longo,dataset\adjusted_dataset\Medical\0000371.jpg,"[[[116, 244], [398, 244], [398, 337], [116, 337]]]","[""longevity diet""]"
An Introduction to the Lightning Process (R),Phil Parker,dataset\adjusted_dataset\Medical\0000372.jpg,"[[[105, 320], [491, 320], [491, 497], [105, 497]]]","[""jn introductidn tomhe lightning process miedasts7ec6todemd""]"
Baby-Led Weaning,Gill Rapley,dataset\adjusted_dataset\Medical\0000373.jpg,[],[]
The Brain That Changes Itself,Norman Doidge,dataset\adjusted_dataset\Medical\0000374.jpg,"[[[36, 124], [366, 124], [366, 152], [36, 152]]]","[""tha bealin mat""]"
Guyton and Hall Textbook of Medical Physiology,John E. Hall,dataset\adjusted_dataset\Medical\0000375.jpg,"[[[43, 236], [487, 236], [487, 399], [43, 399]]]","[""guyton and hall teec dk df medical physiology thrieenthednicn""]"
Stahl's Essential Psychopharmacology,Stephen M. Stahl,dataset\adjusted_dataset\Medical\0000376.jpg,"[[[53, 113], [474, 113], [474, 183], [53, 183]]]","[""psychopharmacology tslrit e ljunuruex""]"
Love's Executioner,Irvin D. Yalom,dataset\adjusted_dataset\Medical\0000377.jpg,"[[[46, 148], [472, 148], [472, 196], [46, 196]]]","[""executioner""]"
Concise Rules of APA Style,American Psychological Association,dataset\adjusted_dataset\Medical\0000378.jpg,"[[[27, 283], [507, 283], [507, 369], [27, 369]]]","[""apa style""]"
Veterinary Anatomy Coloring Book,Baljit Singh,dataset\adjusted_dataset\Medical\0000379.jpg,"[[[79, 74], [417, 74], [417, 155], [79, 155]]]","[""yeterinary anatomy coloring book sefjndediton""]"
Anatomy Of An Epidemic,Robert Whitaker,dataset\adjusted_dataset\Medical\0000380.jpg,"[[[19, 79], [491, 79], [491, 159], [19, 159]]]","[""anatomy ofan epidemic""]"
Human Anatomy,Margaret Matt,dataset\adjusted_dataset\Medical\0000381.jpg,"[[[37, 42], [474, 42], [474, 121], [37, 121]]]","[""humananatomy cclrlng book""]"
The Story of the Human Body,Daniel Lieberman,dataset\adjusted_dataset\Medical\0000382.jpg,"[[[103, 293], [407, 293], [407, 376], [103, 376]]]","[""hu man bodx""]"
Ketotarian,Will Cole,dataset\adjusted_dataset\Medical\0000383.jpg,"[[[59, 75], [445, 75], [445, 168], [59, 168]]]","[""keto-tarian iimdan anne gcte eant""]"
Neuroanatomy through Clinical Cases,Hal Blumenfeld,dataset\adjusted_dataset\Medical\0000384.jpg,"[[[54, 46], [457, 46], [457, 179], [54, 179]]]","[""neuroanatomy trongk clinical cases""]"
Into the Magic Shop,Director James R Doty,dataset\adjusted_dataset\Medical\0000385.jpg,"[[[135, 176], [379, 176], [379, 224], [135, 224]]]","[""irto the naoic shcf""]"
"Taking Charge of ADHD, Third Edition",Russell A. Barkley,dataset\adjusted_dataset\Medical\0000386.jpg,"[[[56, 90], [454, 90], [454, 336], [56, 336]]]","[""tking charqe adhd the  ampletle ihtbiauth j ejujs""]"
How Doctors Think,Jerome E. Groopman,dataset\adjusted_dataset\Medical\0000387.jpg,"[[[40, 58], [454, 58], [454, 332], [40, 332]]]","[""tf* torr miafs rfstsfiife how doctors think""]"
Pregnancy For Men (Revised Edition),Mark Woods,dataset\adjusted_dataset\Medical\0000388.jpg,"[[[12, 42], [493, 42], [493, 214], [12, 214]]]","[""pregnancy men the wholzo months""]"
Nursing Calculations,Nicole Phillips,dataset\adjusted_dataset\Medical\0000389.jpg,"[[[40, 97], [472, 97], [472, 247], [40, 247]]]","[""nursing calculations j0 gattard naphje feuia""]"
Loving Someone with Borderline Personality Disorder,Shari Y. Manning,dataset\adjusted_dataset\Medical\0000390.jpg,"[[[51, 88], [479, 88], [479, 333], [51, 333]]]","[""lovirg sonaeone wvith borderline personality disorder""]"
"Herbal Antibiotics, 2nd Edition",Stephen Harrod Buhner,dataset\adjusted_dataset\Medical\0000391.jpg,"[[[53, 5], [497, 5], [497, 310], [53, 310]]]","[""herbal antiblotics natural aiternatives fip17 4196 jru6-reysj] bici kia""]"
Undo It!,Dean Ornish MD,dataset\adjusted_dataset\Medical\0000392.jpg,[],[]
Last's Anatomy,Chummy S. Sinnatamby,dataset\adjusted_dataset\Medical\0000393.jpg,"[[[21, 95], [469, 95], [469, 139], [21, 139]]]","[""last'$ anatoat""]"
Exploring Feelings,Tony Attwood,dataset\adjusted_dataset\Medical\0000394.jpg,"[[[17, 11], [499, 11], [499, 101], [17, 101]]]","[""exploring feelings log thvz belzij: teipy tu iainny: aniger""]"
Between Heaven and Earth,Harriet Beinfield,dataset\adjusted_dataset\Medical\0000395.jpg,"[[[121, 53], [384, 53], [384, 197], [121, 197]]]","[""beiween heareh and earth""]"
It's All in Your Head,Dr. Suzanne O'Sullivan,dataset\adjusted_dataset\Medical\0000396.jpg,"[[[0, 25], [485, 25], [485, 510], [0, 510]]]","[""it's tt wnanf all in youp head mtjniirrm e7rdr om+jcwina lonne &r""]"
Anti-Oedipus,Professor Gilles Deleuze,dataset\adjusted_dataset\Medical\0000397.jpg,[],[]
The Circle of Security Intervention,Bert Powell,dataset\adjusted_dataset\Medical\0000398.jpg,"[[[20, 78], [497, 78], [497, 303], [20, 303]]]","[""circle of security intervention enhunera nharhwnin eli  poreni chlld tintulinnatarr""]"
Stealing Fire,Steven Kotler,dataset\adjusted_dataset\Medical\0000399.jpg,"[[[55, 111], [453, 111], [453, 199], [55, 199]]]","[""steactng fire""]"
Drugs in Anaesthesia and Intensive Care,Edward Scarth,dataset\adjusted_dataset\Medical\0000400.jpg,"[[[9, 9], [496, 9], [496, 178], [9, 178]]]","[""e7 3 drugs in anaesthesia and injtensiye care""]"
Hardwiring Happiness,Rick Hanson,dataset\adjusted_dataset\Medical\0000401.jpg,"[[[35, 90], [512, 90], [512, 156], [35, 156]]]","[""h ppiness""]"
Trauma-Proofing Your Kids,Maggie Kline,dataset\adjusted_dataset\Medical\0000402.jpg,"[[[78, 17], [432, 17], [432, 152], [78, 152]]]","[""trauma- proofing your kids""]"
Fat Chance,Robert Lustig,dataset\adjusted_dataset\Medical\0000403.jpg,[],[]
The Anxiety Journal,Corinne Sweet,dataset\adjusted_dataset\Medical\0000404.jpg,"[[[134, 139], [370, 139], [370, 267], [134, 267]]]","[""the anxie jovrna lan""]"
Oxford Handbook of Clinical Dentistry,David A. Mitchell,dataset\adjusted_dataset\Medical\0000405.jpg,"[[[36, 96], [454, 96], [454, 186], [36, 186]]]","[""dxoedheno\""opk*f clnicae dentistry""]"
The Checklist Manifesto,Atul Gawande,dataset\adjusted_dataset\Medical\0000406.jpg,"[[[18, 438], [495, 438], [495, 482], [18, 482]]]","[""atul c4mande""]"
Childhood Disrupted,Donna Jackson Nakazawa,dataset\adjusted_dataset\Medical\0000407.jpg,[],[]
Oxford Handbook of Emergency Medicine,Jonathan Wyatt,dataset\adjusted_dataset\Medical\0000408.jpg,"[[[36, 94], [466, 94], [466, 186], [36, 186]]]","[""oxnordhandeookof energenct medicine""]"
Asperger's Syndrome,Tony Attwood,dataset\adjusted_dataset\Medical\0000409.jpg,"[[[70, 46], [446, 46], [446, 269], [70, 269]]]","[""asperger's syndrome 4omfrivereuntobuk touu auumnu fnnnnd%""]"
Playing and Reality,D. W. Winnicott,dataset\adjusted_dataset\Medical\0000410.jpg,[],[]
8 Steps to a Pain-free Back,Esther Gokhale,dataset\adjusted_dataset\Medical\0000411.jpg,"[[[58, 61], [452, 61], [452, 307], [58, 307]]]","[""8 steps to a pain-free back""]"
Attachment Theory in Practice,Susan M. Johnson,dataset\adjusted_dataset\Medical\0000412.jpg,"[[[49, 38], [465, 38], [465, 253], [49, 253]]]","[""attachment the@ry in practice emcacnall feeue gdkatatn [efti milt mnnnidunt umd""]"
Grow Your Own Drugs,James Wong,dataset\adjusted_dataset\Medical\0000413.jpg,"[[[34, 289], [496, 289], [496, 430], [34, 430]]]","[""ghow your dwyn drugs""]"
Understanding Nutrition with Online Study Tools,Eleanor Whitney,dataset\adjusted_dataset\Medical\0000414.jpg,[],[]
Dare,Barry Mcdonagh,dataset\adjusted_dataset\Medical\0000415.jpg,"[[[0, 223], [460, 223], [460, 307], [0, 307]]]","[""dare""]"
Keep Calm and Colour Unicorns,,dataset\adjusted_dataset\Medical\0000416.jpg,"[[[119, 249], [398, 249], [398, 334], [119, 334]]]","[""colour unicorns""]"
Art as Therapy,Alain Botton,dataset\adjusted_dataset\Medical\0000417.jpg,[],[]
Trauma Through A Childs Eyes,Maggie Kline,dataset\adjusted_dataset\Medical\0000418.jpg,"[[[25, 22], [486, 22], [486, 117], [25, 117]]]","[""trauna through a childs eyes""]"
Psychiatric & Mental Health Nursing,Katie Evans,dataset\adjusted_dataset\Medical\0000419.jpg,"[[[58, 124], [340, 124], [340, 218], [58, 218]]]","[""psychiatricad hental health nursing""]"
Ready To Run,Kelly Starrett,dataset\adjusted_dataset\Medical\0000420.jpg,"[[[48, 163], [512, 163], [512, 286], [48, 286]]]","[""readytorun dr; kelly starretl""]"
Diagnostic and Statistical Manual of Mental Disorders (DSM-5 (R)),American Psychiatric Association,dataset\adjusted_dataset\Medical\0000421.jpg,"[[[22, 71], [492, 71], [492, 238], [22, 238]]]","[""diacnostic and staiisiic4 manuaof menial dsorcers eottoni dsm-5""]"
The Autism Discussion Page on the core challenges of autism,Bill Nason,dataset\adjusted_dataset\Medical\0000422.jpg,"[[[48, 294], [426, 294], [426, 356], [48, 356]]]","[""@n the core challenges df avtism""]"
Client Centred Therapy (New Ed),Carl Rogers,dataset\adjusted_dataset\Medical\0000423.jpg,"[[[39, 9], [468, 9], [468, 210], [39, 210]]]","[""client_ centered therapy""]"
Schema Therapy in Practice,Arnoud Arntz,dataset\adjusted_dataset\Medical\0000424.jpg,"[[[37, 295], [380, 295], [380, 440], [37, 440]]]","[""echema zherp n ptaccice""]"
Packing for Mars,Mary Roach,dataset\adjusted_dataset\Medical\0000425.jpg,"[[[77, 140], [485, 140], [485, 421], [77, 421]]]","[""gking mars ofetu# kkl""]"
Attachment-Focused Family Therapy Workbook,Daniel A. Hughes,dataset\adjusted_dataset\Medical\0000426.jpg,"[[[36, 25], [479, 25], [479, 193], [36, 193]]]","[""attachment- focused famtly tafrapy worka&0k""]"
Vibrational Medicine,Richard Gerber,dataset\adjusted_dataset\Medical\0000427.jpg,"[[[66, 141], [487, 141], [487, 273], [66, 273]]]","[""ibrational id medicine""]"
Alchemy of Herbs,Rosalee De La Foret,dataset\adjusted_dataset\Medical\0000428.jpg,"[[[151, 30], [354, 30], [354, 108], [151, 108]]]","[""alchemy of herrs""]"
"Eye Movement Desensitization and Reprocessing (EMDR) Therapy, Third Edition",Francine Shapiro,dataset\adjusted_dataset\Medical\0000429.jpg,"[[[0, 2], [490, 2], [490, 512], [0, 512]]]","[""e eye movement desensitization m and reprocessing (emdr) therapy t htad edit! bazic ftinciply piolutuk ed picoeuuies r francine shapiro""]"
Play Therapy,Garry L. Landreth,dataset\adjusted_dataset\Medical\0000430.jpg,"[[[29, 21], [466, 21], [466, 311], [29, 311]]]","[""pa therapy the art ofthe relationthip""]"
Jung: A Very Short Introduction,Anthony Stevens,dataset\adjusted_dataset\Medical\0000431.jpg,[],[]
Dr Podcast Scripts for the Primary FRCA,Rebecca A. Leslie,dataset\adjusted_dataset\Medical\0000432.jpg,"[[[58, 147], [464, 147], [464, 390], [58, 390]]]","[""dr podcast scripts for the primary frca onll acb3rj /z ledlic euiilt k-jllrcn aundrn i guadvin""]"
The Strength Training Anatomy Workout,Frederic Delavier,dataset\adjusted_dataset\Medical\0000433.jpg,"[[[0, 5], [507, 5], [507, 202], [0, 202]]]","[""ilie strength training amatomvt""]"
Clean Gut,Alejandro Junger,dataset\adjusted_dataset\Medical\0000434.jpg,"[[[12, 90], [503, 90], [503, 336], [12, 336]]]","[""clean gut nbak tr""]"
Cure Tooth Decay,Ramiel Nagel,dataset\adjusted_dataset\Medical\0000435.jpg,[],[]
Interview Guide for Evaluation of Dsm-V Disorders,Zimmerman,dataset\adjusted_dataset\Medical\0000436.jpg,"[[[50, 130], [478, 130], [478, 189], [50, 189]]]","[""inberey guldalc croluaricn 034-7 #tha diaoroer jidae konedi gn perininein""]"
The Hormone Reset Diet,Sara Gottfried,dataset\adjusted_dataset\Medical\0000437.jpg,"[[[17, 76], [294, 76], [294, 301], [17, 301]]]","[""hormone reset diet td #a#tnrn tjcc ?77 npnmntn-dt""]"
Trauma-Sensitive Mindfulness,David A. Treleaven,dataset\adjusted_dataset\Medical\0000438.jpg,"[[[30, 82], [482, 82], [482, 168], [30, 168]]]","[""ceiui sensitive flindfu lnets""]"
The Big Fat Activity Book for Pregnant People,Jordan Reid,dataset\adjusted_dataset\Medical\0000439.jpg,"[[[4, 2], [509, 2], [509, 161], [4, 161]]]","[""the big fat activity pook for pregnant people""]"
The American Indian Secrets of Crystal Healing,Luc Bourgault,dataset\adjusted_dataset\Medical\0000440.jpg,"[[[22, 80], [490, 80], [490, 128], [22, 128]]]","[""crystal healing""]"
Counseling with Choice Theory,William Glasser,dataset\adjusted_dataset\Medical\0000441.jpg,"[[[37, 323], [471, 323], [471, 361], [37, 361]]]","[""tthanes renlltitthotiopy""]"
Your Body Speaks Your Mind,Deb Shapiro,dataset\adjusted_dataset\Medical\0000442.jpg,"[[[0, 249], [512, 249], [512, 473], [0, 473]]]","[""your body sgraks your mi dadtastadxc hde jol tot jnd tuolonts oncie td4 ealii""]"
Engaging Autism,Stanley I. Greenspan,dataset\adjusted_dataset\Medical\0000443.jpg,"[[[51, 55], [462, 55], [462, 221], [51, 221]]]","[""engaging autism""]"
The Autoimmune Solution Cookbook,Amy Myers,dataset\adjusted_dataset\Medical\0000444.jpg,"[[[45, 59], [465, 59], [465, 247], [45, 247]]]","[""autoimmune solution cookbook tmamcin anarm""]"
The Myth of Mental Illness,Thomas S. Szasz,dataset\adjusted_dataset\Medical\0000445.jpg,"[[[42, 118], [466, 118], [466, 450], [42, 450]]]","[""the mttt of memtal illness foundations 0l a theory 0i personal conduci""]"
Pharmacology for Anaesthesia and Intensive Care,Tom E. Peck,dataset\adjusted_dataset\Medical\0000446.jpg,"[[[55, 28], [449, 28], [449, 181], [55, 181]]]","[""pharmacology for anaesthesia and intensive care ifech n40 hiz""]"
"Your Spine, Your Yoga",Bernie Clark,dataset\adjusted_dataset\Medical\0000447.jpg,"[[[123, 69], [393, 69], [393, 369], [123, 369]]]","[""youp spine kour ga (be rnie ci6ad""]"
The Complete Book Of Ayurvedic Home Remedies,Vasant Lad,dataset\adjusted_dataset\Medical\0000448.jpg,"[[[0, 0], [512, 0], [512, 232], [0, 232]]]","[""tre coaplet e boor 0f ayurvedic home remedies cjmpeehensite gujde i ihe ancleni healing 61 indla""]"
Spirit Catches You and You Fall Down,Anne Fadiman,dataset\adjusted_dataset\Medical\0000449.jpg,[],[]
Super Immunity,Joel Fuhrman,dataset\adjusted_dataset\Medical\0000450.jpg,"[[[17, 81], [491, 81], [491, 245], [17, 245]]]","[""super immunity dr7 uaee dei""]"
Schema Therapy,Jeffrey Young,dataset\adjusted_dataset\Medical\0000451.jpg,"[[[84, 223], [280, 223], [280, 313], [84, 313]]]","[""schena therapy""]"
T A Today,Ian Stewart,dataset\adjusted_dataset\Medical\0000452.jpg,[],[]
Oxford Handbook of General Practice,Chantal Simon,dataset\adjusted_dataset\Medical\0000453.jpg,"[[[26, 96], [457, 96], [457, 186], [26, 186]]]","[""clcnd kldjoo dn general practice""]"
The Fragrant Mind,Valerie Ann Worwood,dataset\adjusted_dataset\Medical\0000454.jpg,"[[[62, 60], [430, 60], [430, 145], [62, 145]]]","[""fraagrant mind""]"
The Body Remembers Casebook,Babette Rothschild,dataset\adjusted_dataset\Medical\0000455.jpg,[],[]
The Primal Wound: Understanding the Adopted Child,Nancy Verrier,dataset\adjusted_dataset\Medical\0000456.jpg,"[[[60, 34], [458, 34], [458, 210], [60, 210]]]","[""primal wound itri atci""]"
The Low-FODMAP Recipe Book,Lucy Whigham,dataset\adjusted_dataset\Medical\0000457.jpg,"[[[35, 224], [387, 224], [387, 477], [35, 477]]]","[""the low fodmap recipe book runyo tmdkt int cachk tplet bingr gut olcatin in lik""]"
Getting Unstuck in ACT,Russ Harris,dataset\adjusted_dataset\Medical\0000458.jpg,"[[[85, 74], [439, 74], [439, 303], [85, 303]]]","[""getting unstuckin act""]"
Eat Right for Blood Type O,Dr. Peter J. D'Adamo,dataset\adjusted_dataset\Medical\0000459.jpg,"[[[0, 56], [512, 56], [512, 268], [0, 268]]]","[""eat right f4f blood type 0""]"
The Amazing Liver and Gallbladder Flush,Andreas Moritz,dataset\adjusted_dataset\Medical\0000460.jpg,"[[[16, 13], [374, 13], [374, 108], [16, 108]]]","[""the amezing liver and gallbladder fflah""]"
Last'S Anatomy Revised 9e,McMinn,dataset\adjusted_dataset\Medical\0000461.jpg,"[[[48, 0], [456, 0], [456, 149], [48, 149]]]","[""lasts anatomy regionalandapplied""]"
A Colorful Introduction to the Anatomy of the Human Brain,John P. J. Pinel,dataset\adjusted_dataset\Medical\0000462.jpg,"[[[46, 14], [458, 14], [458, 111], [46, 111]]]","[""eolorfukinroaretuto; anaromy hunan brain""]"
Fat for Fuel Ketogenic Cookbook,Joseph Mercola,dataset\adjusted_dataset\Medical\0000463.jpg,"[[[65, 95], [211, 95], [211, 227], [65, 227]]]","[""fat fuel curknk""]"
Psychopath Free,Jackson Mackenzie,dataset\adjusted_dataset\Medical\0000464.jpg,[],[]
Handbook of Hypnotic Suggestions and Metaphors,D. Corydon Hammond,dataset\adjusted_dataset\Medical\0000465.jpg,"[[[112, 43], [465, 43], [465, 291], [112, 291]]]","[""tindiook cf hvnatic dseesens jd metaphhor""]"
Ross & Wilson Anatomy and Physiology in Health and Illness,Grant,dataset\adjusted_dataset\Medical\0000466.jpg,"[[[23, 302], [328, 302], [328, 432], [23, 432]]]","[""ross & wilson anatomianc physiclegy""]"
The Mind-Gut Connection,Emeran Mayer,dataset\adjusted_dataset\Medical\0000467.jpg,"[[[29, 10], [486, 10], [486, 123], [29, 123]]]","[""mind-gut connection""]"
Attachment in Psychotherapy,David J. Wallin,dataset\adjusted_dataset\Medical\0000468.jpg,"[[[8, 225], [500, 225], [500, 281], [8, 281]]]","[""alachment in psychotherapy""]"
The Maudsley Prescribing Guidelines in Psychiatry,David Taylor,dataset\adjusted_dataset\Medical\0000469.jpg,"[[[65, 26], [441, 26], [441, 287], [65, 287]]]","[""the maudsley prescribing guidelines in psychiatry ih eittiitn""]"
On the Move,Oliver Sacks,dataset\adjusted_dataset\Medical\0000470.jpg,"[[[38, 62], [470, 62], [470, 251], [38, 251]]]","[""sacks tn thee mttl itc""]"
The Handbook of Adult Clinical Psychology,Alan Carr,dataset\adjusted_dataset\Medical\0000471.jpg,"[[[219, 149], [487, 149], [487, 251], [219, 251]]]","[""tuhucbonr oi adult clinical psychology""]"
The Beauty Detox Foods,Kimberly Snyder,dataset\adjusted_dataset\Medical\0000472.jpg,"[[[144, 86], [378, 86], [378, 246], [144, 246]]]","[""beauty detox foods""]"
The Body Book,Cameron Diaz,dataset\adjusted_dataset\Medical\0000473.jpg,"[[[38, 220], [504, 220], [504, 337], [38, 337]]]","[""body book emeiux peiz""]"
The Yoga of Herbs,David Frawley,dataset\adjusted_dataset\Medical\0000474.jpg,"[[[108, 55], [409, 55], [409, 179], [108, 179]]]","[""txogaf herbs""]"
My Child Won't Eat,Carlos González,dataset\adjusted_dataset\Medical\0000475.jpg,"[[[32, 24], [495, 24], [495, 167], [32, 167]]]","[""my child wont eatl""]"
Cognitive Behavior Therapy and Eating Disorders,Christopher G. Fairburn,dataset\adjusted_dataset\Medical\0000476.jpg,"[[[121, 176], [450, 176], [450, 423], [121, 423]]]","[""cognitive behavior therapy and eating disorders""]"
The Hot Zone,Richard Preston,dataset\adjusted_dataset\Medical\0000477.jpg,[],[]
Attachment Play,Aletha Jauch Solter,dataset\adjusted_dataset\Medical\0000478.jpg,"[[[21, 354], [486, 354], [486, 436], [21, 436]]]","[""attachment play hor twbrtildems tiur problm: #id pi uuu r""]"
If You Meet Buddha-Kill Him,Sheldon Kopp,dataset\adjusted_dataset\Medical\0000479.jpg,"[[[31, 97], [512, 97], [512, 424], [31, 424]]]","[""if you meet the buddha on the road, kill himi the fllsrmage ci phnheepy fatenis""]"
Deep Nutrition,Catherine Shanahan,dataset\adjusted_dataset\Medical\0000480.jpg,"[[[162, 106], [358, 106], [358, 156], [162, 156]]]","[""deep""]"
Person-Centred Counselling in Action,Brian Thorne,dataset\adjusted_dataset\Medical\0000481.jpg,"[[[59, 54], [441, 54], [441, 104], [59, 104]]]","[""ceuinseling in aatlen""]"
Why We Sleep,Matthew Walker,dataset\adjusted_dataset\Medical\0000482.jpg,[],[]
How to Play the Piano,James Rhodes,dataset\adjusted_dataset\Medical\0000483.jpg,"[[[60, 92], [451, 92], [451, 170], [60, 170]]]","[""how to play the piano""]"
Essential Medical Statistics,Betty R. Kirkwood,dataset\adjusted_dataset\Medical\0000484.jpg,"[[[101, 70], [413, 70], [413, 143], [101, 143]]]","[""medical statistics""]"
Essential Oil Safety,Robert Tisserand,dataset\adjusted_dataset\Medical\0000485.jpg,"[[[94, 69], [414, 69], [414, 180], [94, 180]]]","[""essential oil safety""]"
Coping with Trauma-Related Dissociation,Suzette Boon,dataset\adjusted_dataset\Medical\0000486.jpg,"[[[73, 27], [476, 27], [476, 220], [73, 220]]]","[""coping with trauma-related dissociation skells training for paticnts ond therapista""]"
After the Affair,Janis Abrahms Spring,dataset\adjusted_dataset\Medical\0000487.jpg,[],[]
Clinically Oriented Anatomy,Keith L. Moore,dataset\adjusted_dataset\Medical\0000488.jpg,"[[[54, 73], [459, 73], [459, 303], [54, 303]]]","[""ioor cliienlted keatoumx""]"
How to Beat Worry and Generalised Anxiety Disorder One Step at a Time,Paul Farrand,dataset\adjusted_dataset\Medical\0000489.jpg,"[[[110, 20], [512, 20], [512, 475], [110, 475]]]","[""howv (0 beaf worry and generalised anxiety disorder on stet ututine us\""r 4 jen? has d iuw-jwtcnsic; ( rt aerheili\""inwonh m|u""]"
Medical School Interviews: a Practical Guide to Help You Get That Place at Medical School - Over 150 Questions Analysed. Includes Mini-multi Interviews,George Lee,dataset\adjusted_dataset\Medical\0000490.jpg,[],[]
The School of Life,The School of Life,dataset\adjusted_dataset\Medical\0000491.jpg,"[[[203, 203], [405, 203], [405, 299], [203, 299]]]","[""school df life hbieadl iocowe \""""]"
Comic Strip Conversations,Carol Gray,dataset\adjusted_dataset\Medical\0000492.jpg,"[[[51, 21], [497, 21], [497, 121], [51, 121]]]","[""ohir conversations""]"
The Touch Of Healing,Alice Burmeister,dataset\adjusted_dataset\Medical\0000493.jpg,"[[[8, 138], [506, 138], [506, 210], [8, 210]]]","[""of healing""]"
Do Not Open This Box: Keri Smith Deluxe Boxed Set,Keri Smith,dataset\adjusted_dataset\Medical\0000494.jpg,[],[]
Examination Medicine,Talley,dataset\adjusted_dataset\Medical\0000495.jpg,"[[[30, 169], [337, 169], [337, 243], [30, 243]]]","[""exominotion medicine""]"
The Thyroid Connection,Amy Myers,dataset\adjusted_dataset\Medical\0000496.jpg,"[[[51, 42], [474, 42], [474, 261], [51, 261]]]","[""the thyroid connection rut igueo0l mato @rein-faleiea -0d ooewcor jnd w0510 tn xed""]"
Textbook of Ayurveda,Vasant Lad,dataset\adjusted_dataset\Medical\0000497.jpg,[],[]
Slow Death by Rubber Duck,Rick Smith,dataset\adjusted_dataset\Medical\0000498.jpg,"[[[20, 48], [491, 48], [491, 137], [20, 137]]]","[""slow death ry rurbea ducr""]"
The No-Cry Nap Solution: Guaranteed Gentle Ways to Solve All Your Naptime Problems,Elizabeth Pantley,dataset\adjusted_dataset\Medical\0000499.jpg,[],[]
Reiki And The Seven Chakras,Richard Ellis,dataset\adjusted_dataset\Medical\0000500.jpg,"[[[19, 353], [417, 353], [417, 506], [19, 506]]]","[""reiki atid tle scven chakras yur essbiwa gutde""]"
CBT Toolbox for Children and Adolescents,Lisa Phifer,dataset\adjusted_dataset\Medical\0000501.jpg,"[[[140, 38], [376, 38], [376, 216], [140, 216]]]","[""cbt toolbox for children & adolescents""]"
Delavier's Stretching Anatomy,Frederic Delavier,dataset\adjusted_dataset\Medical\0000502.jpg,"[[[290, 414], [502, 414], [502, 473], [290, 473]]]","[""rederlc deljve #eclmincc7 clnianl""]"
Dynamic Alignment Through Imagery,Eric Franklin,dataset\adjusted_dataset\Medical\0000503.jpg,"[[[110, 25], [485, 25], [485, 303], [110, 303]]]","[""dynamc alignment through #agery 64\""mto] emntrjojd fdtnnedsa""]"
Anxiety and Panic,Harry Barry,dataset\adjusted_dataset\Medical\0000504.jpg,[],[]
Jarvis'S Physical Examination and Health Assessment Anz 2e,Forbes,dataset\adjusted_dataset\Medical\0000505.jpg,"[[[28, 75], [474, 75], [474, 171], [28, 171]]]","[""physicalexamination  health assessment 20""]"
The Nervous System Anatomical Chart,Anatomical Chart Company,dataset\adjusted_dataset\Medical\0000506.jpg,"[[[78, 7], [441, 7], [441, 32], [78, 32]]]","[""tie rervovs arbtem""]"
Bowls of Goodness: Vibrant Vegetarian Recipes Full of Nourishment,Nina Olsson,dataset\adjusted_dataset\Medical\0000507.jpg,"[[[79, 17], [438, 17], [438, 107], [79, 107]]]","[""bowls of goodness""]"
Principles of Physiology for the Anaesthetist,Peter Kam,dataset\adjusted_dataset\Medical\0000508.jpg,"[[[77, 17], [440, 17], [440, 178], [77, 178]]]","[""principles of physiology for the anaesthetist thipd tmtti?n""]"
"Eat Rich, Live Long",Ivor Cummins,dataset\adjusted_dataset\Medical\0000509.jpg,[],[]
Healing the Child Within,Charles L. Whitfield,dataset\adjusted_dataset\Medical\0000510.jpg,"[[[114, 55], [460, 55], [460, 266], [114, 266]]]","[""healing ni chil within""]"
Wreck This Journal (Duct Tape),Keri Smith,dataset\adjusted_dataset\Medical\0000511.jpg,"[[[132, 128], [371, 128], [371, 283], [132, 283]]]","[""wreck this journal""]"
The Complete Homeopathy Handbook,Miranda Castro,dataset\adjusted_dataset\Medical\0000512.jpg,"[[[103, 61], [409, 61], [409, 287], [103, 287]]]","[""tie complete hcmmkothy handbock wetc tnek #nbdn ran llaan l aujejntt iutn tnai""]"
The Food Medic for Life,Dr Hazel Wallace,dataset\adjusted_dataset\Medical\0000513.jpg,"[[[217, 97], [501, 97], [501, 247], [217, 247]]]","[""food medic for life""]"
Starving the Anger Gremlin for Children Aged 5-9,Kate Collins-Donnelly,dataset\adjusted_dataset\Medical\0000514.jpg,"[[[15, 23], [478, 23], [478, 247], [15, 247]]]","[""starving fhe erton #45 anger; 3n \"" gremlin pxoisx""]"
Social Skills Training,Ph D Jed E Baker,dataset\adjusted_dataset\Medical\0000515.jpg,"[[[37, 11], [418, 11], [418, 212], [37, 212]]]","[""social skills training""]"
Why We Sleep,Matthew Walker,dataset\adjusted_dataset\Medical\0000516.jpg,[],[]
The Pleasure Trap,Douglas J Lisle,dataset\adjusted_dataset\Medical\0000517.jpg,"[[[26, 14], [449, 14], [449, 188], [26, 188]]]","[""hc pleasure trad""]"
Compassion Focused Therapy,Prof Paul Gilbert,dataset\adjusted_dataset\Medical\0000518.jpg,"[[[84, 211], [396, 211], [396, 352], [84, 352]]]","[""eumpasslon focusad therpy""]"
"Mindfulness-Based Cognitive Therapy for Depression, Second Edition",Zindel V. Segal,dataset\adjusted_dataset\Medical\0000519.jpg,"[[[30, 242], [473, 242], [473, 496], [30, 496]]]","[""mindfulness-based cognicive therapy for deptession zindel u seval mark g. wiama jjohn 0 tcasuulc""]"
Illustrated Textbook of Paediatrics,Tom Lissauer,dataset\adjusted_dataset\Medical\0000520.jpg,"[[[72, 146], [496, 146], [496, 260], [72, 260]]]","[""ilustrated textbopk of paediatrics""]"
Radiant - Eat Your Way to Healthy Skin,Hanna Sillitoe,dataset\adjusted_dataset\Medical\0000521.jpg,[],[]
Migraine,Oliver Sacks,dataset\adjusted_dataset\Medical\0000522.jpg,"[[[12, 288], [506, 288], [506, 396], [12, 396]]]","[""oliven sacle migraine""]"
Three Birds Renovations,Bonnie Hindmarsh,dataset\adjusted_dataset\Medical\0000523.jpg,"[[[60, 18], [483, 18], [483, 132], [60, 132]]]","[""hvrebids r e hovation;""]"
Oxford Handbook of Clinical Medicine and Oxford Assess and Progress: Clinical Medicine Pack,Murray Longmore,dataset\adjusted_dataset\Medical\0000524.jpg,"[[[12, 83], [470, 83], [470, 220], [12, 220]]]","[""gxrecd axndezck cf clinical medicine oxrdaaxan; clinical mmedicine""]"
The Iodine Crisis,Lynne Farrow,dataset\adjusted_dataset\Medical\0000525.jpg,"[[[44, 33], [477, 33], [477, 155], [44, 155]]]","[""the todine crisis""]"
Coconut Cures,Bruce Fife,dataset\adjusted_dataset\Medical\0000526.jpg,[],[]
Taking Charge of Adult ADHD,Russell A. Barkley,dataset\adjusted_dataset\Medical\0000527.jpg,"[[[42, 33], [476, 33], [476, 403], [42, 403]]]","[""taking charge ofadult adhd @rtckcopct #hueytuuem jneded bi asi jeacl? jo ] alie hnt tu fro1] w4htl vext""]"
The Body Electric,Robert O. Becker,dataset\adjusted_dataset\Medical\0000528.jpg,"[[[15, 169], [494, 169], [494, 404], [15, 404]]]","[""body electric""]"
Messages From The Masters,Brian Weiss,dataset\adjusted_dataset\Medical\0000529.jpg,"[[[29, 63], [485, 63], [485, 143], [29, 143]]]","[""messages from the masters""]"
The Unofficial Guide to Passing OSCEs,Zeshan Qureshi,dataset\adjusted_dataset\Medical\0000530.jpg,[],[]
The Wahls Protocol,Terry Wahls,dataset\adjusted_dataset\Medical\0000531.jpg,"[[[64, 420], [448, 420], [448, 491], [64, 491]]]","[""dr terry wahls 347 4d er unti=""]"
Working Stiff,Judy Melinek,dataset\adjusted_dataset\Medical\0000532.jpg,[],[]
The Fast Metabolism Diet,Haylie Pomroy,dataset\adjusted_dataset\Medical\0000533.jpg,"[[[20, 4], [496, 4], [496, 501], [20, 501]]]","[""lose up to 20 lbs in 28 days the fast metabolism diet eltcr haylie pomroy""]"
Mindfulness for Life,Stephen McKenzie,dataset\adjusted_dataset\Medical\0000534.jpg,"[[[50, 56], [463, 56], [463, 202], [50, 202]]]","[""mindfulness for life txin 453 pendnnaer yollicon @n imomdtour lrr""]"
Medical Herbalism,David Hoffmann,dataset\adjusted_dataset\Medical\0000535.jpg,"[[[17, 0], [493, 0], [493, 212], [17, 212]]]","[""medical herbalism the sceence and practice cf herbal medcne""]"
Molecules of Emotion The Science Behind Mind Body Medicine,Candace Pert,dataset\adjusted_dataset\Medical\0000536.jpg,"[[[21, 133], [496, 133], [496, 401], [21, 401]]]","[""molecules emation tae agierce eatn d mtnd ddot t edtgtn e""]"
Concise Medical Dictionary,Elizabeth Martin,dataset\adjusted_dataset\Medical\0000537.jpg,"[[[95, 201], [418, 201], [418, 354], [95, 354]]]","[""concise medical dicttona ry""]"
Pocket Guide to Interpersonal Neurobiology,Daniel J. Siegel,dataset\adjusted_dataset\Medical\0000538.jpg,"[[[27, 87], [481, 87], [481, 173], [27, 173]]]","[""interpersonal neurobiology""]"
Helping Your Child with Extreme Picky Eating,Katja Rowell MD,dataset\adjusted_dataset\Medical\0000539.jpg,"[[[11, 179], [503, 179], [503, 501], [11, 501]]]","[""helping your child with extreme picky earing stn buinfi !anlt hr4 irnruninunrfan lallnttfinnl kuetalmn _ td eutt dicuncu ttix konlmj jenrtmtemtn r ihhemtar mdt""]"
Life Lessons from a Brain Surgeon,Rahul Jandial,dataset\adjusted_dataset\Medical\0000540.jpg,"[[[79, 183], [429, 183], [429, 323], [79, 323]]]","[""life lessons from a brain surgeon""]"
Your Inner Fish,Neil Shubin,dataset\adjusted_dataset\Medical\0000541.jpg,"[[[39, 79], [489, 79], [489, 241], [39, 241]]]","[""shubin tjur inner fish""]"
Learning Emotion-Focused Therapy,Robert Elliott,dataset\adjusted_dataset\Medical\0000542.jpg,"[[[23, 13], [475, 13], [475, 75], [23, 75]]]","[""learning""]"
The Immune System Recovery Plan,Dr Susan Blum,dataset\adjusted_dataset\Medical\0000543.jpg,"[[[27, 247], [485, 247], [485, 289], [27, 289]]]","[""recovery plan""]"
The Concise Human Body Book,DK,dataset\adjusted_dataset\Medical\0000544.jpg,"[[[35, 341], [491, 341], [491, 493], [35, 493]]]","[""human body book goyu""]"
Fresh Vegetable and Fruit Juices,Norman W. Walker,dataset\adjusted_dataset\Medical\0000545.jpg,[],[]
Ghost Boy,Martin Pistorius,dataset\adjusted_dataset\Medical\0000546.jpg,[],[]
Neurology Pocketcard Set,Sebastian Stuckrad-Barre,dataset\adjusted_dataset\Medical\0000547.jpg,,
"Bountiful, Beautiful, Blissful",Gurmukh Kaur Khalsa,dataset\adjusted_dataset\Medical\0000548.jpg,"[[[39, 0], [485, 0], [485, 111], [39, 111]]]","[""b o u ntt[ful bea4t[fh l blisseul""]"
Counselling Adolescents,Kathryn Geldard,dataset\adjusted_dataset\Medical\0000549.jpg,"[[[23, 80], [472, 80], [472, 169], [23, 169]]]","[""counselling adolesrents the atejitie tnaorch ltapk""]"
The Vital Psoas Muscle,Jo Ann Staugaard-Jones,dataset\adjusted_dataset\Medical\0000550.jpg,"[[[259, 123], [488, 123], [488, 368], [259, 368]]]","[""the vital psoas muscle connreo- flaics bnulz4i, and fnmbri het-bellg""]"
"First Aid for the USMLE Step 2 CK, Ninth Edition",Tao Le,dataset\adjusted_dataset\Medical\0000551.jpg,"[[[12, 5], [503, 5], [503, 393], [12, 393]]]","[""first aid fre usmle step 2 ck clinical knowledge inn edit etudent-[v- snood mmd eatli \"" nat i blea""]"
DBT Made Simple,Sheri Van Dijk,dataset\adjusted_dataset\Medical\0000552.jpg,"[[[80, 140], [437, 140], [437, 302], [80, 302]]]","[""dbt made simple""]"
LEGO (R)-Based Therapy,Daniel B. LeGoff,dataset\adjusted_dataset\Medical\0000553.jpg,[],[]
Think Like a Pancreas,Gary Scheiner,dataset\adjusted_dataset\Medical\0000554.jpg,"[[[12, 455], [497, 455], [497, 506], [12, 506]]]","[""gary scheiner aei, cde""]"
Why Do I Still Have Thyroid Symptoms? When My Lab Tests Are Normal,Datis Kharrazian,dataset\adjusted_dataset\Medical\0000555.jpg,"[[[18, 39], [495, 39], [495, 346], [18, 346]]]","[""way do [ siill have tayroid symptoms? iyhen eeln lrtestsx ncrmal""]"
Attachment-Focused Parenting,Daniel A. Hughes,dataset\adjusted_dataset\Medical\0000556.jpg,"[[[177, 57], [485, 57], [485, 175], [177, 175]]]","[""ttachmert dcused pa rentin g""]"
Oxford Handbook of Clinical Surgery,Greg McLatchie,dataset\adjusted_dataset\Medical\0000557.jpg,"[[[38, 98], [458, 98], [458, 186], [38, 186]]]","[""dedr] andeccr df clinical surgert""]"
Attachment in Psychotherapy,David J. Wallin,dataset\adjusted_dataset\Medical\0000558.jpg,"[[[6, 226], [504, 226], [504, 278], [6, 278]]]","[""atfachnent in psycholherapy""]"
The Schema Therapy Clinician's Guide,Joan M. Farrell,dataset\adjusted_dataset\Medical\0000559.jpg,"[[[24, 21], [490, 21], [490, 91], [24, 91]]]","[""the schema therapy clinican5 guide""]"
Talking Back to OCD,John S. March,dataset\adjusted_dataset\Medical\0000560.jpg,[],[]
The Wahls Protocol,Terry Wahls,dataset\adjusted_dataset\Medical\0000561.jpg,"[[[29, 439], [489, 439], [489, 479], [29, 479]]]","[""terrt wahls  vld""]"
The Brain's Way of Healing,Norman Doidge,dataset\adjusted_dataset\Medical\0000562.jpg,"[[[63, 342], [455, 342], [455, 482], [63, 482]]]","[""tk brain\""$ way healing""]"
The Autoimmune Paleo Cookbook,Mickey Trescott,dataset\adjusted_dataset\Medical\0000563.jpg,"[[[60, 27], [469, 27], [469, 143], [60, 143]]]","[""the autoimmune paleo cookbook nicce! tklzui 4tp futy""]"
Admissions,Henry Marsh,dataset\adjusted_dataset\Medical\0000564.jpg,"[[[33, 217], [479, 217], [479, 261], [33, 261]]]","[""admissicns""]"
"Healthy Sleep Habits, Happy Child",Marc Weissbluth,dataset\adjusted_dataset\Medical\0000565.jpg,"[[[17, 220], [488, 220], [488, 499], [17, 499]]]","[""healthy sleep habits happy child ster-by-sep pcgcmto jdt 0gcodnijnts%26p dr mijc wncisshlu""]"
The Pocket Guide to the DSM-5 (R) Diagnostic Exam,Abraham M. Nussbaum,dataset\adjusted_dataset\Medical\0000566.jpg,"[[[71, 89], [443, 89], [443, 282], [71, 282]]]","[""pocket guidz hche dsn-5 diagnostic exam""]"
The Drama Of Being A Child,Alice Miller,dataset\adjusted_dataset\Medical\0000567.jpg,"[[[0, 276], [512, 276], [512, 499], [0, 499]]]","[""alice miller the drana ol being # child""]"
Anatomy and Physiology For Dummies,Erin Odya,dataset\adjusted_dataset\Medical\0000568.jpg,"[[[75, 85], [483, 85], [483, 241], [75, 241]]]","[""anatomy & physiology dummies""]"
Publication Manual of the American Psychological Association,American Psychological Association,dataset\adjusted_dataset\Medical\0000569.jpg,[],[]
The Wicked Good Ketogenic Diet Cookbook,Amanda C Hughes,dataset\adjusted_dataset\Medical\0000570.jpg,"[[[5, 70], [477, 70], [477, 249], [5, 249]]]","[""ab wicked goqd ketogenic djiel cookbook""]"
Oxford Handbook of Clinical Specialties,Andrew Baldwin,dataset\adjusted_dataset\Medical\0000571.jpg,"[[[34, 87], [464, 87], [464, 176], [34, 176]]]","[""dnfoxdhandadok df clinical specialties""]"
The Conversation Train,Joel Shaul,dataset\adjusted_dataset\Medical\0000572.jpg,"[[[7, 203], [502, 203], [502, 495], [7, 495]]]","[""conversation hmli tpain:""]"
The Autistic Brain,Temple Grandin,dataset\adjusted_dataset\Medical\0000573.jpg,"[[[20, 232], [496, 232], [496, 284], [20, 284]]]","[""au tistic""]"
Cognitive-Behavioral Treatment of Borderline Personality Disorder,Marsha M. Linehan,dataset\adjusted_dataset\Medical\0000574.jpg,"[[[57, 71], [432, 71], [432, 321], [57, 321]]]","[""cognitive_ behavioral treatment of borderline personality disorder""]"
The Dukan Diet,Dr Pierre Dukan,dataset\adjusted_dataset\Medical\0000575.jpg,"[[[29, 427], [480, 427], [480, 493], [29, 493]]]","[""dr: fierre djukan emallv!""]"
Kumar and Clark's Clinical Medicine,Parveen Kumar CBE BSC MD DM (Hc) Frcp Frcp(edin),dataset\adjusted_dataset\Medical\0000576.jpg,[],[]
Wild Power,Sjanie Hugo Wurlitzer,dataset\adjusted_dataset\Medical\0000577.jpg,[],[]
MURTAGH'S GENERAL PRACTICE 7E,J. Murtagh,dataset\adjusted_dataset\Medical\0000578.jpg,"[[[89, 399], [491, 399], [491, 495], [89, 495]]]","[""mupgts eralpractce""]"
Tiny But Mighty,Hannah Shaw,dataset\adjusted_dataset\Medical\0000579.jpg,[],[]
Essentials of WAIS-IV Assessment,Elizabeth O. Lichtenberger,dataset\adjusted_dataset\Medical\0000580.jpg,"[[[39, 91], [467, 91], [467, 285], [39, 285]]]","[""essentials c wais-iv assessment sctn\"" editic' eir""]"
Blood Chemistry and CBC Analysis,Dicken Weatherby,dataset\adjusted_dataset\Medical\0000581.jpg,"[[[41, 59], [471, 59], [471, 162], [41, 162]]]","[""blood chemistry and cbc analysis""]"
"Kids in the Syndrome Mix of ADHD, LD, Autism Spectrum, Tourette's, Anxiety, and More!",Martin L. Kutscher,dataset\adjusted_dataset\Medical\0000582.jpg,"[[[126, 100], [380, 100], [380, 323], [126, 323]]]","[""snersw he pe adhd ld ausma spectpum tourette's anxiety and mmorei""]"
The Horse Anatomy Workbook,Maggie Raynor,dataset\adjusted_dataset\Medical\0000583.jpg,"[[[0, 0], [382, 0], [382, 138], [0, 138]]]","[""i6 hcky anaiomi workrook me enei""]"
The Wisdom of Psychopaths,Kevin Dutton,dataset\adjusted_dataset\Medical\0000584.jpg,"[[[11, 21], [506, 21], [506, 158], [11, 158]]]","[""the wisdom of psychopaths""]"
The Modern Herbal Dispensatory,Thomas Easley,dataset\adjusted_dataset\Medical\0000585.jpg,"[[[0, 0], [510, 0], [510, 263], [0, 263]]]","[""7 } modern herbal dispensatory ldeeelicgli0h""]"
Plants of the Gods,Richard Evans Schultes,dataset\adjusted_dataset\Medical\0000586.jpg,[],[]
Proof of Heaven,Eben Alexander,dataset\adjusted_dataset\Medical\0000587.jpg,[],[]
Herbal Antivirals,Stephen Harrod Buhner,dataset\adjusted_dataset\Medical\0000588.jpg,[],[]
Neurokinetic Therapy,David Weinstock,dataset\adjusted_dataset\Medical\0000589.jpg,"[[[86, 68], [436, 68], [436, 328], [86, 328]]]","[""neurokinetic therapy aatrondtve appnirri %i manus ausclc testrg""]"
The Structure of Magic: A Book About Language and Therapy v. 1,John Grinder,dataset\adjusted_dataset\Medical\0000590.jpg,[],[]
Clinical Medicine for the MRCP PACES,Gautam Mehta,dataset\adjusted_dataset\Medical\0000591.jpg,"[[[26, 94], [488, 94], [488, 186], [26, 186]]]","[""clinical nedicine for the mrcp paces volurde t:core clirincot gkill""]"
The Origin of Consciousness in the Breakdown of the Bicameral Mind,Julian Jaynes,dataset\adjusted_dataset\Medical\0000592.jpg,"[[[0, 155], [512, 155], [512, 336], [0, 336]]]","[""taf o4c 01 consciolsress ln the brea dovxoi tthe rmc ameramind""]"
The Art of Gathering,Priya Parker,dataset\adjusted_dataset\Medical\0000593.jpg,"[[[49, 95], [467, 95], [467, 339], [49, 339]]]","[""tae art 0f gataering hot wo nru &\""d why \"" manare""]"
Eat Right for Blood Type A,Dr. Peter J. D'Adamo,dataset\adjusted_dataset\Medical\0000594.jpg,"[[[0, 55], [512, 55], [512, 269], [0, 269]]]","[""eat right f4r blood ttpe a""]"
Motor Speech Disorders,Joseph R. Duffy,dataset\adjusted_dataset\Medical\0000595.jpg,"[[[38, 47], [472, 47], [472, 160], [38, 160]]]","[""motor speech disorders""]"
Counselling Children,Kathryn Geldard,dataset\adjusted_dataset\Medical\0000596.jpg,"[[[25, 69], [488, 69], [488, 134], [25, 134]]]","[""counselling children \""u""]"
How Not to Die,Michael Greger,dataset\adjusted_dataset\Medical\0000597.jpg,[],[]
The Second Brain,Michael Gershon,dataset\adjusted_dataset\Medical\0000598.jpg,[],[]
Early Start Denver Model for Young Children with Autism,Sally J. Rogers,dataset\adjusted_dataset\Medical\0000599.jpg,"[[[29, 161], [491, 161], [491, 500], [29, 500]]]","[""enr|ystart denver model for young children with autism proinobno languadl leamnranlenderenart sabhj' j. rojers and earaldine dawvson""]"
The River of Consciousness,Oliver Sacks,dataset\adjusted_dataset\Medical\0000600.jpg,"[[[27, 335], [485, 335], [485, 371], [27, 371]]]","[""conscousness""]"
Socially Speaking,Alison Schroeder,dataset\adjusted_dataset\Medical\0000601.jpg,"[[[128, 28], [377, 28], [377, 150], [128, 150]]]","[""sotially spenking""]"
What Your Doctor Doesn't Know about Nutritional Medicine May Be Killing You,Ray D Strand,dataset\adjusted_dataset\Medical\0000602.jpg,"[[[18, 82], [496, 82], [496, 242], [18, 242]]]","[""what your doctor doesn t know abqvt nutritional ~edicine may be killing yov""]"
An Introduction to Counselling,John McLeod,dataset\adjusted_dataset\Medical\0000603.jpg,"[[[22, 76], [493, 76], [493, 177], [22, 177]]]","[""counselling""]"
Move Your DNA,Katy Bowman,dataset\adjusted_dataset\Medical\0000604.jpg,[],[]
Oxford Guide to Behavioural Experiments in Cognitive Therapy,Khadj Rouf,dataset\adjusted_dataset\Medical\0000605.jpg,"[[[117, 181], [499, 181], [499, 339], [117, 339]]]","[""dxtord guide to brarixurl epinments i dinnetilis= tharm""]"
Miracles Happen,M D Brian L Weiss,dataset\adjusted_dataset\Medical\0000606.jpg,[],[]
Help for the Helper,Babette Rothschild,dataset\adjusted_dataset\Medical\0000607.jpg,"[[[19, 203], [490, 203], [490, 388], [19, 388]]]","[""helfhelper""]"
Green Pharmacy,Barbara Griggs,dataset\adjusted_dataset\Medical\0000608.jpg,"[[[50, 34], [478, 34], [478, 152], [50, 152]]]","[""g r e e n pharmacy""]"
The Making of a Therapist,Louis Cozolino,dataset\adjusted_dataset\Medical\0000609.jpg,"[[[18, 198], [487, 198], [487, 277], [18, 277]]]","[""tte makng ot 7 taera fist""]"
The Art of Being,Erich Fromm,dataset\adjusted_dataset\Medical\0000610.jpg,"[[[33, 5], [491, 5], [491, 107], [33, 107]]]","[""erich fromm thearton wlinc""]"
Through Time Into Healing,Brian Weiss,dataset\adjusted_dataset\Medical\0000611.jpg,"[[[43, 0], [463, 0], [463, 144], [43, 144]]]","[""throughtime into healing pstef emarlen52r2 pun na but 4u iu""]"
A Short History Of Disease,Sean Martin,dataset\adjusted_dataset\Medical\0000612.jpg,"[[[75, 0], [431, 0], [431, 26], [75, 26]]]","[""4 shorr histotr ot""]"
Pharmacology for Health Professionals,Bronwen Bryant,dataset\adjusted_dataset\Medical\0000613.jpg,"[[[107, 157], [407, 157], [407, 209], [107, 209]]]","[""pharmacology tcamealtnpkoteaatl?""]"
The Pocket Scavenger,Keri Smith,dataset\adjusted_dataset\Medical\0000614.jpg,"[[[49, 85], [444, 85], [444, 217], [49, 217]]]","[""apocket scavenger""]"
Ligaments of the Joints Anatomical Chart,Anatomical Chart Company,dataset\adjusted_dataset\Medical\0000615.jpg,"[[[35, 0], [481, 0], [481, 19], [35, 19]]]","[""liecmrzte qjf thr jwintx""]"
The Weight Escape,Joseph Ciarrochi,dataset\adjusted_dataset\Medical\0000616.jpg,[],[]
The Divided Self,R. Laing,dataset\adjusted_dataset\Medical\0000617.jpg,"[[[18, 133], [487, 133], [487, 374], [18, 374]]]","[""r d aing the divded teit""]"
10 Principles for Doing Effective Couples Therapy,John M. Gottman,dataset\adjusted_dataset\Medical\0000618.jpg,"[[[1, 308], [512, 308], [512, 511], [1, 511]]]","[""pkincileztcn doing effectiye couplfs therapy julle scnxa-tz cc-man connmgoman taoiccer cedeen flad eoeen eeeee""]"
"Love, Medicine And Miracles",Bernie Siegel,dataset\adjusted_dataset\Medical\0000619.jpg,[],[]
The End of Your Life Book Club,Will Schwalbe,dataset\adjusted_dataset\Medical\0000620.jpg,"[[[86, 54], [430, 54], [430, 335], [86, 335]]]","[""the end of your tife book club loi lela""]"
The Big Fat Surprise,Nina Teicholz,dataset\adjusted_dataset\Medical\0000621.jpg,"[[[108, 288], [393, 288], [393, 487], [108, 487]]]","[""tae bic f2 t surprise lidun iaad anena afa dm nna-fichol""]"
Essential Epidemiology,Penny Margaret Webb,dataset\adjusted_dataset\Medical\0000622.jpg,"[[[149, 90], [474, 90], [474, 170], [149, 170]]]","[""essential epidemiology""]"
"Breastfeeding And Human Lactation, Enhanced Fifth Edition",Karen Wambach,dataset\adjusted_dataset\Medical\0000623.jpg,"[[[29, 37], [481, 37], [481, 123], [29, 123]]]","[""breasueeding < human laclation""]"
Stealing Fire,Steven Kotler,dataset\adjusted_dataset\Medical\0000624.jpg,"[[[55, 111], [453, 111], [453, 199], [55, 199]]]","[""steacing fire""]"
Teen Brain,David Gillespie,dataset\adjusted_dataset\Medical\0000625.jpg,[],[]
The Little Book of Resilience,Matthew Johnstone,dataset\adjusted_dataset\Medical\0000626.jpg,[],[]
The Yoga Anatomy Coloring Book,Kelly Solloway,dataset\adjusted_dataset\Medical\0000627.jpg,"[[[24, 17], [328, 17], [328, 193], [24, 193]]]","[""the yoga anatomy coloring book tia lde 03n lureanena""]"
Love Sense,Dr Sue Johnson,dataset\adjusted_dataset\Medical\0000628.jpg,[],[]
"Get Through Medical School: 1100 SBAs/BOFs and EMQs, 2nd edition",Seema Khan,dataset\adjusted_dataset\Medical\0000629.jpg,"[[[110, 77], [469, 77], [469, 245], [110, 245]]]","[""genthrough mcdichl scngol: 11n0 s0rudofsjnd emo? decd eeenanhan""]"
Counselling Skills for Working with Trauma,Christiane Sanderson,dataset\adjusted_dataset\Medical\0000630.jpg,"[[[60, 106], [462, 106], [462, 215], [60, 215]]]","[""cdunsellingskillstor working wita trauma""]"
Pocket Guide: Pharmacokinetics Made Easy,Donald J. Birkett,dataset\adjusted_dataset\Medical\0000631.jpg,[],[]
Letters to the Midwife,Jennifer Worth,dataset\adjusted_dataset\Medical\0000632.jpg,"[[[47, 312], [462, 312], [462, 511], [47, 511]]]","[""leters t the midwvife jeyniek trth nut\""""]"
How He Gets into Her Head,Don Hennessy,dataset\adjusted_dataset\Medical\0000633.jpg,"[[[32, 64], [478, 64], [478, 232], [32, 232]]]","[""hovvhe gets into her head m- fim \""?fal hineile %nbi don hfnras""]"
The Hybrid Diet,Patrick Holford,dataset\adjusted_dataset\Medical\0000634.jpg,[],[]
The Circle of Security Intervention,Bert Powell,dataset\adjusted_dataset\Medical\0000635.jpg,"[[[20, 78], [497, 78], [497, 303], [20, 303]]]","[""circle of security intervention enhuneka dtarnamngmn betin puntni ulu mabllnnetofr""]"
Rapid Interpretation of EKG's,Dale Dubin,dataset\adjusted_dataset\Medical\0000636.jpg,"[[[26, 59], [489, 59], [489, 103], [26, 103]]]","[""interpretatton""]"
The Speed Reading Book,Tony Buzan,dataset\adjusted_dataset\Medical\0000637.jpg,"[[[70, 25], [481, 25], [481, 274], [70, 274]]]","[""the dhd speed reading book rcad mor leur {ot2, achlevemara""]"
Living Sensationally,Winnie Dunn,dataset\adjusted_dataset\Medical\0000638.jpg,"[[[29, 45], [512, 45], [512, 315], [29, 315]]]","[""livina sensationally unceriandingyour senses""]"
Between Therapist and Client,Michael Khan,dataset\adjusted_dataset\Medical\0000639.jpg,"[[[16, 178], [504, 178], [504, 321], [16, 321]]]","[""between therapist and client tl newkaole i-ua""]"
Get into Medical School - 700 BMAT Practice Questions,Lydia Campbell,dataset\adjusted_dataset\Medical\0000640.jpg,"[[[28, 56], [490, 56], [490, 402], [28, 402]]]","[""medical school 700 bmat practice questions pul""]"
The New Codependency,Melody Beattie,dataset\adjusted_dataset\Medical\0000641.jpg,"[[[58, 207], [458, 207], [458, 282], [58, 282]]]","[""coclepenclency""]"
Aromatherapy for the Healthy Child,Valerie Ann Worwood,dataset\adjusted_dataset\Medical\0000642.jpg,"[[[19, 0], [492, 0], [492, 96], [19, 96]]]","[""acmuinstapy tj ve heclthy child""]"
Character Styles,Stephen M. Johnson,dataset\adjusted_dataset\Medical\0000643.jpg,"[[[38, 338], [472, 338], [472, 486], [38, 486]]]","[""character styles stffhfn m chnson""]"
The Merck Veterinary Manual,Susan E. Aiello,dataset\adjusted_dataset\Medical\0000644.jpg,"[[[189, 129], [412, 129], [412, 233], [189, 233]]]","[""merck veterinary manual a mnnon""]"
The Little Book of Energy Medicine,Donna Eden,dataset\adjusted_dataset\Medical\0000645.jpg,"[[[101, 45], [426, 45], [426, 228], [101, 228]]]","[""lit tle bock of enero medieine""]"
The Climb,Chris Froome,dataset\adjusted_dataset\Medical\0000646.jpg,"[[[71, 436], [446, 436], [446, 484], [71, 484]]]","[""the climb""]"
Desk Reference to the Diagnostic Criteria From DSM-5 (R),American Psychiatric Association,dataset\adjusted_dataset\Medical\0000647.jpg,"[[[62, 118], [452, 118], [452, 234], [62, 234]]]","[""diagnostic criteria faiha dsm-5""]"
ECG Pocketcard,Bbp,dataset\adjusted_dataset\Medical\0000648.jpg,,
Freeing Your Child from Anxiety,Tamar Chansky,dataset\adjusted_dataset\Medical\0000649.jpg,"[[[47, 62], [467, 62], [467, 177], [47, 177]]]","[""frfetvg ycjr cuild frc  anxety""]"
Trail Guide to the Body Workbook,Andrew Biel,dataset\adjusted_dataset\Medical\0000650.jpg,"[[[71, 7], [491, 7], [491, 156], [71, 156]]]","[""suuk wozhools1 eciticg trail guide to the body""]"
The Beck Diet Solution,Judith S. Beck,dataset\adjusted_dataset\Medical\0000651.jpg,"[[[35, 106], [469, 106], [469, 457], [35, 457]]]","[""the beck diet solulion inaun youn bralm t0 think kz annin poron jurnh @eck pld""]"
"Love, Bake, Nourish",Amber Rose,dataset\adjusted_dataset\Medical\0000652.jpg,"[[[85, 247], [403, 247], [403, 449], [85, 449]]]","[""l 0 ve ba ke n 0 u r | s h""]"
The Story of San Michele,Axel Munthe,dataset\adjusted_dataset\Medical\0000653.jpg,"[[[44, 56], [487, 56], [487, 141], [44, 141]]]","[""tbe stentol san michele ennnn""]"
CFT Made Simple,Russell Kolts,dataset\adjusted_dataset\Medical\0000654.jpg,"[[[81, 220], [438, 220], [438, 397], [81, 397]]]","[""cft made simple \""muelo""]"
The 5:2 Fast Diet Cookbook,Samantha Logan,dataset\adjusted_dataset\Medical\0000655.jpg,"[[[0, 0], [501, 0], [501, 295], [0, 295]]]","[""tae 5 : 2 fa st diet cookbook 4n 2457 fzbfil eco jco *arint nci pestfts 30ra""]"
Theory and Practice of Counseling and Psychotherapy,Gerald Corey,dataset\adjusted_dataset\Medical\0000656.jpg,"[[[35, 38], [304, 38], [304, 109], [35, 109]]]","[""thponyaxdpracticp opcounseling and pstchotherxpy""]"
War Doctor,David Nott,dataset\adjusted_dataset\Medical\0000657.jpg,"[[[42, 31], [344, 31], [344, 237], [42, 237]]]","[""imt nott war doctor 404a 2 ft""]"
Pharmacology for Midwives,Sue Jordan,dataset\adjusted_dataset\Medical\0000658.jpg,"[[[22, 113], [461, 113], [461, 204], [22, 204]]]","[""pharmacology for midwives u uildonco babe lor eulc praciiee seconu &iltino g0# /em""]"
The Metabolic Approach to Cancer,Nasha Winters,dataset\adjusted_dataset\Medical\0000659.jpg,"[[[49, 78], [476, 78], [476, 262], [49, 262]]]","[""metabolic approach to cancer fdeaeeea a""]"
How to End the Autism Epidemic,J.B. Handley,dataset\adjusted_dataset\Medical\0000660.jpg,"[[[47, 29], [470, 29], [470, 217], [47, 217]]]","[""howto end ioe autism epidemic""]"
The Strength Training Anatomy Workout: v. 2,Frederic Delavier,dataset\adjusted_dataset\Medical\0000661.jpg,"[[[0, 3], [507, 3], [507, 234], [0, 234]]]","[""the strength training warow i""]"
Passing the FRACP Written Examination,Jonathan Gleadle,dataset\adjusted_dataset\Medical\0000662.jpg,"[[[65, 166], [359, 166], [359, 298], [65, 298]]]","[""passing the faacpyvnnen exemination cetijny nd ntd""]"
"BRUKNER & KHAN'S CLINICAL SPORTS MEDICINE: INJURIES, VOL. 1",Brukner and Khan,dataset\adjusted_dataset\Medical\0000663.jpg,"[[[119, 372], [478, 372], [478, 488], [119, 488]]]","[""brukner khans clinical sports medicine vihebidy""]"
"Too Good to Leave, Too Bad to Stay",Mira Kirshenbaum,dataset\adjusted_dataset\Medical\0000664.jpg,"[[[15, 87], [495, 87], [495, 502], [15, 502]]]","[""too good to leave; tinfn-in4p fe too bad hdethn70 watmmare htif to stay m| 0 % w| ka *40 4 wm""]"
Life Story Therapy with Traumatized Children,Richard Rose,dataset\adjusted_dataset\Medical\0000665.jpg,"[[[0, 0], [512, 0], [512, 108], [0, 108]]]","[""lif story trerepy with traumaticed chuarz? a abd prarate""]"
The Pocket Atlas Of The Moving Body,Mel Cash,dataset\adjusted_dataset\Medical\0000666.jpg,"[[[280, 16], [512, 16], [512, 295], [280, 295]]]","[""pocket atlas of the moving body""]"
Trick or Treatment?,Dr. Simon Singh,dataset\adjusted_dataset\Medical\0000667.jpg,[],[]
Somebody I Used to Know,Wendy Mitchell,dataset\adjusted_dataset\Medical\0000668.jpg,"[[[138, 38], [479, 38], [479, 205], [138, 205]]]","[""wendv mitchel somebody 1 uacd lc kuo""]"
Drugs Without the Hot Air,David Nutt,dataset\adjusted_dataset\Medical\0000669.jpg,"[[[25, 190], [479, 190], [479, 337], [25, 337]]]","[""dalid nutt drugs withoutthe ctar""]"
101 Trauma-Informed Interventions,Linda Curran,dataset\adjusted_dataset\Medical\0000670.jpg,"[[[42, 128], [469, 128], [469, 251], [42, 251]]]","[""101 trauma-informed inlerventions""]"
Motivational Interviewing in Health Care,Stephen Rollnick,dataset\adjusted_dataset\Medical\0000671.jpg,"[[[21, 44], [384, 44], [384, 246], [21, 246]]]","[""motivational interviewing in health care""]"
The Mindfulness Solution,Ronald Siegel,dataset\adjusted_dataset\Medical\0000672.jpg,"[[[23, 159], [499, 159], [499, 333], [23, 333]]]","[""mindfulness solution fxlt prri tn:i fr""]"
Clinical Naturopathy,Dr. Jerome Sarris,dataset\adjusted_dataset\Medical\0000673.jpg,"[[[60, 0], [452, 0], [452, 99], [60, 99]]]","[""clnical naturopathy ze bcp""]"
The Fourfold Path to Healing,Thomas S. Cowan,dataset\adjusted_dataset\Medical\0000674.jpg,[],[]
Oxford Cases in Medicine and Surgery,Hugo Farne,dataset\adjusted_dataset\Medical\0000675.jpg,"[[[41, 143], [486, 143], [486, 331], [41, 331]]]","[""scono idoi medicine surgery and""]"
"Healthy Gut, Healthy You",Ruscio,dataset\adjusted_dataset\Medical\0000676.jpg,"[[[49, 18], [458, 18], [458, 199], [49, 199]]]","[""healthy gut healthy you thuinaidrietnvt dtiamham ineos dut""]"
From Bacteria to Bach and Back,Daniel C. Dennett,dataset\adjusted_dataset\Medical\0000677.jpg,"[[[15, 300], [490, 300], [490, 456], [15, 456]]]","[""from bacteria to bach and bac d daniel c deanett""]"
"Overcoming Low Self-Esteem, 2nd Edition",Melanie Fennell,dataset\adjusted_dataset\Medical\0000678.jpg,"[[[45, 158], [446, 158], [446, 302], [45, 302]]]","[""overcoming lot sel-esteem and edtlion""]"
Fasting--and Eating--for Health,Joel Fuhrman,dataset\adjusted_dataset\Medical\0000679.jpg,[],[]
Contextual Schema Therapy,Eckhard Roediger,dataset\adjusted_dataset\Medical\0000680.jpg,"[[[68, 266], [437, 266], [437, 436], [68, 436]]]","[""contextual schema therapy""]"
The Compassionate Mind Workbook,Chris Irons,dataset\adjusted_dataset\Medical\0000681.jpg,"[[[46, 26], [460, 26], [460, 321], [46, 321]]]","[""compassionate mind workbook stcp-by-stcp nude 50 compa:ln focused thcrapy""]"
Encyclopedia Of Herbal Medicine,Andrew Chevallier,dataset\adjusted_dataset\Medical\0000682.jpg,"[[[29, 187], [500, 187], [500, 342], [29, 342]]]","[""encyclop ed |4 0f herbal medicine""]"
Outsmarting Worry,Dawn Huebner,dataset\adjusted_dataset\Medical\0000683.jpg,"[[[5, 51], [500, 51], [500, 234], [5, 234]]]","[""qutsmarting w orry""]"
Yogabody,P. T. Judith Hanson Lasater,dataset\adjusted_dataset\Medical\0000684.jpg,[],[]
How the Mind Works,Steven Pinker,dataset\adjusted_dataset\Medical\0000685.jpg,"[[[0, 1], [436, 1], [436, 430], [0, 430]]]","[""natijnil bestseller steven pinker how the mind works""]"
The Nemechek Protocol for Autism and Developmental Disorders,Jean R Nemechek J D,dataset\adjusted_dataset\Medical\0000686.jpg,[],[]
The Big Book of ACT Metaphors,Jill A. Stoddard,dataset\adjusted_dataset\Medical\0000687.jpg,"[[[85, 124], [440, 124], [440, 305], [85, 305]]]","[""the big book of act metaphors""]"
Wayward,Blake Crouch,dataset\adjusted_dataset\Medical\0000688.jpg,"[[[23, 23], [491, 23], [491, 163], [23, 163]]]","[""blake crovch waywvard ihez""]"
Toxicology Handbook,Dr. Lindsay Murray,dataset\adjusted_dataset\Medical\0000689.jpg,"[[[33, 279], [349, 279], [349, 411], [33, 411]]]","[""toxicology handbook b4ed tffieid x \""""]"
500 Ketogenic Recipes,Dana Carpender,dataset\adjusted_dataset\Medical\0000690.jpg,[],[]
"Yoga For Body, Breath, Mind",A.G. Mohan,dataset\adjusted_dataset\Medical\0000691.jpg,"[[[196, 104], [300, 104], [300, 168], [196, 168]]]","[""body breal""]"
Mindful Hypnobirthing,Sophie Fletcher,dataset\adjusted_dataset\Medical\0000692.jpg,"[[[31, 320], [483, 320], [483, 465], [31, 465]]]","[""m1 | n d | u hypno birthing""]"
OSCE Cases with Mark Schemes,Susan C. Shelmerdine,dataset\adjusted_dataset\Medical\0000693.jpg,"[[[24, 179], [489, 179], [489, 285], [24, 285]]]","[""osce cases with mark schemes araviston aldtor medrcai finals""]"
The Marshmallow Test,Walter Mischel,dataset\adjusted_dataset\Medical\0000694.jpg,"[[[23, 149], [505, 149], [505, 299], [23, 299]]]","[""marshmallow test undett  inco lcdtitoland how ~nalat""]"
Nurturing Resilience,Kathy L. Kain,dataset\adjusted_dataset\Medical\0000695.jpg,"[[[59, 159], [453, 159], [453, 239], [59, 239]]]","[""nurturing resilience""]"
Overcoming Insomnia and Sleep Problems,Colin A. Espie,dataset\adjusted_dataset\Medical\0000696.jpg,"[[[13, 95], [503, 95], [503, 325], [13, 325]]]","[""overcoming insomnla and sleep problems ascll-help geide using cogeatje behavinral techniques""]"
Touched With Fire,Kay Redfield Jamison,dataset\adjusted_dataset\Medical\0000697.jpg,[],[]
Cardiorespiratory Physiotherapy: Adults and Paediatrics,Eleanor Main,dataset\adjusted_dataset\Medical\0000698.jpg,"[[[18, 191], [445, 191], [445, 328], [18, 328]]]","[""cardiorespiratory physiotherapy adilts undpaadans""]"
Character Strengths Interventions: A Field Guide for Practitioners 2017,Ryan M. Niemiec,dataset\adjusted_dataset\Medical\0000699.jpg,"[[[181, 311], [477, 311], [477, 361], [181, 361]]]","[""chanctcr strenachs incrventions""]"
Helping Your Child With Selective Mutism,Angela E. McHolm,dataset\adjusted_dataset\Medical\0000700.jpg,"[[[17, 211], [495, 211], [495, 409], [17, 409]]]","[""fwtnud trukoyi tfa urikinn helpizhild your wirl selective murism""]"
Scientific Healing Affirmations,Paramahansa Yogananda,dataset\adjusted_dataset\Medical\0000701.jpg,"[[[54, 336], [465, 336], [465, 415], [54, 415]]]","[""sciektific heruag afairmamons""]"
Starving the Anger Gremlin,Kate Collins-Donnelly,dataset\adjusted_dataset\Medical\0000702.jpg,"[[[29, 50], [498, 50], [498, 246], [29, 246]]]","[""starving the angergremlin jm[ qinjtin [otlekx mxt kueik yn ictiekrtni""]"
Signs and Symptoms Analysis from a Functional Perspective- 2nd Edition,Dicken Weatherby,dataset\adjusted_dataset\Medical\0000703.jpg,"[[[24, 42], [497, 42], [497, 208], [24, 208]]]","[""signs and symptoms analysis from a functional perspective aqutstion by qulgton gulde""]"
Better,Atul Gawande,dataset\adjusted_dataset\Medical\0000704.jpg,"[[[63, 277], [237, 277], [237, 319], [63, 319]]]","[""b etter""]"
The Infertility Cure,Randine Lewis,dataset\adjusted_dataset\Medical\0000705.jpg,"[[[33, 166], [485, 166], [485, 389], [33, 389]]]","[""t h e in fe ftili ey c u r e""]"
The Ketogenic Kitchen,Domini Kemp,dataset\adjusted_dataset\Medical\0000706.jpg,[],[]
Why Stomach Acid Is Good for You,Jonathan V. Wright,dataset\adjusted_dataset\Medical\0000707.jpg,"[[[26, 65], [483, 65], [483, 481], [26, 481]]]","[""stomach acid is good for you eanenl kf e hicun di4t r * geed ll4 3laat""]"
Deep Medicine,Eric Topol,dataset\adjusted_dataset\Medical\0000708.jpg,"[[[29, 141], [489, 141], [489, 309], [29, 309]]]","[""medicine jtnr latlll da\"" ma""]"
Mastering Medical Terminology,Sue Walker,dataset\adjusted_dataset\Medical\0000709.jpg,"[[[50, 0], [464, 0], [464, 217], [50, 217]]]","[""r 4 3 f r | 4 0 medical terminology 403m4a jnu aim /alnd zuu euliun""]"
Only Love Is Real,Brian Weiss,dataset\adjusted_dataset\Medical\0000710.jpg,"[[[72, 63], [439, 63], [439, 172], [72, 172]]]","[""only loye i5 real tf jcn d x74lc neaned""]"
Eat Pretty,Jolene Hart,dataset\adjusted_dataset\Medical\0000711.jpg,"[[[125, 96], [395, 96], [395, 159], [125, 159]]]","[""eat pretty""]"
Being Mortal,Atul Gawande,dataset\adjusted_dataset\Medical\0000712.jpg,"[[[41, 283], [474, 283], [474, 356], [41, 356]]]","[""being mortal""]"
Lifespan,David Sinclair,dataset\adjusted_dataset\Medical\0000713.jpg,[],[]
The Lost Language of Plants,Stephen Harrod Buhner,dataset\adjusted_dataset\Medical\0000714.jpg,"[[[26, 194], [404, 194], [404, 354], [26, 354]]]","[""the lost language of plants""]"
Birth Matters,Ina May Gaskin,dataset\adjusted_dataset\Medical\0000715.jpg,"[[[45, 37], [483, 37], [483, 140], [45, 140]]]","[""birth matters miwile < mandesl""]"
The Deepest Well,Nadine Burke Harris,dataset\adjusted_dataset\Medical\0000716.jpg,"[[[11, 61], [499, 61], [499, 149], [11, 149]]]","[""deepest well""]"
The Sleep Book,Guy Meadows,dataset\adjusted_dataset\Medical\0000717.jpg,[],[]
Counselling for Toads,Robert De Board,dataset\adjusted_dataset\Medical\0000718.jpg,"[[[62, 46], [448, 46], [448, 104], [62, 104]]]","[""coursedliro fo r tor dr""]"
Clinically Oriented Anatomy,Keith L. Moore,dataset\adjusted_dataset\Medical\0000719.jpg,"[[[20, 0], [512, 0], [512, 315], [20, 315]]]","[""m orn siieccex anatomy anihim hiewhad blor""]"
Practical Fracture Treatment,Ronald McRae,dataset\adjusted_dataset\Medical\0000720.jpg,"[[[164, 30], [480, 30], [480, 306], [164, 306]]]","[""practical fracture treatment fnn iu rcnad hcr e mubser""]"
My Friend Has Autism,Amanda Doering Tourville,dataset\adjusted_dataset\Medical\0000721.jpg,"[[[212, 49], [460, 49], [460, 163], [212, 163]]]","[""my friend has autiem""]"
Past Mortems,Carla Valentine,dataset\adjusted_dataset\Medical\0000722.jpg,[],[]
The Grain Brain Whole Life Plan,David Perlmutter,dataset\adjusted_dataset\Medical\0000723.jpg,"[[[32, 123], [482, 123], [482, 489], [32, 489]]]","[""grain brain whol lfe pcam jzm eime jaty di itad feramltt ela y7 lneem""]"
The Keto Reset Diet,Mark Sisson,dataset\adjusted_dataset\Medical\0000724.jpg,[],[]
Gestalt Therapy,Frederick S. Perls,dataset\adjusted_dataset\Medical\0000725.jpg,[],[]
Training in Obstetrics and Gynaecology,Ippokratis Sarris,dataset\adjusted_dataset\Medical\0000726.jpg,"[[[29, 340], [454, 340], [454, 461], [29, 461]]]","[""ta~ing~ obstetrics and gynaecology dte cwrenclal curlculur""]"
Yellow Emperor's Classic Of Medicine,Maoshing Ni,dataset\adjusted_dataset\Medical\0000727.jpg,"[[[132, 150], [481, 150], [481, 351], [132, 351]]]","[""ylllov emperoks clacsic of mldicine""]"
Musicophilia,Oliver Sacks,dataset\adjusted_dataset\Medical\0000728.jpg,"[[[76, 318], [448, 318], [448, 389], [76, 389]]]","[""mustcofhteta va\u20ac ia""]"
The Mindfulness and Acceptance Workbook for Anxiety,John P. Forsyth,dataset\adjusted_dataset\Medical\0000729.jpg,"[[[21, 45], [494, 45], [494, 173], [21, 173]]]","[""the mindfulncss arrcprincc werkbook for anxicry""]"
The Satir Model,Virginia M. Satir,dataset\adjusted_dataset\Medical\0000730.jpg,"[[[0, 0], [512, 0], [512, 165], [0, 165]]]","[""the satir model cttt""]"
Positive Psychology in a Nutshell: The Science of Happiness,Dr. Ilona Boniwell,dataset\adjusted_dataset\Medical\0000731.jpg,"[[[51, 31], [429, 31], [429, 160], [51, 160]]]","[""positive psycholocy in a nutshell tpe ecionce oi nepplnerm""]"
The End of Alzheimer's,Dale Bredesen,dataset\adjusted_dataset\Medical\0000732.jpg,"[[[23, 121], [495, 121], [495, 185], [23, 185]]]","[""alzheimers""]"
All Things Bright and Beautiful,James Herriot,dataset\adjusted_dataset\Medical\0000733.jpg,"[[[26, 308], [494, 308], [494, 459], [26, 459]]]","[""herriot a\""things brjuki 4n14 reutati}""]"
Understanding Pathological Demand Avoidance Syndrome in Children,Margaret Duncan,dataset\adjusted_dataset\Medical\0000734.jpg,"[[[31, 231], [496, 231], [496, 504], [31, 504]]]","[""understanding pathological demano avoidance a cjide fcr parents synorome tcxcners in chiloren tnd other feofessigngls @aug""]"
"The Developing Mind, Second Edition",Daniel J. Siegel,dataset\adjusted_dataset\Medical\0000735.jpg,"[[[32, 100], [477, 100], [477, 269], [32, 269]]]","[""jter developing mind""]"
Psychoanalytic Case Formulation,Nancy McWilliams,dataset\adjusted_dataset\Medical\0000736.jpg,"[[[15, 307], [495, 307], [495, 383], [15, 383]]]","[""psychoanaly 01x formularion""]"
Illustrated Textbook of Paediatrics,Tom Lissauer,dataset\adjusted_dataset\Medical\0000737.jpg,"[[[17, 75], [411, 75], [411, 199], [17, 199]]]","[""hiuetated taxihook oi paediatrics ifth enitidn""]"
Holistic Aromatherapy for Animals,Kristen Leigh Bell,dataset\adjusted_dataset\Medical\0000738.jpg,"[[[32, 189], [481, 189], [481, 358], [32, 358]]]","[""aromatherapy for animals eesaud \""udlebik""]"
Buried in Treasures,David F. Tolin,dataset\adjusted_dataset\Medical\0000739.jpg,"[[[32, 216], [480, 216], [480, 266], [32, 266]]]","[""buried i treasures""]"
Prescriber's Guide,Stephen M. Stahl,dataset\adjusted_dataset\Medical\0000740.jpg,"[[[63, 7], [464, 7], [464, 199], [63, 199]]]","[""bniy hnei fa tinoluivdy prescribers guide 904 eoon szephen ni stah""]"
Smoke Gets in Your Eyes,Caitlin Doughty,dataset\adjusted_dataset\Medical\0000741.jpg,"[[[119, 49], [395, 49], [395, 207], [119, 207]]]","[""5 moke get$ in you r e y es""]"
Internal Family Systems Therapy,Richard C. Schwartz,dataset\adjusted_dataset\Medical\0000742.jpg,"[[[14, 227], [346, 227], [346, 431], [14, 431]]]","[""intrma family sybiems therany""]"
Dr Podcast Scripts for the Final FRCA,Rebecca A. Leslie,dataset\adjusted_dataset\Medical\0000743.jpg,"[[[59, 142], [435, 142], [435, 267], [59, 267]]]","[""drpodcast scripts forthe final frca""]"
Perfect Health Diet,Shou-Ching Jaminet,dataset\adjusted_dataset\Medical\0000744.jpg,[],[]
Therapeutic Storytelling,Susan Perrow,dataset\adjusted_dataset\Medical\0000745.jpg,"[[[72, 42], [443, 42], [443, 166], [72, 166]]]","[""therapeulic storytelling""]"
Iridology Simplified,Bernard Jensen,dataset\adjusted_dataset\Medical\0000746.jpg,"[[[76, 16], [456, 16], [456, 108], [76, 108]]]","[""iridology simplified""]"
Uniquely Human,PH D Barry M Prizant,dataset\adjusted_dataset\Medical\0000747.jpg,"[[[59, 31], [453, 31], [453, 204], [59, 204]]]","[""untquely human a diffbbent \""at df 5ffing 4utisn""]"
"Brain Lock, Twentieth Anniversary Edition",Jeffrey M. Schwartz,dataset\adjusted_dataset\Medical\0000748.jpg,"[[[59, 12], [451, 12], [451, 33], [59, 33]]]","[""ttunilei anmivoreury eubtlan""]"
Attachment-Focused Family Therapy,Daniel A. Hughes,dataset\adjusted_dataset\Medical\0000749.jpg,"[[[31, 139], [485, 139], [485, 277], [31, 277]]]","[""attachment focusld famly theratr""]"
The Practice of Spiritual Direction,William A. Barry,dataset\adjusted_dataset\Medical\0000750.jpg,"[[[133, 297], [381, 297], [381, 363], [133, 363]]]","[""s#iritoal directio]""]"
The Practice of Emotionally Focused Couple Therapy,Susan M. Johnson,dataset\adjusted_dataset\Medical\0000751.jpg,"[[[25, 32], [481, 32], [481, 128], [25, 128]]]","[""'the 'tracze  'emotonolly 'tocued couple ' tnerofy""]"
"Witches, Midwives, And Nurses (2nd Ed.)",Barbara Ehrenreich,dataset\adjusted_dataset\Medical\0000752.jpg,"[[[44, 47], [463, 47], [463, 232], [44, 232]]]","[""witehes midwvives nurses""]"
Please Explain Anxiety to Me!,Laurie E Zelinger,dataset\adjusted_dataset\Medical\0000753.jpg,"[[[14, 0], [422, 0], [422, 131], [14, 131]]]","[""pledse expiain anxiety teme joi 0j""]"
Say No To Arthritis,Patrick Holford,dataset\adjusted_dataset\Medical\0000754.jpg,"[[[111, 159], [415, 159], [415, 271], [111, 271]]]","[""say no to""]"
Eat to Live Cookbook,Dr Joel Fuhrman,dataset\adjusted_dataset\Medical\0000755.jpg,"[[[108, 57], [404, 57], [404, 315], [108, 315]]]","[""eatto llive 1>< #""]"
The MELT Method,Sue Hitzmann,dataset\adjusted_dataset\Medical\0000756.jpg,"[[[23, 141], [485, 141], [485, 292], [23, 292]]]","[""#melt method""]"
How to Heal Your Metabolism,Kate Deering,dataset\adjusted_dataset\Medical\0000757.jpg,"[[[75, 151], [437, 151], [437, 320], [75, 320]]]","[""how to heal your metabolism suarin:ulu t\"" dimnnbdbn""]"
Civilization and Its Discontents,Sigmund Freud,dataset\adjusted_dataset\Medical\0000758.jpg,[],[]
Art Heals,Shaun McNiff,dataset\adjusted_dataset\Medical\0000759.jpg,"[[[3, 0], [512, 0], [512, 57], [3, 57]]]","[""art heals""]"
KetoFast,Dr Joseph Mercola,dataset\adjusted_dataset\Medical\0000760.jpg,"[[[27, 21], [481, 21], [481, 159], [27, 159]]]","[""dr joseph meacola ketofast""]"
Essentials of PAI Assessment,Leslie C. Morey,dataset\adjusted_dataset\Medical\0000761.jpg,"[[[37, 93], [458, 93], [458, 205], [37, 205]]]","[""essentials \"" pai\"" aesessment""]"
Psychodynamic Psychiatry in Clinical Practice,Glen O. Gabbard,dataset\adjusted_dataset\Medical\0000762.jpg,"[[[67, 29], [448, 29], [448, 144], [67, 144]]]","[""psychodynamic psychiatry in cinical praclice""]"
How We Die,Sherwin B. Nuland,dataset\adjusted_dataset\Medical\0000763.jpg,[],[]
Coconut Oil Miracle,Bruce Fife,dataset\adjusted_dataset\Medical\0000764.jpg,"[[[8, 67], [471, 67], [471, 237], [8, 237]]]","[""coconut oil miracle""]"
The Obesity Code,Dr. Jason Fung,dataset\adjusted_dataset\Medical\0000765.jpg,[],[]
Score Higher on the UKCAT,Kaplan Test Prep,dataset\adjusted_dataset\Medical\0000766.jpg,"[[[17, 138], [455, 138], [455, 330], [17, 330]]]","[""score higher on the ukcat fcurth edltcn""]"
Trauma-Sensitive Yoga in Therapy,David Emerson,dataset\adjusted_dataset\Medical\0000767.jpg,[],[]
The Inflamed Mind,Edward Bullmore,dataset\adjusted_dataset\Medical\0000768.jpg,[],[]
Reaching Down the Rabbit Hole,Allan Ropper,dataset\adjusted_dataset\Medical\0000769.jpg,"[[[59, 57], [449, 57], [449, 267], [59, 267]]]","[""reaching down th e rabbit h le""]"
The Biology of Desire,Marc Lewis,dataset\adjusted_dataset\Medical\0000770.jpg,[],[]
Ayurveda and the Mind,David Frawley,dataset\adjusted_dataset\Medical\0000771.jpg,"[[[14, 26], [502, 26], [502, 500], [14, 500]]]","[""ayurveda and the mind # \""healing consciousness dr david frawley""]"
Playful Learning,Mariah Bruehl,dataset\adjusted_dataset\Medical\0000772.jpg,"[[[32, 285], [483, 285], [483, 366], [32, 366]]]","[""peaylue learning dene jujrdade""]"
Hashimoto's Food Pharmacology,Izabella Wentz,dataset\adjusted_dataset\Medical\0000773.jpg,"[[[21, 151], [485, 151], [485, 487], [21, 487]]]","[""hashimoto's fo d pharmacology izabella wentz khinonctcpoco""]"
2019 Lippincott Pocket Drug Guide for Nurses,Amy M. Karch,dataset\adjusted_dataset\Medical\0000774.jpg,"[[[42, 17], [461, 17], [461, 371], [42, 371]]]","[""v 3500 atmrnetni 2079 lippincott pocket drug guide tornurses ahun\"" iiekoreh""]"
"Exploring Depression, and Beating the Blues",Tony Attwood,dataset\adjusted_dataset\Medical\0000775.jpg,"[[[6, 17], [506, 17], [506, 120], [6, 120]]]","[""expluring depression and beatng the blues""]"
iRest Program For Healing PTSD,Richard C. Miller,dataset\adjusted_dataset\Medical\0000776.jpg,"[[[14, 12], [504, 12], [504, 283], [14, 283]]]","[""irest program tor healing""]"
Handbook of Obstetric Medicine,Catherine Nelson-Piercy,dataset\adjusted_dataset\Medical\0000777.jpg,"[[[43, 38], [460, 38], [460, 220], [43, 220]]]","[""handbook of obstetric medicine fimtn ediion clherinc nclun-penz""]"
Ayurveda and Marma Therapy,David Frawley,dataset\adjusted_dataset\Medical\0000778.jpg,"[[[52, 50], [480, 50], [480, 148], [52, 148]]]","[""aturveda and narha theraft""]"
Delavier's Core Training Anatomy,Frederic Delavier,dataset\adjusted_dataset\Medical\0000779.jpg,"[[[9, 36], [480, 36], [480, 244], [9, 244]]]","[""core training anatomy dum jotuntucrnm muu cdwacd ir toiktot eanenanerenet""]"
Acupressure,Vincent Perez,dataset\adjusted_dataset\Medical\0000780.jpg,"[[[108, 11], [481, 11], [481, 51], [108, 51]]]","[""acurressure""]"
Principles of Neural Science,Eric R. Kandel,dataset\adjusted_dataset\Medical\0000781.jpg,"[[[111, 67], [407, 67], [407, 161], [111, 161]]]","[""princtples ofneural seience""]"
Complete Herbal Handbook for Farm and Stable,Juliette De Bairacli-Levy,dataset\adjusted_dataset\Medical\0000782.jpg,"[[[137, 103], [382, 103], [382, 279], [137, 279]]]","[""thecomflte herhal tndiock tojraarx andstele julieke te baia ilevy""]"
Wise Woman Herbal for the Childbearing Year,Susun S. Weed,dataset\adjusted_dataset\Medical\0000783.jpg,"[[[0, 62], [512, 62], [512, 103], [0, 103]]]","[""childbefbig year""]"
Mindfulness for Teen Anxiety,Christopher Willard,dataset\adjusted_dataset\Medical\0000784.jpg,"[[[16, 44], [500, 44], [500, 281], [16, 281]]]","[""mindlulness for teen anxielly d#alenlior cattd liianaard epck gidp nanind ovnrwholmod""]"
This is Going to Hurt,Adam Kay,dataset\adjusted_dataset\Medical\0000785.jpg,[],[]
The Selective Mutism Resource Manual,Maggie Johnson,dataset\adjusted_dataset\Medical\0000786.jpg,"[[[78, 52], [430, 52], [430, 176], [78, 176]]]","[""selective mutism resource manual""]"
The HeartMath Solution,Doc Childre,dataset\adjusted_dataset\Medical\0000787.jpg,[],[]
Myles Textbook for Midwives,Jayne E. Marshall,dataset\adjusted_dataset\Medical\0000788.jpg,"[[[56, 29], [463, 29], [463, 134], [56, 134]]]","[""mainnbo midwives""]"
Trauma Stewardship: An Everyday Guide to Caring for Self While Caring for Others,Connie Burk,dataset\adjusted_dataset\Medical\0000789.jpg,"[[[31, 323], [477, 323], [477, 493], [31, 493]]]","[""trauma stewardship a guiaa enrinai ~hgcn or\"" qndr mm""]"
Listening to the Animals: Becoming The Supervet,Noel Fitzpatrick,dataset\adjusted_dataset\Medical\0000790.jpg,"[[[24, 68], [485, 68], [485, 257], [24, 257]]]","[""fitzpatrick fecoming the supervet lstun~$ 1 0 acta4 &""]"
500 FORMULAS FOR AROMATHERAPY,Carol Schiller,dataset\adjusted_dataset\Medical\0000791.jpg,[],[]
Everything in its Place,Oliver Sacks,dataset\adjusted_dataset\Medical\0000792.jpg,"[[[43, 55], [335, 55], [335, 295], [43, 295]]]","[""oliver sacks eyerything in tts flace first loytajm lastitales""]"
The Skinny Hot Air Fryer Cookbook,Cooknation,dataset\adjusted_dataset\Medical\0000793.jpg,"[[[20, 66], [488, 66], [488, 231], [20, 231]]]","[""skil hqte air fryer jun jit""]"
ACSM's Guidelines for Exercise Testing and Prescription,American College of Sports Medicine,dataset\adjusted_dataset\Medical\0000794.jpg,"[[[77, 106], [479, 106], [479, 356], [77, 356]]]","[""acsm'; guidelines for exercise testing and prescription tenth (itim""]"
Experiencing Schema Therapy from the Inside Out,Joan M. Farrell,dataset\adjusted_dataset\Medical\0000795.jpg,"[[[32, 34], [486, 34], [486, 270], [32, 270]]]","[""experiencing schema therapy from the inside out sel-pauclce sei -raflacliou woiebcck iut inerpiain""]"
The Brain: A Very Short Introduction,Michael O'Shea,dataset\adjusted_dataset\Medical\0000796.jpg,"[[[232, 208], [476, 208], [476, 261], [232, 261]]]","[""the bpain entinndlcdz""]"
On Becoming a Person,Carl R. Rogers,dataset\adjusted_dataset\Medical\0000797.jpg,"[[[44, 167], [469, 167], [469, 309], [44, 309]]]","[""on becoming ( person ki  rogks""]"
Yes Brain,Daniel J. Siegel,dataset\adjusted_dataset\Medical\0000798.jpg,"[[[104, 170], [411, 170], [411, 325], [104, 325]]]","[""yes b rain""]"
The Power of Focusing,Ann Weiser Cornell,dataset\adjusted_dataset\Medical\0000799.jpg,"[[[37, 12], [490, 12], [490, 193], [37, 193]]]","[""ttie power uf focusing aradlicol euideto emoxiaiel sef hkenliny""]"
Orgasmic Birth,Elizabeth Davis,dataset\adjusted_dataset\Medical\0000800.jpg,[],[]
Trauma Essentials,Babette Rothschild,dataset\adjusted_dataset\Medical\0000801.jpg,"[[[23, 77], [489, 77], [489, 117], [23, 117]]]","[""traumnd essemtials""]"
Stuck Up!,Rich E. Dreben,dataset\adjusted_dataset\Medical\0000802.jpg,[],[]
The Art of Gathering,Priya Parker,dataset\adjusted_dataset\Medical\0000803.jpg,"[[[69, 234], [446, 234], [446, 300], [69, 300]]]","[""of gathering""]"
"Physics, Pharmacology and Physiology for Anaesthetists",Matthew E. Cross,dataset\adjusted_dataset\Medical\0000804.jpg,"[[[58, 291], [467, 291], [467, 457], [58, 457]]]","[""physics; pharmacology and physlology for anaesthetlsts het concep s for thp frc4 iicdan eetinn""]"
Essentials of Strength Training and Conditioning,G.Gregory Haff,dataset\adjusted_dataset\Medical\0000805.jpg,"[[[16, 45], [494, 45], [494, 290], [16, 290]]]","[""essentials of strength training and conditioning""]"
Oxford Handbook of Psychiatry,David Semple,dataset\adjusted_dataset\Medical\0000806.jpg,"[[[32, 154], [324, 154], [324, 186], [32, 186]]]","[""pstchiatrt""]"
The Lord God Made Them All,James Herriot,dataset\adjusted_dataset\Medical\0000807.jpg,"[[[23, 311], [493, 311], [493, 458], [23, 458]]]","[""herriot 17e lord ged mlidz them aj""]"
Get Me Out Of Here,Rachel Reiland,dataset\adjusted_dataset\Medical\0000808.jpg,"[[[81, 18], [431, 18], [431, 60], [81, 60]]]","[""ge1 me ou of here""]"
Eat to Live Cookbook,Dr Joel Fuhrman,dataset\adjusted_dataset\Medical\0000809.jpg,[],[]
Augmentative & Alternative Communication,David R. Beukelman,dataset\adjusted_dataset\Medical\0000810.jpg,"[[[53, 141], [437, 141], [437, 322], [53, 322]]]","[""augmentative & alternative communication 8582982r hcz:5""]"
A Clinical Guide to Blending Liquid Herbs,Kerry Bone,dataset\adjusted_dataset\Medical\0000811.jpg,"[[[67, 22], [487, 22], [487, 157], [67, 157]]]","[""cunical guide to blending vouid herbs""]"
Why We Get Fat,Gary Taubes,dataset\adjusted_dataset\Medical\0000812.jpg,"[[[19, 30], [476, 30], [476, 335], [19, 335]]]","[""wtiy we gbt fnd #axt flt tod aiorill""]"
"A Therapeutic Treasure Deck of Grounding, Soothing, Coping and Regulating Cards",Karen Treisman,dataset\adjusted_dataset\Medical\0000813.jpg,"[[[112, 231], [399, 231], [399, 293], [112, 293]]]","[""gonthing coping 04 rrjulaling cards""]"
Internal Family Systems Skills Training Manual,Frank G Anderson,dataset\adjusted_dataset\Medical\0000814.jpg,"[[[105, 86], [420, 86], [420, 401], [105, 401]]]","[""internal family sysleins x innig \""eily mit &dtiict dotanut""]"
Eat to Live Quick and Easy Cookbook,Dr Joel Fuhrman,dataset\adjusted_dataset\Medical\0000815.jpg,"[[[57, 15], [459, 15], [459, 349], [57, 349]]]","[""joel fuhrman; md eal to live quick 4 eamx eo0 k 4 00 k""]"
Brain on Fire,Susannah Cahalan,dataset\adjusted_dataset\Medical\0000816.jpg,"[[[74, 388], [440, 388], [440, 418], [74, 418]]]","[""brain on fire""]"
The Health Gap,Michael Marmot,dataset\adjusted_dataset\Medical\0000817.jpg,"[[[33, 55], [478, 55], [478, 315], [33, 315]]]","[""michael marmot the health ^p""]"
Pocket Companion to Robbins & Cotran Pathologic Basis of Disease,Richard N. Mitchell,dataset\adjusted_dataset\Medical\0000818.jpg,[],[]
Just One More Question,Niall Tubridy,dataset\adjusted_dataset\Medical\0000819.jpg,"[[[109, 428], [402, 428], [402, 487], [109, 487]]]","[""stones fremauit in ncurolpgy""]"
The Science of Parenting,Margot Sunderland,dataset\adjusted_dataset\Medical\0000820.jpg,"[[[0, 10], [491, 10], [491, 167], [0, 167]]]","[""tha science af parenting""]"
"The Tao Of Health, Sex And Longevity",Daniel Reid,dataset\adjusted_dataset\Medical\0000821.jpg,"[[[137, 83], [461, 83], [461, 289], [137, 289]]]","[""v ofnealj; sex & longevity""]"
The Gentle Eating Book,Sarah Ockwell-Smith,dataset\adjusted_dataset\Medical\0000822.jpg,"[[[16, 170], [488, 170], [488, 344], [16, 344]]]","[""gentle eating 4s book""]"
Metacognitive Therapy for Anxiety and Depression,Adrian Wells,dataset\adjusted_dataset\Medical\0000823.jpg,"[[[86, 113], [449, 113], [449, 401], [86, 401]]]","[""metacognitive therapy for anxiety and depression arir tx*""]"
Dermatology Made Easy,Amanda Oakley,dataset\adjusted_dataset\Medical\0000824.jpg,"[[[80, 22], [432, 22], [432, 97], [80, 97]]]","[""deanatoldgy made east aandi likle?""]"
Beating Cancer with Nutrition,Patrick Quillin,dataset\adjusted_dataset\Medical\0000825.jpg,"[[[0, 51], [503, 51], [503, 141], [0, 141]]]","[""beating cancer withnutrition""]"
Introduction to the Human Body,Gerard J. Tortora,dataset\adjusted_dataset\Medical\0000826.jpg,"[[[147, 67], [349, 67], [349, 181], [147, 181]]]","[""the humlan body""]"
Techniques of Grief Therapy,Robert A. Neimeyer,dataset\adjusted_dataset\Medical\0000827.jpg,"[[[27, 354], [492, 354], [492, 443], [27, 443]]]","[""technicues > griet therapy""]"
Messages from the Masters,Brian Weiss,dataset\adjusted_dataset\Medical\0000828.jpg,[],[]
Clinical Sports Nutrition,Louise Burke,dataset\adjusted_dataset\Medical\0000829.jpg,"[[[43, 41], [472, 41], [472, 232], [43, 232]]]","[""clinical sports nutrition sth eciticn""]"
Dictionary of Veterinary Nursing,Denis Richard Lane,dataset\adjusted_dataset\Medical\0000830.jpg,"[[[35, 324], [478, 324], [478, 487], [35, 487]]]","[""dictionary of veterinary nursing nattia""]"
The Worry Trap,Chad Lejeune,dataset\adjusted_dataset\Medical\0000831.jpg,[],[]
Neuropsychological Assessment,Muriel Deutsch Lezak,dataset\adjusted_dataset\Medical\0000832.jpg,"[[[45, 44], [466, 44], [466, 139], [45, 139]]]","[""neuropsychological assessmnent""]"
The Way of Energy,Lam Kam Chuen,dataset\adjusted_dataset\Medical\0000833.jpg,"[[[44, 56], [473, 56], [473, 110], [44, 110]]]","[""f nergy""]"
"Trail Guide to the Body Flashcards, Vol. 2: Muscles of the Body",Andrew Biel,dataset\adjusted_dataset\Medical\0000834.jpg,"[[[46, 18], [502, 18], [502, 148], [46, 148]]]","[""trail guide to the body""]"
Pain is Really Strange,Steve Haines,dataset\adjusted_dataset\Medical\0000835.jpg,"[[[14, 22], [498, 22], [498, 102], [14, 102]]]","[""pah i6 really strange""]"
The Physiotherapist's Pocketbook,Karen Kenyon,dataset\adjusted_dataset\Medical\0000836.jpg,"[[[31, 168], [396, 168], [396, 298], [31, 298]]]","[""physiotherapists pocketb o0t esgeiaal meit4 movriegirtes""]"
Earthing,Clinton Ober,dataset\adjusted_dataset\Medical\0000837.jpg,[],[]
The Human Bone Manual,Tim D. White,dataset\adjusted_dataset\Medical\0000838.jpg,"[[[27, 59], [479, 59], [479, 131], [27, 131]]]","[""ehuman bone manual""]"
What's Happening to Tom?,Kate E. Reynolds,dataset\adjusted_dataset\Medical\0000839.jpg,"[[[8, 0], [278, 0], [278, 362], [8, 362]]]","[""what's happening totom? fck nivpitak hr bu rd ypin tn eh mlaled ecami""]"
Overcoming Multiple Sclerosis,Professor George Jelinek,dataset\adjusted_dataset\Medical\0000840.jpg,"[[[52, 25], [463, 25], [463, 168], [52, 168]]]","[""pcfectcjcfc seocoming multiple sclerosis""]"
"Blood Type O: Food, Beverage & Supplement List",Peter J. D'Adamo,dataset\adjusted_dataset\Medical\0000841.jpg,"[[[14, 0], [512, 0], [512, 276], [14, 276]]]","[""blood type 0 food beverage and supplement lists jon""]"
Basic Physics & Measurement in Anaesthesia,P. D. Davis,dataset\adjusted_dataset\Medical\0000842.jpg,"[[[54, 78], [463, 78], [463, 238], [54, 238]]]","[""basic physcs\""c measurfmfnt n anaesthesia tjcd cunncwt""]"
The Psychopath Inside,James H. Fallon,dataset\adjusted_dataset\Medical\0000843.jpg,[],[]
First Aid for the USMLE Step 1 2018,Tao Le,dataset\adjusted_dataset\Medical\0000844.jpg,"[[[15, 9], [498, 9], [498, 393], [15, 393]]]","[""first aid 59e usmle step 2018 ercocni-to-itradcmt ta= len [ced lt bd wurerntau eotrentt uat""]"
The Body Remembers Volume 2,Babette Rothschild,dataset\adjusted_dataset\Medical\0000845.jpg,"[[[88, 0], [429, 0], [429, 191], [88, 191]]]","[""body remembers volume 2""]"
Applied Anatomy of Aerial Arts,Emily Scherb,dataset\adjusted_dataset\Medical\0000846.jpg,"[[[31, 19], [484, 19], [484, 103], [31, 103]]]","[""applied anatomy of aerial arts""]"
Blueprint,Robert Plomin,dataset\adjusted_dataset\Medical\0000847.jpg,"[[[86, 148], [426, 148], [426, 284], [86, 284]]]","[""blueprint [n dalynkt li #hne t""]"
Principles and Practice of Phytotherapy,Kerry Bone,dataset\adjusted_dataset\Medical\0000848.jpg,"[[[30, 71], [482, 71], [482, 332], [30, 332]]]","[""principles and practice of phytotherapy moder\"" herbll meicihe ju] eq @ smr mia""]"
Experiencing CBT from the Inside Out,James Bennett-Levy,dataset\adjusted_dataset\Medical\0000849.jpg,"[[[79, 33], [436, 33], [436, 302], [79, 302]]]","[""experiencing cbt from the inside uut 4sc practlcc se# rcllcction wuriuzok ju thurepialy""]"
The Salt Fix,James Dinicolantonio,dataset\adjusted_dataset\Medical\0000850.jpg,[],[]
Textbook of Adult Emergency Medicine,Peter Cameron,dataset\adjusted_dataset\Medical\0000851.jpg,"[[[17, 292], [492, 292], [492, 435], [17, 435]]]","[""textbookofadult emergency medicine""]"
The Impatient Woman's Guide to Getting Pregnant,Jean M. Twenge,dataset\adjusted_dataset\Medical\0000852.jpg,"[[[2, 0], [409, 0], [409, 321], [2, 321]]]","[""the impatient woman's guide co getting pregnant""]"
Overcoming,Vicky Phelan,dataset\adjusted_dataset\Medical\0000853.jpg,[],[]
The Hormone Reset Diet,Sara Gottfried,dataset\adjusted_dataset\Medical\0000854.jpg,"[[[21, 78], [300, 78], [300, 303], [21, 303]]]","[""hormone reset diet ila tjmkrldaa jc ycv'0 i indtnwct""]"
Sports And Remedial Massage Therapy,Mel Cash,dataset\adjusted_dataset\Medical\0000855.jpg,"[[[18, 240], [492, 240], [492, 338], [18, 338]]]","[""sport & remedial massage therapy""]"
The Reflective Journal,Barbara Bassot,dataset\adjusted_dataset\Medical\0000856.jpg,"[[[134, 164], [384, 164], [384, 240], [134, 240]]]","[""reflective journal""]"
What Every Parent Needs To Know,Margot Sunderland,dataset\adjusted_dataset\Medical\0000857.jpg,"[[[19, 253], [497, 253], [497, 367], [19, 367]]]","[""what every parent needs to know anu tiut dtild""]"
A Course in Weight Loss,Marianne Williamson,dataset\adjusted_dataset\Medical\0000858.jpg,[],[]
The Autoimmune Wellness Handbook,Mickey Trescott,dataset\adjusted_dataset\Medical\0000859.jpg,[],[]
The Acid Watcher Diet,Dr. Jonathan Aviv,dataset\adjusted_dataset\Medical\0000860.jpg,"[[[117, 92], [420, 92], [420, 383], [117, 383]]]","[""acid watcher diet jun eetvoenonriwuc j0 ea3 eaelhb f4nanta (in""]"
Plant Spirit Healing,Pam Montgomery,dataset\adjusted_dataset\Medical\0000861.jpg,"[[[36, 338], [476, 338], [476, 499], [36, 499]]]","[""plant spirit healing to rx gput""]"
The Heart's Code,Paul Pearsall,dataset\adjusted_dataset\Medical\0000862.jpg,[],[]
Genome,Matt Ridley,dataset\adjusted_dataset\Medical\0000863.jpg,"[[[5, 103], [499, 103], [499, 165], [5, 165]]]","[""genome""]"
Lost Connections,Johann Hari,dataset\adjusted_dataset\Medical\0000864.jpg,"[[[30, 179], [485, 179], [485, 229], [30, 229]]]","[""connections""]"
I Think You'll Find It's a Bit More Complicated Than That,Ben Goldacre,dataset\adjusted_dataset\Medical\0000865.jpg,"[[[99, 99], [440, 99], [440, 328], [99, 328]]]","[""nini dutwe aindht s bilnora femnpizategh jhan tha""]"
Stop the Thyroid Madness II,Andrew Heyman,dataset\adjusted_dataset\Medical\0000866.jpg,"[[[156, 54], [512, 54], [512, 374], [156, 374]]]","[""stof thc thyrodd madness h zuthc ecan v mulnex \"" icj7+0 /t otmant? #cu [pgyics  c lir ofien-9""]"
Paediatric Handbook,Michael Marks,dataset\adjusted_dataset\Medical\0000867.jpg,"[[[31, 13], [261, 13], [261, 95], [31, 95]]]","[""paediatric handbook thidr""]"
The Coaching Manual,Julie Starr,dataset\adjusted_dataset\Medical\0000868.jpg,"[[[55, 111], [452, 111], [452, 225], [55, 225]]]","[""coaching manual""]"
Dorothea's War,Dorothea Crewdson,dataset\adjusted_dataset\Medical\0000869.jpg,[],[]
The Brain That Changes Itself : Stories of Personal Triumph from the Frontiers of Brain Science (MP3 CD),Jim Bond,dataset\adjusted_dataset\Medical\0000870.jpg,"[[[24, 170], [453, 170], [453, 486], [24, 486]]]","[""bre n that changes itself tittt frr' mrt nornandcwpge md""]"
5:2 Fast Diet for Beginners,Rockridge Press,dataset\adjusted_dataset\Medical\0000871.jpg,"[[[28, 51], [481, 51], [481, 481], [28, 481]]]","[""the 512 fast diet for beginners ance r fins""]"
"Acceptance and Commitment Therapy, Second Edition",Steven C. Hayes,dataset\adjusted_dataset\Medical\0000872.jpg,"[[[91, 63], [423, 63], [423, 263], [91, 263]]]","[""acceptance therapy the rrd  099 and pitelice 41 mindiul chaner""]"
Spark,Dr. John J. Ratey,dataset\adjusted_dataset\Medical\0000873.jpg,"[[[5, 42], [504, 42], [504, 233], [5, 233]]]","[""jpark""]"
Clinical Psychology for Trainees,Andrew C. Page,dataset\adjusted_dataset\Medical\0000874.jpg,"[[[54, 161], [425, 161], [425, 321], [54, 321]]]","[""clinical psychology for trainees""]"
The Gentle Birth Method,Dr. Gowri Motha,dataset\adjusted_dataset\Medical\0000875.jpg,[],[]
Clinical Medicine for the MRCP PACES Pack,Gautam Mehta,dataset\adjusted_dataset\Medical\0000876.jpg,"[[[31, 66], [494, 66], [494, 225], [31, 225]]]","[""clnical fdr thp volumc icnintunic clinicalmfdicine fcr thf macp paces kalrt for ni,i""]"
Accident and Emergency Radiology: A Survival Guide,Nigel Raby,dataset\adjusted_dataset\Medical\0000877.jpg,"[[[29, 29], [317, 29], [317, 173], [29, 173]]]","[""accident & emergency radiology asuayiyal gvide""]"
Ketogenic Bread Cookbook,Amber Gryffon,dataset\adjusted_dataset\Medical\0000878.jpg,"[[[114, 103], [399, 103], [399, 228], [114, 228]]]","[""ketogenic bread cookbook""]"
Psychoanalytic Psychotherapy,Nancy McWilliams,dataset\adjusted_dataset\Medical\0000879.jpg,"[[[27, 146], [498, 146], [498, 270], [27, 270]]]","[""psychoaalytic {xitii ltne""]"
Medical Pharmacology at a Glance,Michael J. Neal,dataset\adjusted_dataset\Medical\0000880.jpg,"[[[283, 104], [499, 104], [499, 203], [283, 203]]]","[""medlcal pharmacolvgl at a glance""]"
Moon Time,Lucy H. Pearce,dataset\adjusted_dataset\Medical\0000881.jpg,"[[[45, 449], [467, 449], [467, 487], [45, 487]]]","[""llen itemxe""]"
The Neuroscience of Psychotherapy,Louis Cozolino,dataset\adjusted_dataset\Medical\0000882.jpg,"[[[80, 220], [485, 220], [485, 304], [80, 304]]]","[""neuroscience psychotherapy""]"
Vitamin K2 and the Calcium Paradox,Kate Rheaume-bleue,dataset\adjusted_dataset\Medical\0000883.jpg,"[[[9, 195], [512, 195], [512, 389], [9, 389]]]","[""vitamn k uhm tme calcium paredox""]"
The Structure of Magic: A Book About Communication and Change v. 2,John Grinder,dataset\adjusted_dataset\Medical\0000884.jpg,[],[]
Mentalization-Based Treatment for Personality Disorders,Anthony Bateman,dataset\adjusted_dataset\Medical\0000885.jpg,"[[[36, 146], [475, 146], [475, 194], [36, 194]]]","[""based treatmentfda peasonality disoaders""]"
"First Aid for the USMLE Step 2 CK, Tenth Edition",Tao Le,dataset\adjusted_dataset\Medical\0000886.jpg,"[[[10, 6], [497, 6], [497, 375], [10, 375]]]","[""first aidtpe usmle step 2 ck clinical knowledge lan snvdext guide siucext to wabea+e4a""]"
Gluten-Free Artisan Bread in Five Minutes a Day,Jeff Hertzberg,dataset\adjusted_dataset\Medical\0000887.jpg,"[[[16, 431], [471, 431], [471, 512], [16, 512]]]","[""cluten-trce a fan ttcad in fiv minue: { dave""]"
The Encyclopedia of Psychoactive Plants,Christian Rätsch,dataset\adjusted_dataset\Medical\0000888.jpg,"[[[56, 182], [454, 182], [454, 210], [56, 210]]]","[""the encyclofedia cf""]"
DMSO,Morton Walker,dataset\adjusted_dataset\Medical\0000889.jpg,[],[]
Self-Therapy,Jay Earley,dataset\adjusted_dataset\Medical\0000890.jpg,"[[[21, 208], [491, 208], [491, 280], [21, 280]]]","[""seli therapy""]"
Letting Go,Charlie Corke,dataset\adjusted_dataset\Medical\0000891.jpg,[],[]
Mucusless Diet Healing System,Arnold Ehret,dataset\adjusted_dataset\Medical\0000892.jpg,"[[[37, 44], [468, 44], [468, 237], [37, 237]]]","[""icresec-amold ehers mucusless diet healing system scirndft merhodnf fnrin; gr 777 0 itel di donee""]"
Exercise Physiology,William D. McArdle,dataset\adjusted_dataset\Medical\0000893.jpg,"[[[108, 107], [397, 107], [397, 205], [108, 205]]]","[""exercise physiology""]"
Ever Patient Tells a Story,Lisa Sanders,dataset\adjusted_dataset\Medical\0000894.jpg,"[[[18, 57], [496, 57], [496, 172], [18, 172]]]","[""every patient tells 0 story""]"
The Autistic Spectrum,Lorna Wing,dataset\adjusted_dataset\Medical\0000895.jpg,"[[[66, 178], [444, 178], [444, 277], [66, 277]]]","[""autistic sfectrun""]"
Disease-Proof Your Child,Joel Fuhrman M D,dataset\adjusted_dataset\Medical\0000896.jpg,"[[[29, 45], [460, 45], [460, 255], [29, 255]]]","[""disease-proof your child feeding kida right""]"
Fragile Lives,Stephen Westaby,dataset\adjusted_dataset\Medical\0000897.jpg,"[[[23, 67], [500, 67], [500, 237], [23, 237]]]","[""fragile iv e s""]"
Preparing for the BMAT: The official guide to the Biomedical Admissions Test New Edition,,dataset\adjusted_dataset\Medical\0000898.jpg,[],[]
The Longevity Diet,Valter Longo,dataset\adjusted_dataset\Medical\0000899.jpg,"[[[71, 435], [440, 435], [440, 481], [71, 481]]]","[""valter longo ph d uee""]"
The Heart and Soul of Change,Barry L. Duncan,dataset\adjusted_dataset\Medical\0000900.jpg,"[[[29, 52], [484, 52], [484, 343], [29, 343]]]","[""the heart &soulo change second edirion e4nn #enedintith""]"
She Comes First,Ian Kerner,dataset\adjusted_dataset\Medical\0000901.jpg,[],[]
Phantoms in the Brain,"V S Ramachandran M.D., Ph.D.",dataset\adjusted_dataset\Medical\0000902.jpg,"[[[32, 100], [510, 100], [510, 181], [32, 181]]]","[""paantom$ in t h e b katn""]"
"Rest, Play, Grow",Deborah MacNamara PhD,dataset\adjusted_dataset\Medical\0000903.jpg,[],[]
The Mind and the Brain,Jeffrey M Schartz,dataset\adjusted_dataset\Medical\0000904.jpg,"[[[42, 77], [230, 77], [230, 109], [42, 109]]]","[""tk mind""]"
"You Mean I'm Not Lazy, Stupid or Crazy?!",Kate Kelly,dataset\adjusted_dataset\Medical\0000905.jpg,"[[[18, 12], [482, 12], [482, 366], [18, 366]]]","[""you mean tm not lazy stupid or crazy?! njw tht daair zu -hetp updalsd bock iundlb #e \""earucn delizi civomier""]"
Chris Beat Cancer,Christ Wark,dataset\adjusted_dataset\Medical\0000906.jpg,"[[[36, 102], [475, 102], [475, 490], [36, 490]]]","[""chris beat cancer c h ris w a r k""]"
Sports Injury Prevention and Rehabilitation,David Joyce,dataset\adjusted_dataset\Medical\0000907.jpg,"[[[51, 40], [393, 40], [393, 229], [51, 229]]]","[""sports injury prevention and rehabilitation 4xa wemeuhvcc reenocrehelcejnjyt""]"
The Roar Behind the Silence,Sheena Byrom,dataset\adjusted_dataset\Medical\0000908.jpg,"[[[0, 0], [512, 0], [512, 512], [0, 512]]]","[""roar behiid stfnce""]"
The Green Zone Conversation Book,Joel Shaul,dataset\adjusted_dataset\Medical\0000909.jpg,"[[[57, 142], [457, 142], [457, 403], [57, 403]]]","[""green zone conmpsatian bpok""]"
One Day at a Time Diary 2020,Abby Wynne,dataset\adjusted_dataset\Medical\0000910.jpg,"[[[95, 105], [417, 105], [417, 207], [95, 207]]]","[""qhe day at a thme 777100467""]"
Notes on Nursing,Florence Nightingale,dataset\adjusted_dataset\Medical\0000911.jpg,"[[[25, 266], [296, 266], [296, 376], [25, 376]]]","[""notes on nursing""]"
The Adrenal Thyroid Revolution,Aviva Romm,dataset\adjusted_dataset\Medical\0000912.jpg,"[[[0, 53], [512, 53], [512, 402], [0, 402]]]","[""adrenal thyroid revolution 4rovex hweee pacgaih to heicue youf heteclen hd#kone; hikt  mood""]"
Steps to an Ecology of Mind,Gregory Bateson,dataset\adjusted_dataset\Medical\0000913.jpg,,
Vascular System and Viscera Anatomical Chart,Anatomical Chart Company,dataset\adjusted_dataset\Medical\0000914.jpg,[],[]
The Memory Book,Tony Buzan,dataset\adjusted_dataset\Medical\0000915.jpg,[],[]
Self-Regulation Interventions and Strategies,Teresa Garland,dataset\adjusted_dataset\Medical\0000916.jpg,"[[[52, 81], [408, 81], [408, 231], [52, 231]]]","[""belf-regulation interventons and btrategies otn dd4""]"
Close Your Mouth,Patrick G. McKeown,dataset\adjusted_dataset\Medical\0000917.jpg,"[[[0, 0], [512, 0], [512, 152], [0, 152]]]","[""close your mouth buntka bgachinn oac {nfnln minnl""]"
Overcoming Health Anxiety,David Veale,dataset\adjusted_dataset\Medical\0000918.jpg,[],[]
A Secure Base,John Bowlby,dataset\adjusted_dataset\Medical\0000919.jpg,[],[]
Hamlyn All Colour Cookery: 200 5:2 Diet Recipes,Angela Dowden,dataset\adjusted_dataset\Medical\0000920.jpg,"[[[57, 165], [492, 165], [492, 253], [57, 253]]]","[""200 sediet recipes""]"
Body-centered Psychotherapy,Ron Kurtz,dataset\adjusted_dataset\Medical\0000921.jpg,"[[[55, 243], [464, 243], [464, 352], [55, 352]]]","[""bodxcentertd psychotherapy tc / jkl\""  anor""]"
Insecure in Love,Leslie Becker-phelps,dataset\adjusted_dataset\Medical\0000922.jpg,[],[]
Primal Wound,Nancy Verrier,dataset\adjusted_dataset\Medical\0000923.jpg,"[[[122, 106], [390, 106], [390, 286], [122, 286]]]","[""primal wound underatanding hte adopterl child""]"
Chris Beat Cancer,Chris Wark,dataset\adjusted_dataset\Medical\0000924.jpg,"[[[36, 104], [474, 104], [474, 490], [36, 490]]]","[""chris beat cancer c h ris w a r k""]"
The Anxiety and Worry Workbook,David A. Clark,dataset\adjusted_dataset\Medical\0000925.jpg,[],[]
The Bloke's Guide To Pregnancy,Jon Smith,dataset\adjusted_dataset\Medical\0000926.jpg,"[[[14, 84], [510, 84], [510, 501], [14, 501]]]","[""the bloke's guide t0 pregnancy jon smith #unllno uut""]"
Examkrackers 101 Passages in MCAT Verbal Reasoning,David Orsay,dataset\adjusted_dataset\Medical\0000927.jpg,"[[[0, 43], [498, 43], [498, 298], [0, 298]]]","[""mcat [+se4ges 14 il !cl verbalreasoning""]"
The Light In The Window,June Goulding,dataset\adjusted_dataset\Medical\0000928.jpg,"[[[7, 314], [469, 314], [469, 512], [7, 512]]]","[""ttc lightin chewindow  | n ! 0 vv | \"" | nt""]"
The Poisoner's Handbook,Professor of Journalism Deborah Blum,dataset\adjusted_dataset\Medical\0000929.jpg,"[[[88, 218], [430, 218], [430, 294], [88, 294]]]","[""posoners 7 d ndooor""]"
Netter's Anatomy Flash Cards,John T. Hansen,dataset\adjusted_dataset\Medical\0000930.jpg,"[[[52, 32], [342, 32], [342, 145], [52, 145]]]","[""nftttrs anatomt flasit cards feur""]"
Forensics,Val McDermid,dataset\adjusted_dataset\Medical\0000931.jpg,[],[]
Robbins Basic Pathology,Vinay Kumar,dataset\adjusted_dataset\Medical\0000932.jpg,"[[[72, 107], [422, 107], [422, 250], [72, 250]]]","[""robbins basic pathology""]"
Facial Diagnosis of Cell Salt Deficiencies,David R. Card,dataset\adjusted_dataset\Medical\0000933.jpg,"[[[60, 18], [444, 18], [444, 249], [60, 249]]]","[""fagml diagnosts of cell salt deficiencies ljrr> gnm""]"
Ketogenic Diet,Malik Johnson,dataset\adjusted_dataset\Medical\0000934.jpg,[],[]
My Age of Anxiety,Scott Stossel,dataset\adjusted_dataset\Medical\0000935.jpg,"[[[88, 113], [497, 113], [497, 295], [88, 295]]]","[""mz 432 *f anxtety""]"
Netter's Anatomy Coloring Book Updated Edition,John T. Hansen,dataset\adjusted_dataset\Medical\0000936.jpg,"[[[20, 61], [334, 61], [334, 237], [20, 237]]]","[""netter's anatomy coloring book""]"
"Learning ACT, 2nd Edition",Jason B. Luoma,dataset\adjusted_dataset\Medical\0000937.jpg,"[[[52, 92], [373, 92], [373, 165], [52, 165]]]","[""learning""]"
The Brain over Binge Recovery Guide,Kathryn Hansen,dataset\adjusted_dataset\Medical\0000938.jpg,"[[[29, 25], [483, 25], [483, 131], [29, 131]]]","[""brain over binge recovery guide flj /30""]"
Exploring Feelings for Young Children with High-Functioning Autism or Asperger's Disorder,Tony Attwood,dataset\adjusted_dataset\Medical\0000939.jpg,"[[[28, 29], [453, 29], [453, 268], [28, 268]]]","[""exploring feelings fi yollx chicu wtl* hign-functioning autisn) *r #prlxt\"" hlturdcr""]"
Aids to the Examination of the Peripheral Nervous System,Michael O'Brien,dataset\adjusted_dataset\Medical\0000940.jpg,"[[[29, 17], [393, 17], [393, 228], [29, 228]]]","[""adsttht fx mnation tl perifheral neryous system ftt tdt dn""]"
Let the Children Play,Pasi Sahlberg,dataset\adjusted_dataset\Medical\0000941.jpg,[],[]
Bioenergetics,Alexander Lowen,dataset\adjusted_dataset\Medical\0000942.jpg,,
Meditation Made Easy,Lorin Roche,dataset\adjusted_dataset\Medical\0000943.jpg,"[[[16, 22], [482, 22], [482, 178], [16, 178]]]","[""meditation made easy win wc4e w m""]"
The Healthiest Diet on the Planet,John McDougall,dataset\adjusted_dataset\Medical\0000944.jpg,"[[[25, 48], [491, 48], [491, 221], [25, 221]]]","[""the healthiest diet onthe planet tiulen""]"
1001 Solution-Focused Questions,Fredrike Bannink,dataset\adjusted_dataset\Medical\0000945.jpg,"[[[25, 172], [495, 172], [495, 316], [25, 316]]]","[""1001 soltion-focused questions""]"
New Peoplemaking,Virginia M. Satir,dataset\adjusted_dataset\Medical\0000946.jpg,"[[[26, 88], [494, 88], [494, 164], [26, 164]]]","[""peoplehak ia6""]"
Shinrin-Yoku,Dr Qing Li,dataset\adjusted_dataset\Medical\0000947.jpg,"[[[150, 187], [397, 187], [397, 212], [150, 212]]]","[""shinein-toru""]"
"Think, Learn, Succeed Workbook",Dr. Caroline Leaf,dataset\adjusted_dataset\Medical\0000948.jpg,"[[[118, 297], [393, 297], [393, 381], [118, 381]]]","[""thtnk learn""]"
The 12 Stages of Healing,Donald M. Epstein,dataset\adjusted_dataset\Medical\0000949.jpg,"[[[38, 15], [492, 15], [492, 209], [38, 209]]]","[""12 stages healing""]"
The Little Book of Big Weightloss,Bernadette Fisers,dataset\adjusted_dataset\Medical\0000950.jpg,"[[[112, 26], [398, 26], [398, 195], [112, 195]]]","[""t mink dook uf big mmtve""]"
Mindfulness for Borderline Personality Disorder,Blaise Aguirre,dataset\adjusted_dataset\Medical\0000951.jpg,"[[[99, 53], [413, 53], [413, 148], [99, 148]]]","[""mindfulness for borderline persorality jintrder""]"
Plant Spirit Medicine,Eliot Cowan,dataset\adjusted_dataset\Medical\0000952.jpg,"[[[37, 18], [486, 18], [486, 285], [37, 285]]]","[""plant spirit medicine""]"
Emperor of All Maladies,Siddharta Mukherjee,dataset\adjusted_dataset\Medical\0000953.jpg,[],[]
The Mental Health Handbook,Trevor Powell,dataset\adjusted_dataset\Medical\0000954.jpg,"[[[88, 130], [464, 130], [464, 375], [88, 375]]]","[""ts meuta] health handboel leq\""ti@cwdcodkoud don tiinn""]"
The Happiest Baby Guide to Great Sleep,Harvey Karp,dataset\adjusted_dataset\Medical\0000955.jpg,"[[[22, 338], [496, 338], [496, 511], [22, 511]]]","[""happiest baby guide +0 great sleep outeetuntctatrrtn -jaje;""]"
Bright Kids Who Can't Keep Up,Ellen Braaten,dataset\adjusted_dataset\Medical\0000956.jpg,[],[]
Strangers to Ourselves,Timothy D. Wilson,dataset\adjusted_dataset\Medical\0000957.jpg,[],[]
Mountains Beyond Mountains,Tracy Kidder,dataset\adjusted_dataset\Medical\0000958.jpg,"[[[53, 16], [475, 16], [475, 257], [53, 257]]]","[""jayek ut fllzi re tracy kdde r mountatny b eyond moun|4tny""]"
All Things Wise and Wonderful,James Herriot,dataset\adjusted_dataset\Medical\0000959.jpg,[],[]
What's Going on in There?,Lise Eliot,dataset\adjusted_dataset\Medical\0000960.jpg,"[[[19, 3], [493, 3], [493, 93], [19, 93]]]","[""whatsgoinc on in thcrc?""]"
Deadly Medicines and Organised Crime,Peter C. Gotzsche,dataset\adjusted_dataset\Medical\0000961.jpg,[],[]
Crucial Interventions,Richard Barnett,dataset\adjusted_dataset\Medical\0000962.jpg,[],[]
The Depression Cure,Stephen S. Ilardi,dataset\adjusted_dataset\Medical\0000963.jpg,"[[[59, 108], [482, 108], [482, 347], [59, 347]]]","[""depression cure uanteod hnu doudtakt""]"
Art Therapy Exercises,Liesl Silverstone,dataset\adjusted_dataset\Medical\0000964.jpg,"[[[22, 43], [474, 43], [474, 199], [22, 199]]]","[""art therapy exercises in-nizaaud kieei idez w tnuljeteirinn liesl silveretone bentem""]"
Shrinks,Jeffrey A. Lieberman,dataset\adjusted_dataset\Medical\0000965.jpg,"[[[19, 167], [491, 167], [491, 259], [19, 259]]]","[""shrinks""]"
How Not To Diet,Michael Greger,dataset\adjusted_dataset\Medical\0000966.jpg,[],[]
Tripping Over the Truth,Travis Christofferson,dataset\adjusted_dataset\Medical\0000967.jpg,[],[]
Memoirs of an Addicted Brain,Marc Lewis,dataset\adjusted_dataset\Medical\0000968.jpg,"[[[69, 90], [438, 90], [438, 200], [69, 200]]]","[""apbictep bkatn""]"
Becoming an Emotionally Focused Couple Therapist,Susan M. Johnson,dataset\adjusted_dataset\Medical\0000969.jpg,"[[[27, 17], [483, 17], [483, 138], [27, 138]]]","[""'becoming an 'emotiorolly 'tocused coupla ' therapist \""nr uis lneut""]"
Creative Process in Gestalt Therapy,Joseph C. Zinker,dataset\adjusted_dataset\Medical\0000970.jpg,[],[]
Cognitive Processing Therapy for PTSD,Patricia A. Resick,dataset\adjusted_dataset\Medical\0000971.jpg,"[[[80, 76], [439, 76], [439, 429], [80, 429]]]","[""cognitive processing therapy for ptsd compchenite menusi fitrciz rrack cundica bl manson rahlan m chnrd""]"
The Neurobiology of Attachment-Focused Therapy,Jonathan Baylin,dataset\adjusted_dataset\Medical\0000972.jpg,"[[[33, 356], [475, 356], [475, 392], [33, 392]]]","[""auuclicucit-fucuscd thetpy""]"
Oxford Handbook of Clinical Diagnosis,Huw Llewelyn,dataset\adjusted_dataset\Medical\0000973.jpg,"[[[31, 96], [395, 96], [395, 184], [31, 184]]]","[""ofnarl m jjlock clinical diagnosis""]"
Smart Moves,Carla Hannaford,dataset\adjusted_dataset\Medical\0000974.jpg,[],[]
Creative Interventions with Traumatized Children,Cathy A. Malchiodi,dataset\adjusted_dataset\Medical\0000975.jpg,"[[[20, 308], [492, 308], [492, 502], [20, 502]]]","[""interventions with traumatized children edscathy a. malchiodi""]"
Kaplan and Sadock's Synopsis of Psychiatry,Benjamin J. Sadock,dataset\adjusted_dataset\Medical\0000976.jpg,"[[[34, 140], [472, 140], [472, 190], [34, 190]]]","[""of psychiatry""]"
The Science of Trust,John M. Gottman,dataset\adjusted_dataset\Medical\0000977.jpg,"[[[41, 58], [475, 58], [475, 199], [41, 199]]]","[""the science of trust elcti4l krtdkdate] -ofcourc;""]"
Freedom from Pain,Peter Levine,dataset\adjusted_dataset\Medical\0000978.jpg,"[[[13, 157], [507, 157], [507, 474], [13, 474]]]","[""treedom froma pain wfix:tl \""udr kusgit paillip;   phi""]"
From Here to Eternity,Caitlin Doughty,dataset\adjusted_dataset\Medical\0000979.jpg,"[[[169, 329], [339, 329], [339, 367], [169, 367]]]","[""eternitt""]"
Oxford Handbook of Obstetrics and Gynaecology (flexicover),Sally Collins,dataset\adjusted_dataset\Medical\0000980.jpg,"[[[28, 94], [469, 94], [469, 183], [28, 183]]]","[""gxrordhendbookof dbstetrics and gynaecology""]"
Healing Add,Daniel Amen,dataset\adjusted_dataset\Medical\0000981.jpg,[],[]
Nursing and Midwifery Research,Dean Whitehead,dataset\adjusted_dataset\Medical\0000982.jpg,"[[[45, 115], [312, 115], [312, 245], [45, 245]]]","[""nursing midwifery research""]"
I Found My Tribe,Ruth Fitzmaurice,dataset\adjusted_dataset\Medical\0000983.jpg,"[[[68, 53], [465, 53], [465, 172], [68, 172]]]","[""1 found my tribe""]"
Understanding and Treating Chronic Shame,Patricia A. DeYoung,dataset\adjusted_dataset\Medical\0000984.jpg,"[[[39, 262], [470, 262], [470, 302], [39, 302]]]","[""chronic shme""]"
How God Changes Your Brain,Andrew B. Newberg,dataset\adjusted_dataset\Medical\0000985.jpg,"[[[17, 101], [499, 101], [499, 487], [17, 487]]]","[""god changes youk brain r mmnmddnne ialhx nanrea # ft anmexnexmerm\"" \""drrnek\""tvn""]"
Stiff,Mary Roach,dataset\adjusted_dataset\Medical\0000986.jpg,[],[]
Basic epidemiology,World Health Organization(WHO),dataset\adjusted_dataset\Medical\0000987.jpg,"[[[5, -24], [477, -24], [477, 512], [5, 512]]]","[""ttt tr 6 * % basic x k emideiniology # t $ le""]"
From Fatigued to Fantastic,Jacob Teitelbaum,dataset\adjusted_dataset\Medical\0000988.jpg,"[[[15, 102], [507, 102], [507, 412], [15, 412]]]","[""fatigued fantastic cnth dtro tilaell @cisec mifecina""]"
Break Free from OCD,Fiona Challacombe,dataset\adjusted_dataset\Medical\0000989.jpg,"[[[27, 130], [512, 130], [512, 384], [27, 384]]]","[""break free from cd""]"
Sapiens,Yuval Noah Harari,dataset\adjusted_dataset\Science-Geography\0000001.jpg,[],[]
When Breath Becomes Air,Paul Kalanithi,dataset\adjusted_dataset\Science-Geography\0000002.jpg,"[[[35, 355], [481, 355], [481, 496], [35, 496]]]","[""becomes pauldalanthi air""]"
Homo Deus,Yuval Noah Harari,dataset\adjusted_dataset\Science-Geography\0000003.jpg,[],[]
Brief Answers to the Big Questions,Stephen Hawking,dataset\adjusted_dataset\Science-Geography\0000004.jpg,"[[[100, 376], [411, 376], [411, 468], [100, 468]]]","[""brief answers tc tne bic questions""]"
The Man Who Mistook His Wife for a Hat,Oliver Sacks,dataset\adjusted_dataset\Science-Geography\0000005.jpg,"[[[9, 285], [507, 285], [507, 452], [9, 452]]]","[""oliver sackts tne mar who mibeook hig vife ecr 4 hat""]"
A Brief History Of Time,Stephen Hawking,dataset\adjusted_dataset\Science-Geography\0000006.jpg,"[[[154, 200], [348, 200], [348, 286], [154, 286]]]","[""brief history of time""]"
The Clever Guts Diet,Michael Mosley,dataset\adjusted_dataset\Science-Geography\0000007.jpg,[],[]
Being Mortal,Atul Gawande,dataset\adjusted_dataset\Science-Geography\0000008.jpg,[],[]
The Power of Habit,Charles Duhigg,dataset\adjusted_dataset\Science-Geography\0000009.jpg,"[[[0, 27], [467, 27], [467, 223], [0, 223]]]","[""tae power 0f aabit yy ybd0*0*j dc ond hov_chonge""]"
Gut,Giulia Enders,dataset\adjusted_dataset\Science-Geography\0000010.jpg,[],[]
The Brain That Changes Itself,Norman Doidge,dataset\adjusted_dataset\Science-Geography\0000011.jpg,"[[[0, 0], [491, 0], [491, 147], [0, 147]]]","[""nobmay doldc e tlie brain thal changes ttself""]"
Astrophysics for People in a Hurry,Neil Degrasse Tyson,dataset\adjusted_dataset\Science-Geography\0000012.jpg,"[[[52, 236], [458, 236], [458, 332], [52, 332]]]","[""481rorat9ic8 jon peorlb hukr""]"
Prisoners of Geography,Tim Marshall,dataset\adjusted_dataset\Science-Geography\0000013.jpg,"[[[106, 162], [488, 162], [488, 244], [106, 244]]]","[""ppisoners ofgeography""]"
What If?,Randall Munroe,dataset\adjusted_dataset\Science-Geography\0000014.jpg,[],[]
"Guns, Germs And Steel",Jared Diamond,dataset\adjusted_dataset\Science-Geography\0000015.jpg,[],[]
Yoga Anatomy,Leslie Kaminoff,dataset\adjusted_dataset\Science-Geography\0000016.jpg,"[[[22, 10], [495, 10], [495, 196], [22, 196]]]","[""ijewi yoga anatomy ialmrna lctele""]"
Where Did I Come From?,Peter Mayle,dataset\adjusted_dataset\Science-Geography\0000017.jpg,[],[]
Lion,Saroo Brierley,dataset\adjusted_dataset\Science-Geography\0000018.jpg,[],[]
A Brief History Of Time,Stephen Hawking,dataset\adjusted_dataset\Science-Geography\0000019.jpg,"[[[131, 481], [369, 481], [369, 497], [131, 497]]]","[""lm d a t e edtoti""]"
Into the Wild,Jon Krakauer,dataset\adjusted_dataset\Science-Geography\0000020.jpg,"[[[100, 138], [412, 138], [412, 374], [100, 374]]]","[""unnto tle wid""]"
A Short History of Nearly Everything,Bill Bryson,dataset\adjusted_dataset\Science-Geography\0000021.jpg,"[[[14, 8], [498, 8], [498, 241], [14, 241]]]","[""bill brysor 4 short histort of nenuy evertthing journethlo cbnd nne""]"
The Salt Path,Raynor Winn,dataset\adjusted_dataset\Science-Geography\0000022.jpg,"[[[30, 318], [227, 318], [227, 426], [30, 426]]]","[""sa path""]"
The Immortal Life of Henrietta Lacks,Rebecca Skloot,dataset\adjusted_dataset\Science-Geography\0000023.jpg,"[[[159, 74], [506, 74], [506, 349], [159, 349]]]","[""inmortal life qf henrjeiia lacks""]"
"Walden: Or, Life in the Woods",Henry David Thoreau,dataset\adjusted_dataset\Science-Geography\0000024.jpg,[],[]
Key Muscles of Yoga: Your Guide to Functional Anatomy in Yoga,Ray Long,dataset\adjusted_dataset\Science-Geography\0000025.jpg,"[[[218, 154], [495, 154], [495, 360], [218, 360]]]","[""the key muscles yoga wchc""]"
Bad Science,Ben Goldacre,dataset\adjusted_dataset\Science-Geography\0000026.jpg,"[[[83, 137], [409, 137], [409, 237], [83, 237]]]","[""science ben goldacre""]"
Thing Explainer,Randall Munroe,dataset\adjusted_dataset\Science-Geography\0000027.jpg,"[[[118, 62], [398, 62], [398, 203], [118, 203]]]","[""thing explainer consutated?tfr in wyple reri?""]"
The Brain's Way of Healing,Norman Doidge,dataset\adjusted_dataset\Science-Geography\0000028.jpg,"[[[38, 335], [439, 335], [439, 413], [38, 413]]]","[""tthz krain< wit of hcaling""]"
The Anatomy Coloring Book,Wynn Kapit,dataset\adjusted_dataset\Science-Geography\0000029.jpg,"[[[35, 25], [443, 25], [443, 128], [35, 128]]]","[""anatomy ccloring book #w\"" ljitvmozt""]"
How to Change Your Mind,Michael Pollan,dataset\adjusted_dataset\Science-Geography\0000030.jpg,[],[]
The Black Swan,Nassim Nicholas Taleb,dataset\adjusted_dataset\Science-Geography\0000031.jpg,"[[[18, 260], [497, 260], [497, 501], [18, 501]]]","[""black swan nassim nicholas taleb h4""]"
The Psychopath Test,Jon Ronson,dataset\adjusted_dataset\Science-Geography\0000032.jpg,"[[[115, 343], [397, 343], [397, 413], [115, 413]]]","[""psychopath test""]"
Seven Brief Lessons on Physics,Carlo Rovelli,dataset\adjusted_dataset\Science-Geography\0000033.jpg,[],[]
Women In Science,Rachel Ignotofsky,dataset\adjusted_dataset\Science-Geography\0000034.jpg,[],[]
The Brain That Changes Itself,Norman Doidge,dataset\adjusted_dataset\Science-Geography\0000035.jpg,"[[[29, 86], [483, 86], [483, 472], [29, 472]]]","[""the b r rin that changes itself esdir_trratrinerk fr3 wlovmier& urjin eei=ue= ncrmandoidce md""]"
This Changes Everything,Naomi Klein,dataset\adjusted_dataset\Science-Geography\0000036.jpg,"[[[13, 44], [410, 44], [410, 314], [13, 314]]]","[""naomi klein thischanhes everytumg 14 iin""]"
Lost Ocean,Johanna Basford,dataset\adjusted_dataset\Science-Geography\0000037.jpg,"[[[101, 208], [410, 208], [410, 359], [101, 359]]]","[""lost ocean""]"
Buddha's Brain,Rick Hanson,dataset\adjusted_dataset\Science-Geography\0000038.jpg,"[[[1, 144], [512, 144], [512, 255], [1, 255]]]","[""buddba' s bram jai nm""]"
A Mind for Numbers,Barbara Oakley,dataset\adjusted_dataset\Science-Geography\0000039.jpg,"[[[26, 23], [488, 23], [488, 226], [26, 226]]]","[""mind 0 for numbers""]"
No One Is Too Small to Make a Difference,Greta Thunberg,dataset\adjusted_dataset\Science-Geography\0000040.jpg,"[[[130, 254], [382, 254], [382, 318], [130, 318]]]","[""jstodemall tomake 4 dufferecce""]"
The Hidden Life of Trees,Peter Wohlleben,dataset\adjusted_dataset\Science-Geography\0000041.jpg,"[[[31, 61], [457, 61], [457, 161], [31, 161]]]","[""ttu hideo lifu trees""]"
The Maze Runner,James Dashner,dataset\adjusted_dataset\Science-Geography\0000042.jpg,[],[]
"Godel, Escher, Bach",Douglas R. Hofstadter,dataset\adjusted_dataset\Science-Geography\0000043.jpg,"[[[30, 380], [482, 380], [482, 459], [30, 459]]]","[""gov ecafk rach: x u wda if""]"
Superintelligence,Nick Bostrom,dataset\adjusted_dataset\Science-Geography\0000044.jpg,"[[[9, 65], [483, 65], [483, 133], [9, 133]]]","[""superintelligence paths-diga subk""]"
How To,Randall Munroe,dataset\adjusted_dataset\Science-Geography\0000045.jpg,[],[]
You Are the Placebo,Joe Dispenza,dataset\adjusted_dataset\Science-Geography\0000046.jpg,"[[[58, 0], [452, 0], [452, 94], [58, 94]]]","[""yod are the placebo nito yotrmtd ncllet""]"
Fooled by Randomness,Nassim Nicholas Taleb,dataset\adjusted_dataset\Science-Geography\0000047.jpg,"[[[41, 155], [506, 155], [506, 372], [41, 372]]]","[""fooled by randomness ta hiddenacl 0i chmramlile eunt hankels""]"
A Brief History of Mathematical Thought,Luke Heaton,dataset\adjusted_dataset\Science-Geography\0000048.jpg,"[[[0, 0], [512, 0], [512, 494], [0, 494]]]","[""}3c wke heatdh mathematical brie1 histey of kex tcucents adgteie 1nzy (ome jioti thought""]"
So You've Been Publicly Shamed,Jon Ronson,dataset\adjusted_dataset\Science-Geography\0000049.jpg,"[[[11, 407], [512, 407], [512, 512], [11, 512]]]","[""soyou've been publicly shamed""]"
The Selfish Gene,Richard Dawkins,dataset\adjusted_dataset\Science-Geography\0000050.jpg,"[[[15, 29], [495, 29], [495, 356], [15, 356]]]","[""richard dawkins the selfish gene 4ri anniyersary rctan4""]"
Flatland,Edwin A. Abbott,dataset\adjusted_dataset\Science-Geography\0000051.jpg,[],[]
An Introductory Guide to Anatomy & Physiology,Louise Tucker,dataset\adjusted_dataset\Science-Geography\0000052.jpg,"[[[32, 27], [372, 27], [372, 156], [32, 156]]]","[""anktojusct sucl1o anatomy &physiology""]"
The Scorch Trials,James Dashner,dataset\adjusted_dataset\Science-Geography\0000053.jpg,[],[]
A Really Short History of Nearly Everything,Bill Bryson,dataset\adjusted_dataset\Science-Geography\0000054.jpg,"[[[19, 6], [494, 6], [494, 449], [19, 449]]]","[""bill bryson realll short hsto3y @flelely evertthing""]"
Endurance: Shackleton's Incredible Voyage,Alfred Lansing,dataset\adjusted_dataset\Science-Geography\0000055.jpg,[],[]
The Magic of Reality,Richard Dawkins,dataset\adjusted_dataset\Science-Geography\0000056.jpg,"[[[66, 220], [487, 220], [487, 431], [66, 431]]]","[""magic of cality ~hnamu rn""]"
Free Will,Sam Harris,dataset\adjusted_dataset\Science-Geography\0000057.jpg,[],[]
An Astronaut's Guide to Life on Earth,Chris Hadfield,dataset\adjusted_dataset\Science-Geography\0000058.jpg,"[[[10, 292], [501, 292], [501, 494], [10, 494]]]","[""astronaut 5 guide to life on earth life lscnsec,imace""]"
Surely You're Joking Mr Feynman,Richard P. Feynman,dataset\adjusted_dataset\Science-Geography\0000059.jpg,"[[[243, 11], [499, 11], [499, 114], [243, 114]]]","[""surely rorne jcxig kii feyimol!""]"
Mathematical Mindsets,Jo Boaler,dataset\adjusted_dataset\Science-Geography\0000060.jpg,"[[[34, 96], [479, 96], [479, 205], [34, 205]]]","[""mathematical mindsets""]"
Rewire Your Anxious Brain,Catherine M. Pittman,dataset\adjusted_dataset\Science-Geography\0000061.jpg,[],[]
Key Poses of Yoga: the Scientific Keys Vol 2,Ray Long,dataset\adjusted_dataset\Science-Geography\0000062.jpg,"[[[240, 162], [492, 162], [492, 376], [240, 376]]]","[""the key poses yoga zatloan;wd[a""]"
The Emperor of All Maladies,Siddhartha Mukherjee,dataset\adjusted_dataset\Science-Geography\0000063.jpg,"[[[27, 59], [479, 59], [479, 190], [27, 190]]]","[""tbe emperor & almlaladies fictrpsorcint""]"
Behave,Robert M. Sapolsky,dataset\adjusted_dataset\Science-Geography\0000064.jpg,[],[]
The Talent Code,Daniel Coyle,dataset\adjusted_dataset\Science-Geography\0000065.jpg,[],[]
Cosmos,Carl Sagan,dataset\adjusted_dataset\Science-Geography\0000066.jpg,[],[]
The Demon-Haunted World,Carl Sagan,dataset\adjusted_dataset\Science-Geography\0000067.jpg,"[[[13, 23], [512, 23], [512, 289], [13, 289]]]","[""carl sagan demonaunted ud""]"
Gratitude,Oliver Sacks,dataset\adjusted_dataset\Science-Geography\0000068.jpg,"[[[55, 65], [461, 65], [461, 133], [55, 133]]]","[""gratitude""]"
Into the Wild,Jon Krakauer,dataset\adjusted_dataset\Science-Geography\0000069.jpg,"[[[126, 35], [492, 35], [492, 97], [126, 97]]]","[""intothewild jon frakauat""]"
Trail Guide to the Body,R.  Andrew Biel,dataset\adjusted_dataset\Science-Geography\0000070.jpg,"[[[43, 18], [502, 18], [502, 148], [43, 148]]]","[""trail guide to the body""]"
The Man Who Mistook His Wife for a Hat,Oliver Sacks,dataset\adjusted_dataset\Science-Geography\0000071.jpg,[],[]
When Breath Becomes Air,Paul Kalanithi,dataset\adjusted_dataset\Science-Geography\0000072.jpg,"[[[33, 193], [481, 193], [481, 496], [33, 496]]]","[""when breath becomes pauldalanthi air""]"
Invisible Women,Caroline Criado Perez,dataset\adjusted_dataset\Science-Geography\0000073.jpg,[],[]
Why Does E=mc2?,Brian Cox,dataset\adjusted_dataset\Science-Geography\0000074.jpg,"[[[95, 141], [458, 141], [458, 221], [95, 221]]]","[""e\""nc'? why docs""]"
This Is Not A Drill,Extinction Rebellion,dataset\adjusted_dataset\Science-Geography\0000075.jpg,"[[[19, 23], [461, 23], [461, 479], [19, 479]]]","[""this is not a drill extintoiao tebelion hentong""]"
This Is Your Brain On Music,Daniel J. Levitin,dataset\adjusted_dataset\Science-Geography\0000076.jpg,"[[[51, 94], [461, 94], [461, 356], [51, 356]]]","[""this i5 your brainon music lanlleytn""]"
Let My People Go Surfing,Yvon Chouinard,dataset\adjusted_dataset\Science-Geography\0000077.jpg,"[[[90, 71], [420, 71], [420, 224], [90, 224]]]","[""let my people 99 surfing""]"
The God Delusion,Richard Dawkins,dataset\adjusted_dataset\Science-Geography\0000078.jpg,"[[[32, 69], [492, 69], [492, 374], [32, 374]]]","[""richard damk14s the god delusior""]"
Life 3.0,Max Tegmark,dataset\adjusted_dataset\Science-Geography\0000079.jpg,"[[[74, 212], [436, 212], [436, 288], [74, 288]]]","[""life 30""]"
The Happiness Hypothesis,Jonathan Haidt,dataset\adjusted_dataset\Science-Geography\0000080.jpg,"[[[234, 334], [484, 334], [484, 459], [234, 459]]]","[""the happiness hypothesis jjnharamvt =r1""]"
Alan Turing: The Enigma,Andrew Hodges,dataset\adjusted_dataset\Science-Geography\0000081.jpg,"[[[37, 369], [469, 369], [469, 445], [37, 445]]]","[""alan turing: tae enigma""]"
Immortal Life of Henrietta Lacks,Rebecca Skloot,dataset\adjusted_dataset\Science-Geography\0000082.jpg,[],[]
The Invention of Nature,Andrea Wulf,dataset\adjusted_dataset\Science-Geography\0000083.jpg,"[[[117, 211], [409, 211], [409, 255], [117, 255]]]","[""nature""]"
Storm in a Teacup,Helen Czerski,dataset\adjusted_dataset\Science-Geography\0000084.jpg,"[[[59, 107], [447, 107], [447, 350], [59, 350]]]","[""stsrmj iu teacup finae phts1s of eyerldat dfe""]"
The Poetics of Space,Gaston Bachelard,dataset\adjusted_dataset\Science-Geography\0000085.jpg,[],[]
The Biology of Belief,Bruce H. Lipton,dataset\adjusted_dataset\Science-Geography\0000086.jpg,"[[[35, 20], [509, 20], [509, 118], [35, 118]]]","[""the bioloc a of belief a""]"
Chernobyl,Serhii Plokhy,dataset\adjusted_dataset\Science-Geography\0000087.jpg,[],[]
The Epigenetics Revolution,Nessa Carey,dataset\adjusted_dataset\Science-Geography\0000088.jpg,"[[[19, 86], [496, 86], [496, 315], [19, 315]]]","[""epigenetics revolution noy modorr buclca? anlan [7ng t 095""]"
Talking to Strangers,Malcolm Gladwell,dataset\adjusted_dataset\Science-Geography\0000089.jpg,"[[[22, 81], [487, 81], [487, 258], [22, 258]]]","[""talkin t0 strangers a hr h""]"
The Age of Surveillance Capitalism,Shoshana Zuboff,dataset\adjusted_dataset\Science-Geography\0000090.jpg,"[[[53, 99], [463, 99], [463, 189], [53, 189]]]","[""5wrveillance capitalisa""]"
Weapons of Math Destruction,Cathy O'neil,dataset\adjusted_dataset\Science-Geography\0000091.jpg,"[[[22, 122], [488, 122], [488, 172], [22, 172]]]","[""math destructiom""]"
Reality Is Not What It Seems,Carlo Rovelli,dataset\adjusted_dataset\Science-Geography\0000092.jpg,"[[[32, 50], [320, 50], [320, 389], [32, 389]]]","[""reality i5 not what i1 seems thfjcubneyo cuantuxgaavtt carlo rovelli""]"
Chernobyl Prayer,Svetlana Alexievich,dataset\adjusted_dataset\Science-Geography\0000093.jpg,"[[[176, 1], [401, 1], [401, 120], [176, 120]]]","[""sletenzh chenco foyet""]"
The Gene,Siddhartha Mukherjee,dataset\adjusted_dataset\Science-Geography\0000094.jpg,"[[[182, 63], [494, 63], [494, 190], [182, 190]]]","[""the gene anintirxtckstort""]"
A Universe From Nothing,Lawrence Krauss,dataset\adjusted_dataset\Science-Geography\0000095.jpg,"[[[33, 147], [403, 147], [403, 396], [33, 396]]]","[""a universe from nothing etcc goremiz tcntmcntonrg""]"
Thinking in Systems,Donella Meadows,dataset\adjusted_dataset\Science-Geography\0000096.jpg,"[[[122, 0], [512, 0], [512, 39], [122, 39]]]","[""tthintingin 573teitta""]"
Storytelling with Data,Cole Nussbaumer Knaflic,dataset\adjusted_dataset\Science-Geography\0000097.jpg,"[[[176, 146], [497, 146], [497, 440], [176, 440]]]","[""storytelling ~tdata jr.u msurito:bon juae jnt u* f\""occ orak""]"
Bounce,Matthew Syed,dataset\adjusted_dataset\Science-Geography\0000098.jpg,[],[]
The GCHQ Puzzle Book,GCHQ,dataset\adjusted_dataset\Science-Geography\0000099.jpg,[],[]
Digital Minimalism,Cal Newport,dataset\adjusted_dataset\Science-Geography\0000100.jpg,"[[[142, 26], [364, 26], [364, 50], [142, 50]]]","[""\""rlel milntnlin""]"
Musicophilia,Oliver Sacks,dataset\adjusted_dataset\Science-Geography\0000101.jpg,"[[[12, 288], [506, 288], [506, 396], [12, 396]]]","[""oliver sucl musicophilia""]"
The One-Straw Revolution,Masanobu Fukuoka,dataset\adjusted_dataset\Science-Geography\0000102.jpg,"[[[148, 144], [366, 144], [366, 187], [148, 187]]]","[""tiic one-strtw rpuiutic4""]"
Pale Blue Dot: a Vision of the Human Future in Space,Carl Sagan,dataset\adjusted_dataset\Science-Geography\0000103.jpg,[],[]
Moonwalking with Einstein,Joshua Foer,dataset\adjusted_dataset\Science-Geography\0000104.jpg,"[[[69, 284], [342, 284], [342, 332], [69, 332]]]","[""enstein""]"
A Walk in the Woods,Bill Bryson,dataset\adjusted_dataset\Science-Geography\0000105.jpg,"[[[142, 66], [402, 66], [402, 240], [142, 240]]]","[""walk in the nvoods""]"
"Eat, Pray, Love",Elizabeth Gilbert,dataset\adjusted_dataset\Science-Geography\0000106.jpg,[],[]
The Undoing Project,Michael Lewis,dataset\adjusted_dataset\Science-Geography\0000107.jpg,"[[[56, 59], [455, 59], [455, 330], [56, 330]]]","[""michael lewis the undoing prq iect""]"
The Greatest Show on Earth,Richard Dawkins,dataset\adjusted_dataset\Science-Geography\0000108.jpg,"[[[32, 244], [493, 244], [493, 431], [32, 431]]]","[""richard dawkins thf grptest shoton eanta 4 2 tnnce fen #yjhaun""]"
On the Origin of Species,Charles Darwin,dataset\adjusted_dataset\Science-Geography\0000109.jpg,"[[[32, 64], [482, 64], [482, 119], [32, 119]]]","[""on4the orkjin of stecils her ! euen""]"
Braiding Sweetgrass,Robin Wall Kimmerer,dataset\adjusted_dataset\Science-Geography\0000110.jpg,"[[[116, 124], [404, 124], [404, 156], [116, 156]]]","[""rwfftgrass""]"
My Family and Other Animals,Gerald Durrell,dataset\adjusted_dataset\Science-Geography\0000111.jpg,[],[]
The Ordnance Survey Puzzle Book,Ordnance Survey,dataset\adjusted_dataset\Science-Geography\0000112.jpg,"[[[126, 134], [432, 134], [432, 186], [126, 186]]]","[""crdnance quktct pvzzle bo7""]"
L'art de la Simplicite (The English Edition),Dominique Loreau,dataset\adjusted_dataset\Science-Geography\0000113.jpg,[],[]
In Patagonia,Bruce Chatwin,dataset\adjusted_dataset\Science-Geography\0000114.jpg,[],[]
Waking Up,Sam Harris,dataset\adjusted_dataset\Science-Geography\0000115.jpg,[],[]
Enlightenment Now,Steven Pinker,dataset\adjusted_dataset\Science-Geography\0000116.jpg,"[[[40, 119], [485, 119], [485, 334], [40, 334]]]","[""steven pinker enlightenmenu now""]"
The Signal and the Noise,Nate Silver,dataset\adjusted_dataset\Science-Geography\0000117.jpg,[],[]
Silent Spring,Rachel Carson,dataset\adjusted_dataset\Science-Geography\0000118.jpg,"[[[184, 23], [455, 23], [455, 120], [184, 120]]]","[""duchel caron sileni spring""]"
The Grand Design,Stephen Hawking,dataset\adjusted_dataset\Science-Geography\0000119.jpg,"[[[8, 75], [504, 75], [504, 337], [8, 337]]]","[""stephen hawking leonko mlcdinow the grand design""]"
Biggest Estate on Earth,Bill Gammage,dataset\adjusted_dataset\Science-Geography\0000120.jpg,"[[[37, 47], [477, 47], [477, 223], [37, 223]]]","[""biggest estate du earth hottnsfaes manf rtnain""]"
Underland,Robert Macfarlane,dataset\adjusted_dataset\Science-Geography\0000121.jpg,"[[[116, 308], [395, 308], [395, 369], [116, 369]]]","[""jacielne uaderland""]"
Wild Embers,Nikita Gill,dataset\adjusted_dataset\Science-Geography\0000122.jpg,"[[[41, 225], [483, 225], [483, 263], [41, 263]]]","[""wi]d embers""]"
Anatomy of Movement,Blandine Calais-Germain,dataset\adjusted_dataset\Science-Geography\0000123.jpg,"[[[118, 108], [410, 108], [410, 193], [118, 193]]]","[""movement fo""]"
Weed Forager's Handbook,Adam Grubb,dataset\adjusted_dataset\Science-Geography\0000124.jpg,"[[[13, 13], [497, 13], [497, 377], [13, 377]]]","[""fwred foragers 1 cwjr ro 0b""]"
Brain Rules (Updated and Expanded),John Medina,dataset\adjusted_dataset\Science-Geography\0000125.jpg,"[[[103, 157], [421, 157], [421, 343], [103, 343]]]","[""brain rules""]"
Einstein,Walter Isaacson,dataset\adjusted_dataset\Science-Geography\0000126.jpg,"[[[68, 14], [471, 14], [471, 135], [68, 135]]]","[""eist m hit""]"
Fingerprints Of The Gods,Graham Hancock,dataset\adjusted_dataset\Science-Geography\0000127.jpg,"[[[12, 6], [498, 6], [498, 352], [12, 352]]]","[""tle eviutite t cortky lol cirilicebon finger prints of the @ ds""]"
The Structure of Scientific Revolutions,Thomas S. Kuhn,dataset\adjusted_dataset\Science-Geography\0000128.jpg,"[[[16, 211], [502, 211], [502, 270], [16, 270]]]","[""thesieucttreof scjemtli r e v0luti0ns""]"
The Cosmic Serpent,Jeremy Narby,dataset\adjusted_dataset\Science-Geography\0000129.jpg,"[[[55, 28], [454, 28], [454, 99], [55, 99]]]","[""te 0 0 5 m i \u20ac 5 e r f e nt""]"
"New And Selected Poems, Volume One",Mary Oliver,dataset\adjusted_dataset\Science-Geography\0000130.jpg,"[[[42, 252], [466, 252], [466, 459], [42, 459]]]","[""nety andj selected poems iox u fl 0r \""""]"
Dr. Gundry's Diet Evolution,Dr Steven R Gundry,dataset\adjusted_dataset\Science-Geography\0000131.jpg,[],[]
Quantum Mechanics: The Theoretical Minimum,Leonard Susskind,dataset\adjusted_dataset\Science-Geography\0000132.jpg,"[[[129, 180], [385, 180], [385, 310], [129, 310]]]","[""quantum mechanics the theoretilal nvinimum""]"
Collapse,Jared Diamond,dataset\adjusted_dataset\Science-Geography\0000133.jpg,"[[[29, 8], [512, 8], [512, 233], [29, 233]]]","[""diaai8nd collapse""]"
Turning Pro,Steven Pressfield,dataset\adjusted_dataset\Science-Geography\0000134.jpg,[],[]
Who Rules the World?,Noam Chomsky,dataset\adjusted_dataset\Science-Geography\0000135.jpg,[],[]
A Short History of Nearly Everything,Bill Bryson,dataset\adjusted_dataset\Science-Geography\0000136.jpg,"[[[16, 4], [500, 4], [500, 245], [16, 245]]]","[""bill brysoh j short histort of zent evertthing jcmhlt #gcrindin0""]"
Food Of The Gods,Terence McKenna,dataset\adjusted_dataset\Science-Geography\0000137.jpg,"[[[69, 132], [471, 132], [471, 313], [69, 313]]]","[""food oi thn gods""]"
How Not to Be Wrong,Jordan Ellenberg,dataset\adjusted_dataset\Science-Geography\0000138.jpg,"[[[10, 42], [486, 42], [486, 184], [10, 184]]]","[""kon not to be wrong""]"
How To Brew,John Palmer,dataset\adjusted_dataset\Science-Geography\0000139.jpg,"[[[106, 166], [400, 166], [400, 220], [106, 220]]]","[""how to""]"
"Your Body, Your Yoga",Bernie Clark,dataset\adjusted_dataset\Science-Geography\0000140.jpg,"[[[56, 22], [461, 22], [461, 418], [56, 418]]]","[""b8xr you r y ga ff fie clare""]"
Delusions of Gender,Cordelia Fine,dataset\adjusted_dataset\Science-Geography\0000141.jpg,"[[[150, 363], [361, 363], [361, 394], [150, 394]]]","[""the heal science""]"
Metaphors We Live by,George Lakoff,dataset\adjusted_dataset\Science-Geography\0000142.jpg,"[[[26, 179], [487, 179], [487, 248], [26, 248]]]","[""m \u20ac t / p h 0 p 5 ll*e b""]"
The Immortal Life of Henrietta Lacks,Rebecca Skloot,dataset\adjusted_dataset\Science-Geography\0000143.jpg,"[[[94, 82], [430, 82], [430, 302], [94, 302]]]","[""tke immo-al life of henrietta lafi""]"
The Magic of Reality,Richard Dawkins,dataset\adjusted_dataset\Science-Geography\0000144.jpg,"[[[19, 219], [501, 219], [501, 446], [19, 446]]]","[""magic of fceality nor je kuox #pinlrue""]"
Invisible Women,Caroline Criado Perez,dataset\adjusted_dataset\Science-Geography\0000145.jpg,[],[]
Sapiens,Yuval Noah Harari,dataset\adjusted_dataset\Science-Geography\0000146.jpg,[],[]
The Art of Statistics,David Spiegelhalter,dataset\adjusted_dataset\Science-Geography\0000147.jpg,"[[[33, 41], [417, 41], [417, 135], [33, 135]]]","[""the atof stotistics leamningtom dota dovid spiegelholter""]"
Dirty Genes,Ben Lynch,dataset\adjusted_dataset\Science-Geography\0000148.jpg,"[[[64, 92], [450, 92], [450, 129], [64, 129]]]","[""dr ben lynch""]"
Genius Foods,Max Lugavere,dataset\adjusted_dataset\Science-Geography\0000149.jpg,"[[[56, 34], [460, 34], [460, 148], [56, 148]]]","[""g e n| u $ f 0 0 d 5""]"
The Age of Surveillance Capitalism,Shoshana Zuboff,dataset\adjusted_dataset\Science-Geography\0000150.jpg,"[[[57, 103], [457, 103], [457, 181], [57, 181]]]","[""swrveillance capitalisa""]"
"Good Calories, Bad Calories",Gary Taubes,dataset\adjusted_dataset\Science-Geography\0000151.jpg,"[[[64, 126], [492, 126], [492, 180], [64, 180]]]","[""calories""]"
The Blind Watchmaker,Richard Dawkins,dataset\adjusted_dataset\Science-Geography\0000152.jpg,"[[[63, 337], [416, 337], [416, 392], [63, 392]]]","[""the blind""]"
The Continuum Concept,Jean Liedloff,dataset\adjusted_dataset\Science-Geography\0000153.jpg,"[[[130, 128], [377, 128], [377, 192], [130, 192]]]","[""continuum concett""]"
Theatre of the World,Thomas Reinertsen Berg,dataset\adjusted_dataset\Science-Geography\0000154.jpg,[],[]
Mycelium Running,Paul Stamets,dataset\adjusted_dataset\Science-Geography\0000155.jpg,"[[[25, 17], [489, 17], [489, 215], [25, 215]]]","[""mycelium running huw musbruoms can help save iee wiorld""]"
The Elements,Nick Mann,dataset\adjusted_dataset\Science-Geography\0000156.jpg,"[[[25, 201], [503, 201], [503, 453], [25, 453]]]","[""eelements ke wnoicacy""]"
See Inside Maths,Minna Lacey,dataset\adjusted_dataset\Science-Geography\0000157.jpg,"[[[104, 74], [428, 74], [428, 150], [104, 150]]]","[""maths""]"
Moonwalking with Einstein,Joshua Foer,dataset\adjusted_dataset\Science-Geography\0000158.jpg,"[[[5, 33], [512, 33], [512, 311], [5, 311]]]","[""joshua foer aemcaocrtn c#cattmng bgcnte moonwalking with einstein""]"
Mindsight,Daniel Siegel,dataset\adjusted_dataset\Science-Geography\0000159.jpg,[],[]
The Origin of Species,Charles Darwin,dataset\adjusted_dataset\Science-Geography\0000160.jpg,"[[[45, 55], [471, 55], [471, 152], [45, 152]]]","[""darwin theorgl ofspecie""]"
Safari,Dan Kainen,dataset\adjusted_dataset\Science-Geography\0000161.jpg,"[[[40, 50], [474, 50], [474, 172], [40, 172]]]","[""safari""]"
The Shallows,Nicholas Carr,dataset\adjusted_dataset\Science-Geography\0000162.jpg,[],[]
Oxford IB Study Guides: Biology for the IB Diploma,Andrew Allott,dataset\adjusted_dataset\Science-Geography\0000163.jpg,[],[]
Predictably Irrational,Dan Ariely,dataset\adjusted_dataset\Science-Geography\0000164.jpg,"[[[12, 132], [502, 132], [502, 230], [12, 230]]]","[""predictably rrational""]"
Discovering Statistics Using IBM SPSS Statistics,Andy Field,dataset\adjusted_dataset\Science-Geography\0000165.jpg,"[[[21, 4], [504, 4], [504, 238], [21, 238]]]","[""57 discovering statistics using ibm spss statistics""]"
Biocentrism,Robert Lanza,dataset\adjusted_dataset\Science-Geography\0000166.jpg,"[[[37, 229], [470, 229], [470, 271], [37, 271]]]","[""b ! 0 centrism""]"
The Body,Bill Bryson,dataset\adjusted_dataset\Science-Geography\0000167.jpg,"[[[7, 12], [496, 12], [496, 256], [7, 256]]]","[""bill brysoh the body""]"
Piano Time 1,Pauline Hall,dataset\adjusted_dataset\Science-Geography\0000168.jpg,"[[[-13, 1], [471, 1], [471, 203], [-13, 203]]]","[""~nano tjmt 1""]"
Zero Waste Home,Bea Johnson,dataset\adjusted_dataset\Science-Geography\0000169.jpg,"[[[0, 452], [482, 452], [482, 510], [0, 510]]]","[""zero vaste home 3en""]"
The Undoing Project,Michael Lewis,dataset\adjusted_dataset\Science-Geography\0000170.jpg,"[[[0, 344], [512, 344], [512, 512], [0, 512]]]","[""undoing pro jec t 4trimukin tl cheruomlel""]"
You Are Here,Chris Hadfield,dataset\adjusted_dataset\Science-Geography\0000171.jpg,"[[[208, 150], [486, 150], [486, 221], [208, 221]]]","[""ywu are here atenatntxuin?z4nuz""]"
Food For Free,Richard Mabey,dataset\adjusted_dataset\Science-Geography\0000172.jpg,"[[[43, 127], [363, 127], [363, 260], [43, 260]]]","[""food for free""]"
Biology of Belief,Bruce Lipton,dataset\adjusted_dataset\Science-Geography\0000173.jpg,"[[[35, 22], [511, 22], [511, 118], [35, 118]]]","[""the bioloc; a of belief""]"
The Magic of Reality,Richard Dawkins,dataset\adjusted_dataset\Science-Geography\0000174.jpg,"[[[27, 51], [485, 51], [485, 187], [27, 187]]]","[""daw kin s the magic o realily he""]"
The Human Brain Coloring Book,Diamond Books,dataset\adjusted_dataset\Science-Geography\0000175.jpg,"[[[45, 30], [482, 30], [482, 117], [45, 117]]]","[""human brain ~clsr c""]"
Call of the Reed Warbler: A New Agriculture - A New Earth,Charles Massy,dataset\adjusted_dataset\Science-Geography\0000176.jpg,[],[]
Gemstones of the World,Walter Schumann,dataset\adjusted_dataset\Science-Geography\0000177.jpg,"[[[31, 151], [483, 151], [483, 211], [31, 211]]]","[""gemstones 0f tae yorld""]"
Oxford IB Study Guides: Chemistry for the IB Diploma,Geoff Neuss,dataset\adjusted_dataset\Science-Geography\0000178.jpg,[],[]
Cosmos,Carl Sagan,dataset\adjusted_dataset\Science-Geography\0000179.jpg,"[[[4, 209], [473, 209], [473, 302], [4, 302]]]","[""c smos crrl saan""]"
Alex's Adventures in Numberland,Alex Bellos,dataset\adjusted_dataset\Science-Geography\0000180.jpg,"[[[14, 92], [512, 92], [512, 343], [14, 343]]]","[""mventures ih numberland nspmc#es fjln! ilexoaafll \""dvj jr rmknic}""]"
The Art of Frugal Hedonism,Annie Raser-Rowland,dataset\adjusted_dataset\Science-Geography\0000181.jpg,"[[[150, 273], [474, 273], [474, 462], [150, 462]]]","[""the art of frugl hbdonish hmnaum em n""]"
Waking Up,Sam Harris,dataset\adjusted_dataset\Science-Geography\0000182.jpg,"[[[31, 215], [484, 215], [484, 257], [31, 257]]]","[""wafing ut""]"
How to Lie with Statistics,Darrell Huff,dataset\adjusted_dataset\Science-Geography\0000183.jpg,"[[[127, 8], [473, 8], [473, 329], [127, 329]]]","[""how to 10f lie wth statistics""]"
The Art of Electronics,Paul Horowitz,dataset\adjusted_dataset\Science-Geography\0000184.jpg,"[[[363, 429], [455, 429], [455, 469], [363, 469]]]","[""therd eowio4""]"
Life on Air,Sir David Attenborough,dataset\adjusted_dataset\Science-Geography\0000185.jpg,[],[]
"Visible Learning for Mathematics, Grades K-12",John A. Hattie,dataset\adjusted_dataset\Science-Geography\0000186.jpg,"[[[41, 40], [464, 40], [464, 150], [41, 150]]]","[""visible tnnt works learning berto perlmaee sdonl lrarning mxthematicr""]"
The Quantum Universe,Brian Cox,dataset\adjusted_dataset\Science-Geography\0000187.jpg,[],[]
Rewire Your Brain,John B. Arden,dataset\adjusted_dataset\Science-Geography\0000188.jpg,"[[[23, 37], [487, 37], [487, 158], [23, 158]]]","[""rewire yo u 1 b ra in""]"
Naked Statistics,Charles Wheelan,dataset\adjusted_dataset\Science-Geography\0000189.jpg,"[[[4, 22], [507, 22], [507, 72], [4, 72]]]","[""noked statistics""]"
The Female Brain,Louann Brizendine,dataset\adjusted_dataset\Science-Geography\0000190.jpg,"[[[41, 105], [473, 105], [473, 232], [41, 232]]]","[""female braln""]"
The Blank Slate,Steven Pinker,dataset\adjusted_dataset\Science-Geography\0000191.jpg,"[[[24, 56], [464, 56], [464, 183], [24, 183]]]","[""bccvcnfinker the blani slate""]"
Exactly,Simon Winchester,dataset\adjusted_dataset\Science-Geography\0000192.jpg,[],[]
Secrets Of Mental Math,Arthur Benjamin,dataset\adjusted_dataset\Science-Geography\0000193.jpg,"[[[37, 25], [484, 25], [484, 254], [37, 254]]]","[""erge lu secrets 0f mental math""]"
R for Data Science,Garrett Grolemund,dataset\adjusted_dataset\Science-Geography\0000194.jpg,"[[[47, 267], [460, 267], [460, 405], [47, 405]]]","[""r for data science""]"
My Family and Other Animals,Gerald Durrell,dataset\adjusted_dataset\Science-Geography\0000195.jpg,"[[[140, 124], [400, 124], [400, 344], [140, 344]]]","[""mlu ecail 2 0tht animlls""]"
A General Theory Of Love,Thomas Lewis,dataset\adjusted_dataset\Science-Geography\0000196.jpg,"[[[52, 19], [374, 19], [374, 76], [52, 76]]]","[""general thecry 01 lov8""]"
The Medium is the Massage,John Berger,dataset\adjusted_dataset\Science-Geography\0000197.jpg,"[[[31, 15], [465, 15], [465, 153], [31, 153]]]","[""the medium is the massage marshall mcluhan quentin fiore""]"
Failure Is Not an Option,Gene Kranz,dataset\adjusted_dataset\Science-Geography\0000198.jpg,"[[[18, 30], [501, 30], [501, 496], [18, 496]]]","[""failire is not an option 41a dh to dooeol sdoulu ec amd hea4ca 683583 cene kranz""]"
Six Easy Pieces,Richard P. Feynman,dataset\adjusted_dataset\Science-Geography\0000199.jpg,"[[[111, 158], [367, 158], [367, 227], [111, 227]]]","[""5i * east pieces""]"
Wilding,Isabella Tree,dataset\adjusted_dataset\Science-Geography\0000200.jpg,"[[[26, 106], [490, 106], [490, 184], [26, 184]]]","[""wildin1s""]"
The Push,Tommy Caldwell,dataset\adjusted_dataset\Science-Geography\0000201.jpg,[],[]
The Uninhabitable Earth,David Wallace-wells,dataset\adjusted_dataset\Science-Geography\0000202.jpg,"[[[63, 141], [450, 141], [450, 238], [63, 238]]]","[""uninhabitable earth""]"
Descartes' Error,Antonio Damasio,dataset\adjusted_dataset\Science-Geography\0000203.jpg,"[[[20, 43], [501, 43], [501, 174], [20, 174]]]","[""descartes' erro r""]"
Longitude,Dava Sobel,dataset\adjusted_dataset\Science-Geography\0000204.jpg,"[[[44, 40], [470, 40], [470, 92], [44, 92]]]","[""longitude""]"
On the Origin of Species,Charles Darwin,dataset\adjusted_dataset\Science-Geography\0000205.jpg,"[[[43, 352], [354, 352], [354, 404], [43, 404]]]","[""chra:vannn untheuriginosnrcies""]"
The Maze Runner,James Dashner,dataset\adjusted_dataset\Science-Geography\0000206.jpg,"[[[28, 195], [486, 195], [486, 304], [28, 304]]]","[""maze runner""]"
The Sixth Extinction,Kolbert,dataset\adjusted_dataset\Science-Geography\0000207.jpg,"[[[10, 34], [502, 34], [502, 257], [10, 257]]]","[""the sixth extinction ah whnatral histday""]"
Bullshit Jobs,David Graeber,dataset\adjusted_dataset\Science-Geography\0000208.jpg,"[[[137, 170], [373, 170], [373, 275], [137, 275]]]","[""bullsh*t obs""]"
The Polyvagal Theory in Therapy,Deborah A. Dana,dataset\adjusted_dataset\Science-Geography\0000209.jpg,"[[[25, 57], [391, 57], [391, 343], [25, 343]]]","[""the polyvagal theory therapy""]"
The Psychobiotic Revolution,Scott C. Anderson,dataset\adjusted_dataset\Science-Geography\0000210.jpg,"[[[39, 201], [479, 201], [479, 338], [39, 338]]]","[""psychoblotic revolution tnr ar tti l tmlie""]"
The Physiology Coloring Book,Wynn Kapit,dataset\adjusted_dataset\Science-Geography\0000211.jpg,"[[[63, 38], [434, 38], [434, 119], [63, 119]]]","[""physiology cooring bock""]"
The Code Book,Dr. Simon Singh,dataset\adjusted_dataset\Science-Geography\0000212.jpg,[],[]
Spell Of The Sensuous,David Abram,dataset\adjusted_dataset\Science-Geography\0000213.jpg,[],[]
The Power Broker,Robert A. Caro,dataset\adjusted_dataset\Science-Geography\0000214.jpg,[],[]
Peak,Anders Ericsson,dataset\adjusted_dataset\Science-Geography\0000215.jpg,[],[]
The Theory of Everything,Stephen Hawking,dataset\adjusted_dataset\Science-Geography\0000216.jpg,"[[[29, 330], [487, 330], [487, 470], [29, 470]]]","[""the theory of everything tef miigvavn fatfif th: ivmfrsf""]"
Classical Mechanics,George Hrabovsky,dataset\adjusted_dataset\Science-Geography\0000217.jpg,"[[[128, 182], [384, 182], [384, 307], [128, 307]]]","[""classical mechanics thc thcor licai niimum""]"
A Briefer History of Time,Stephen Hawking,dataset\adjusted_dataset\Science-Geography\0000218.jpg,"[[[53, 356], [461, 356], [461, 492], [53, 492]]]","[""a bhieter history of time""]"
Illustrated Herbiary: Guidance and Rituals from 36 Bewitching Botanicals,Maia Toll,dataset\adjusted_dataset\Science-Geography\0000219.jpg,[],[]
Elon Musk,Ashlee Vance,dataset\adjusted_dataset\Science-Geography\0000220.jpg,"[[[0, 292], [512, 292], [512, 411], [0, 411]]]","[""elon musk tnn dudr""]"
Jupiter's Travels,Ted Simon,dataset\adjusted_dataset\Science-Geography\0000221.jpg,"[[[57, 43], [463, 43], [463, 139], [57, 139]]]","[""jutr & tcle""]"
How to Teach Quantum Physics to Your Dog,Chad Orzel,dataset\adjusted_dataset\Science-Geography\0000222.jpg,"[[[36, 135], [503, 135], [503, 358], [36, 358]]]","[""how to teach quantum phzsics f 1777 to your dog""]"
My Hidden Chimp,Steve Peters,dataset\adjusted_dataset\Science-Geography\0000223.jpg,"[[[67, 109], [441, 109], [441, 233], [67, 233]]]","[""hidden chimp""]"
The Girl of Ink & Stars,Kiran Millwood Hargrave,dataset\adjusted_dataset\Science-Geography\0000224.jpg,"[[[81, 94], [429, 94], [429, 496], [81, 496]]]","[""\""txe gtrl cf . tnk 6 strs koran #nfitd hlatrtr""]"
The Sports Gene,David Epstein,dataset\adjusted_dataset\Science-Geography\0000225.jpg,"[[[59, 47], [391, 47], [391, 91], [59, 91]]]","[""sport $""]"
Growing Gourmet & Medicinal Mush,Paul Stamets,dataset\adjusted_dataset\Science-Geography\0000226.jpg,"[[[9, 7], [499, 7], [499, 504], [9, 504]]]","[""growing gourmet and merlicinal mlushrooms thid funion l t\""ul stamets""]"
NeuroTribes,Steve Silberman,dataset\adjusted_dataset\Science-Geography\0000227.jpg,"[[[0, 188], [512, 188], [512, 240], [0, 240]]]","[""n e u r o tr ! b e 5""]"
The Brain,David Eagleman,dataset\adjusted_dataset\Science-Geography\0000228.jpg,"[[[199, 42], [313, 42], [313, 78], [199, 78]]]","[""the""]"
Unlikely Friendships,Jennifer S. Holland,dataset\adjusted_dataset\Science-Geography\0000229.jpg,"[[[22, 52], [479, 52], [479, 266], [22, 266]]]","[""unlikely friendships 17 balnur aokil aunlkitot\""""]"
Stiff,Mary Roach,dataset\adjusted_dataset\Science-Geography\0000230.jpg,"[[[63, 12], [492, 12], [492, 199], [63, 199]]]","[""c i stiff""]"
The Master Algorithm,Pedro Domingos,dataset\adjusted_dataset\Science-Geography\0000231.jpg,"[[[134, 222], [371, 222], [371, 295], [134, 295]]]","[""the master agorithm""]"
Drawdown,Paul Hawken,dataset\adjusted_dataset\Science-Geography\0000232.jpg,[],[]
Art Forms in Nature: The Prints of Ernst Haeckel,Ernst Haeckel,dataset\adjusted_dataset\Science-Geography\0000233.jpg,"[[[243, 296], [483, 296], [483, 422], [243, 422]]]","[""trt forms 111 nature""]"
Vegetable Growing Month-by-Month,John Harrison,dataset\adjusted_dataset\Science-Geography\0000234.jpg,"[[[0, 266], [499, 266], [499, 449], [0, 449]]]","[""vegetable growing month bymonta tg dur l cjr qudelofiotet rou \""touoki #mletr\""""]"
Erebus: The Story of a Ship,Michael Palin,dataset\adjusted_dataset\Science-Geography\0000235.jpg,"[[[52, 330], [458, 330], [458, 413], [52, 413]]]","[""erebus 7 d  ats""]"
Junk DNA,Nessa Carey,dataset\adjusted_dataset\Science-Geography\0000236.jpg,[],[]
The Origin of Species,Charles Darwin,dataset\adjusted_dataset\Science-Geography\0000237.jpg,"[[[94, 342], [467, 342], [467, 400], [94, 400]]]","[""4liny 7le orixin %| spcei""]"
The Phantom Atlas,Edward Brooke-hitching,dataset\adjusted_dataset\Science-Geography\0000238.jpg,"[[[73, 225], [442, 225], [442, 304], [73, 304]]]","[""phantom atlas edytld doclancihc""]"
A Zero Waste Life,Anita Vandyke,dataset\adjusted_dataset\Science-Geography\0000239.jpg,"[[[156, 228], [496, 228], [496, 318], [156, 318]]]","[""waste life: n t m ! ri 1 v * i $""]"
Fermat's Last Theorem,Dr. Simon Singh,dataset\adjusted_dataset\Science-Geography\0000240.jpg,"[[[44, 358], [474, 358], [474, 483], [44, 483]]]","[""fermat's last theorea stnon siagh""]"
Small Is Beautiful,E. F. Schumacher,dataset\adjusted_dataset\Science-Geography\0000241.jpg,"[[[0, 420], [441, 420], [441, 487], [0, 487]]]","[""smajl i: bciuliril jrob\""""]"
Pure Soapmaking,Anne-marie Faiola,dataset\adjusted_dataset\Science-Geography\0000242.jpg,"[[[32, 50], [450, 50], [450, 294], [32, 294]]]","[""ppure soapmaking""]"
The Diet Myth,Tim Spector,dataset\adjusted_dataset\Science-Geography\0000243.jpg,"[[[95, 122], [415, 122], [415, 239], [95, 239]]]","[""d | e t myth""]"
The Elements,Nick Mann,dataset\adjusted_dataset\Science-Geography\0000244.jpg,"[[[96, 128], [512, 128], [512, 406], [96, 406]]]","[""ak eelements nom xe""]"
Landmarks,Robert Macfarlane,dataset\adjusted_dataset\Science-Geography\0000245.jpg,"[[[25, 168], [484, 168], [484, 276], [25, 276]]]","[""macfarlane landmarks""]"
Art Forms in Nature,Ernst Haeckel,dataset\adjusted_dataset\Science-Geography\0000246.jpg,"[[[152, 94], [362, 94], [362, 213], [152, 213]]]","[""art fojrms in nature hmnni""]"
The Brain that Changes Itself: stories of personal triumph from the frontiers of brain science,Norman Doidge,dataset\adjusted_dataset\Science-Geography\0000247.jpg,[],[]
The Secret Life of Plants,Peter Tompkins,dataset\adjusted_dataset\Science-Geography\0000248.jpg,[],[]
The Elegant Universe,Brian Greene,dataset\adjusted_dataset\Science-Geography\0000249.jpg,[],[]
Oxford IB Diploma Programme: Biology Course Companion,Andrew Allott,dataset\adjusted_dataset\Science-Geography\0000250.jpg,[],[]
The Order of Time,Carlo Rovelli,dataset\adjusted_dataset\Science-Geography\0000251.jpg,"[[[35, 100], [295, 100], [295, 389], [35, 389]]]","[""the order of time carlo rovelli""]"
Sand County Almanac,Aldo Leopold,dataset\adjusted_dataset\Science-Geography\0000252.jpg,"[[[124, 29], [416, 29], [416, 120], [124, 120]]]","[""sua county almarac""]"
Water,John Palmer,dataset\adjusted_dataset\Science-Geography\0000253.jpg,"[[[160, 92], [500, 92], [500, 164], [160, 164]]]","[""water""]"
"""Surely You're Joking, Mr. Feynman!""",Richard P. Feynman,dataset\adjusted_dataset\Science-Geography\0000254.jpg,"[[[151, 39], [489, 39], [489, 172], [151, 172]]]","[""esurely you re joking, mr feynman!""]"
An Introduction to Statistical Learning,Gareth James,dataset\adjusted_dataset\Science-Geography\0000255.jpg,"[[[62, 164], [396, 164], [396, 334], [62, 334]]]","[""anintroduction tb statistical lextning fuh #peiaucs in k""]"
The Holographic Universe,Professor Michael Talbot,dataset\adjusted_dataset\Science-Geography\0000256.jpg,"[[[9, 87], [512, 87], [512, 211], [9, 211]]]","[""holographic universe""]"
Chaos,James Gleick,dataset\adjusted_dataset\Science-Geography\0000257.jpg,"[[[24, 202], [494, 202], [494, 274], [24, 274]]]","[""chaos""]"
Off the Map,Alastair Bonnett,dataset\adjusted_dataset\Science-Geography\0000258.jpg,"[[[41, 268], [461, 268], [461, 350], [41, 350]]]","[""lajot eamtd off tkf map""]"
Are You My Mother?,P. D Eastman,dataset\adjusted_dataset\Science-Geography\0000259.jpg,"[[[38, 21], [357, 21], [357, 211], [38, 211]]]","[""are you my mother?""]"
The Uninhabitable Earth,David Wallace-wells,dataset\adjusted_dataset\Science-Geography\0000260.jpg,"[[[58, 130], [452, 130], [452, 365], [58, 365]]]","[""uninhabitable earth  fdat dm tim mutua david wallace-wells""]"
Feral,George Monbiot,dataset\adjusted_dataset\Science-Geography\0000261.jpg,"[[[307, 145], [337, 145], [337, 157], [307, 157]]]","[""fan""]"
"Guns, Germs, and Steel",Jared Diamond,dataset\adjusted_dataset\Science-Geography\0000262.jpg,"[[[13, 221], [477, 221], [477, 512], [13, 512]]]","[""guns germs; llaal steel fitl a hualia buciml mred damond""]"
Structures,J. Gordon,dataset\adjusted_dataset\Science-Geography\0000263.jpg,"[[[46, 187], [503, 187], [503, 262], [46, 262]]]","[""slltures qatto ut""]"
The New World Champion Paper Airplane Book,John M. Collins,dataset\adjusted_dataset\Science-Geography\0000264.jpg,"[[[21, 37], [484, 37], [484, 486], [21, 486]]]","[""the new world champion nu rng ertwild paper airplane book im dn\""krl jcihm collins""]"
Against the Gods,Peter L. Bernstein,dataset\adjusted_dataset\Science-Geography\0000265.jpg,"[[[36, 28], [473, 28], [473, 155], [36, 155]]]","[""against the gods unun~iit 9o de ur""]"
Balanced and Barefoot,Angela J. Hanscom,dataset\adjusted_dataset\Science-Geography\0000266.jpg,"[[[68, 264], [442, 264], [442, 460], [68, 460]]]","[""balanced and barefuot""]"
A Brief History of Everyone Who Ever Lived,Adam Rutherford,dataset\adjusted_dataset\Science-Geography\0000267.jpg,"[[[36, 166], [455, 166], [455, 286], [36, 286]]]","[""history of everyone""]"
Adam Spencer's Book of Numbers,Adam Spencer,dataset\adjusted_dataset\Science-Geography\0000268.jpg,"[[[174, 200], [464, 200], [464, 232], [174, 232]]]","[""adam speneerts""]"
The Longevity Paradox,Steven R. Gundry,dataset\adjusted_dataset\Science-Geography\0000269.jpg,"[[[95, 37], [490, 37], [490, 143], [95, 143]]]","[""longevity paradox""]"
This Explains Everything,John Brockman,dataset\adjusted_dataset\Science-Geography\0000270.jpg,"[[[35, 323], [489, 323], [489, 391], [35, 391]]]","[""everything""]"
The Moral Landscape,Sam Harris,dataset\adjusted_dataset\Science-Geography\0000271.jpg,"[[[11, 203], [512, 203], [512, 339], [11, 339]]]","[""moral landscape""]"
In Praise of Walking,Shane O'Mara,dataset\adjusted_dataset\Science-Geography\0000272.jpg,"[[[65, 175], [312, 175], [312, 225], [65, 225]]]","[""praise""]"
Curious George and the Firefighters,Margret Rey,dataset\adjusted_dataset\Science-Geography\0000273.jpg,"[[[39, 34], [480, 34], [480, 301], [39, 301]]]","[""margret & ha-rey's cwiows geoige oths fvretiaiters g#ua acitmitis \""#s1\""""]"
The Mind-Gut Connection,Emeran Mayer,dataset\adjusted_dataset\Science-Geography\0000274.jpg,"[[[0, 28], [512, 28], [512, 139], [0, 139]]]","[""mind-gul connectton""]"
Human Universe,Brian Cox,dataset\adjusted_dataset\Science-Geography\0000275.jpg,"[[[85, 111], [436, 111], [436, 151], [85, 151]]]","[""universe""]"
"Hello, is this planet Earth?",Tim Peake,dataset\adjusted_dataset\Science-Geography\0000276.jpg,"[[[22, 14], [488, 14], [488, 229], [22, 229]]]","[""tim peake hello, i5 nfs planet earth? gtre nen tn lntur \""faeur""]"
How to Choose the Sex of Your Baby,Landrum B Shettles,dataset\adjusted_dataset\Science-Geography\0000277.jpg,[],[]
Last Chance To See,Douglas Adams,dataset\adjusted_dataset\Science-Geography\0000278.jpg,"[[[21, 153], [481, 153], [481, 395], [21, 395]]]","[""carwardine last chance tosee tit ilicilllewca""]"
The Science Delusion,Rupert Sheldrake,dataset\adjusted_dataset\Science-Geography\0000279.jpg,"[[[0, 189], [512, 189], [512, 337], [0, 337]]]","[""scaince deluson""]"
Molecules,Nick Mann,dataset\adjusted_dataset\Science-Geography\0000280.jpg,"[[[114, 204], [497, 204], [497, 294], [114, 294]]]","[""molecules""]"
The Omnivore's Dilemma,Michael Pollan,dataset\adjusted_dataset\Science-Geography\0000281.jpg,"[[[41, 75], [463, 75], [463, 209], [41, 209]]]","[""omnivore 5 dilemma fcun""]"
Mad About Sharks,Deborah Jane Murrell,dataset\adjusted_dataset\Science-Geography\0000282.jpg,"[[[51, 19], [503, 19], [503, 149], [51, 149]]]","[""maj *bcu+ sharks""]"
Other Minds,Peter Godfrey-Smith,dataset\adjusted_dataset\Science-Geography\0000283.jpg,"[[[37, 362], [478, 362], [478, 441], [37, 441]]]","[""oth e r minds dcoun lve di""]"
The Snow Leopard,Peter Matthiessen,dataset\adjusted_dataset\Science-Geography\0000284.jpg,"[[[180, 385], [470, 385], [470, 417], [180, 417]]]","[""tlc shew leopan""]"
David and Goliath,Malcolm Gladwell,dataset\adjusted_dataset\Science-Geography\0000285.jpg,"[[[84, 290], [426, 290], [426, 424], [84, 424]]]","[""lavid 8 goliath""]"
Figuring,Maria Popova,dataset\adjusted_dataset\Science-Geography\0000286.jpg,[],[]
The Elephant Whisperer,Lawrence Anthony,dataset\adjusted_dataset\Science-Geography\0000287.jpg,"[[[8, 300], [488, 300], [488, 482], [8, 482]]]","[""elephant whis erer lnrenee nthont""]"
The Radium Girls,Kate Moore,dataset\adjusted_dataset\Science-Geography\0000288.jpg,"[[[88, 138], [432, 138], [432, 300], [88, 300]]]","[""radium girls qel laud eta""]"
My Book Of Number Games 1-150,Publishing Kumon,dataset\adjusted_dataset\Science-Geography\0000289.jpg,"[[[17, 3], [501, 3], [501, 198], [17, 198]]]","[""kumcn bu 4.5.6 mr book e numbr games 1-150 cennfri-the dots & color-by-number""]"
Wildwood,Roger Deakin,dataset\adjusted_dataset\Science-Geography\0000290.jpg,[],[]
RHS Latin for Gardeners,Royal Horticultural Society,dataset\adjusted_dataset\Science-Geography\0000291.jpg,"[[[106, 204], [410, 204], [410, 234], [106, 234]]]","[""gardener s""]"
Head Strong,Dave Asprey,dataset\adjusted_dataset\Science-Geography\0000292.jpg,[],[]
How Not to Be Wrong,Jordan Ellenberg,dataset\adjusted_dataset\Science-Geography\0000293.jpg,"[[[0, 118], [512, 118], [512, 473], [0, 473]]]","[""how notto be wrong the powerof mathematical thinking jordan ellenberg""]"
The Language Instinct,Steven Pinker,dataset\adjusted_dataset\Science-Geography\0000294.jpg,"[[[25, 271], [493, 271], [493, 463], [25, 463]]]","[""la o g u a g \u20ac ijtinct jteven pimhea""]"
The Vital Question,Nick Lane,dataset\adjusted_dataset\Science-Geography\0000295.jpg,"[[[29, 55], [487, 55], [487, 233], [29, 233]]]","[""nick lane the vital question""]"
Neurocomic,Matteo Farinella,dataset\adjusted_dataset\Science-Geography\0000296.jpg,"[[[92, 86], [426, 86], [426, 118], [92, 118]]]","[""neurucomic""]"
Active Hope,Joanna R. Macy,dataset\adjusted_dataset\Science-Geography\0000297.jpg,"[[[205, 123], [476, 123], [476, 218], [205, 218]]]","[""active hope""]"
Biomimicry,Janine M. Benyus,dataset\adjusted_dataset\Science-Geography\0000298.jpg,"[[[35, 111], [475, 111], [475, 155], [35, 155]]]","[""bi 0 mtmicry""]"
The Field,Lynne McTaggart,dataset\adjusted_dataset\Science-Geography\0000299.jpg,"[[[175, 7], [335, 7], [335, 73], [175, 73]]]","[""the""]"
The Dyslexic Advantage,Brock L Eide,dataset\adjusted_dataset\Science-Geography\0000300.jpg,"[[[63, 177], [453, 177], [453, 341], [63, 341]]]","[""dyslexic advantage unlarkinp jia nind  dy ic bgin""]"
Wonders of the Universe,Brian Cox,dataset\adjusted_dataset\Science-Geography\0000301.jpg,"[[[130, 77], [497, 77], [497, 297], [130, 297]]]","[""w nders of the tjniverse brian cox lee djn""]"
Cradle to Cradle,Michael Braungart,dataset\adjusted_dataset\Science-Geography\0000302.jpg,"[[[135, 29], [365, 29], [365, 273], [135, 273]]]","[""cradle to cradle re nakit = thehf i4e flke th0g5""]"
The Butchering Art,Lindsey Fitzharris,dataset\adjusted_dataset\Science-Geography\0000303.jpg,"[[[0, 0], [512, 0], [512, 243], [0, 243]]]","[""bhechereng art""]"
The Pocket Guide to The Polyvagal Theory,Stephen Porges,dataset\adjusted_dataset\Science-Geography\0000304.jpg,"[[[83, 122], [464, 122], [464, 294], [83, 294]]]","[""tae pocket guide to the poltvagal theory ihe tronstormorive fowyero fceling sofe""]"
The Illustrated Brief History Of Time,Stephen Hawking,dataset\adjusted_dataset\Science-Geography\0000305.jpg,"[[[29, 26], [473, 26], [473, 145], [29, 145]]]","[""tlleet rtt\"" a bkief ahstore ot ttme""]"
How to Be Human,Ruby Wax,dataset\adjusted_dataset\Science-Geography\0000306.jpg,"[[[12, 19], [501, 19], [501, 290], [12, 290]]]","[""ruby wax hnha m jili 44 howto c be human""]"
Midnight in Chernobyl,Adam Higginbotham,dataset\adjusted_dataset\Science-Geography\0000307.jpg,"[[[11, 147], [512, 147], [512, 384], [11, 384]]]","[""midnight 1n chernobyl""]"
Earth User's Guide to Permaculture,Rosemary Morrow,dataset\adjusted_dataset\Science-Geography\0000308.jpg,"[[[44, 86], [502, 86], [502, 274], [44, 274]]]","[""earth-user g guide to eusaculture""]"
The Biology of Belief,Bruce H Lipton,dataset\adjusted_dataset\Science-Geography\0000309.jpg,"[[[36, 24], [461, 24], [461, 122], [36, 122]]]","[""the bioloc, of belief 9""]"
An Elephant in My Kitchen,Francoise Malby-Anthony,dataset\adjusted_dataset\Science-Geography\0000310.jpg,"[[[25, 69], [493, 69], [493, 223], [25, 223]]]","[""a n elephane 1t1 it }\"" kitchen""]"
What Doesn't Kill Us,Scott Carney,dataset\adjusted_dataset\Science-Geography\0000311.jpg,"[[[84, 270], [431, 270], [431, 414], [84, 414]]]","[""what doesn't kill us""]"
Creating a Forest Garden,Martin Crawford,dataset\adjusted_dataset\Science-Geography\0000312.jpg,"[[[119, 471], [378, 471], [378, 499], [119, 499]]]","[""murtincrammtdrd""]"
The Singularity is Near,Ray Kurzweil,dataset\adjusted_dataset\Science-Geography\0000313.jpg,"[[[35, 166], [486, 166], [486, 335], [35, 335]]]","[""5ingulaktty 215 near""]"
The Smartest Guys in the Room,Bethany McLean,dataset\adjusted_dataset\Science-Geography\0000314.jpg,"[[[37, 60], [475, 60], [475, 235], [37, 235]]]","[""smartest gums in mmhe zoom""]"
Blue Planet II,James Honeyborne,dataset\adjusted_dataset\Science-Geography\0000315.jpg,"[[[70, 62], [448, 62], [448, 94], [70, 94]]]","[""blue planet m""]"
Happy City,Charles Montgomery,dataset\adjusted_dataset\Science-Geography\0000316.jpg,[],[]
Abundance,Peter H. Diamandis,dataset\adjusted_dataset\Science-Geography\0000317.jpg,[],[]
Animal-speak,Ted Andrews,dataset\adjusted_dataset\Science-Geography\0000318.jpg,"[[[7, 7], [501, 7], [501, 143], [7, 143]]]","[""animal-speais tne sprkt heafawens olenanet fn""]"
Unthinkable,Helen Thomson,dataset\adjusted_dataset\Science-Geography\0000319.jpg,[],[]
Brain On Fire: My Month of Madness,Susannah Cahalan,dataset\adjusted_dataset\Science-Geography\0000320.jpg,[],[]
"Ganong's Review of Medical Physiology, Twenty-Fifth Edition",Kim E. Barrett,dataset\adjusted_dataset\Science-Geography\0000321.jpg,"[[[27, 25], [333, 25], [333, 203], [27, 203]]]","[""ganong'5 review of medical physiology""]"
The Scorch Trials,James Dashner,dataset\adjusted_dataset\Science-Geography\0000322.jpg,"[[[35, 205], [474, 205], [474, 308], [35, 308]]]","[""scorch tnials""]"
Psilocybin Mushrooms Of The World,Paul Stamets,dataset\adjusted_dataset\Science-Geography\0000323.jpg,"[[[24, 56], [476, 56], [476, 249], [24, 249]]]","[""p'silocyrin mushrooms 0l liie world""]"
The Book of Why,Judea Pearl,dataset\adjusted_dataset\Science-Geography\0000324.jpg,"[[[94, 11], [419, 11], [419, 496], [94, 496]]]","[""judea pearl the book of why ol ciust ln eecc the ncu srike""]"
Pearson Baccalaureate Chemistry Higher Level 2nd edition print and online edition for the IB Diploma,Catrin Brown,dataset\adjusted_dataset\Science-Geography\0000325.jpg,[],[]
The Blue Zones,Dan Buettner,dataset\adjusted_dataset\Science-Geography\0000326.jpg,"[[[23, 457], [489, 457], [489, 499], [23, 499]]]","[""dan buettner""]"
The Science of Interstellar,Kip Thorne,dataset\adjusted_dataset\Science-Geography\0000327.jpg,"[[[25, 229], [485, 229], [485, 271], [25, 271]]]","[""interstllak""]"
Tinkerlab,Rachelle Doorley,dataset\adjusted_dataset\Science-Geography\0000328.jpg,"[[[290, 188], [404, 188], [404, 212], [290, 212]]]","[""ekerar""]"
Play,Stuart Brown,dataset\adjusted_dataset\Science-Geography\0000329.jpg,[],[]
Things to Make and Do in the Fourth Dimension,Matt Parker,dataset\adjusted_dataset\Science-Geography\0000330.jpg,"[[[0, 0], [476, 0], [476, 499], [0, 499]]]","[""t hings to make and do& the fuurth dimenslon matt farker""]"
Pocket Ref,Thomas J. Glover,dataset\adjusted_dataset\Science-Geography\0000331.jpg,"[[[82, 116], [248, 116], [248, 166], [82, 166]]]","[""ref""]"
The Art of Strategy,Avinash K. Dixit,dataset\adjusted_dataset\Science-Geography\0000332.jpg,"[[[19, 199], [506, 199], [506, 469], [19, 469]]]","[""the art strategy 90 497t k dtt rt#t / njllot""]"
Give Me Half!,Stuart J. Murphy,dataset\adjusted_dataset\Science-Geography\0000333.jpg,"[[[110, 26], [491, 26], [491, 138], [110, 138]]]","[""give me half ! hbhel kaat milutdkglleau""]"
The Inevitable,Kevin Kelly,dataset\adjusted_dataset\Science-Geography\0000334.jpg,"[[[6, 95], [501, 95], [501, 158], [6, 158]]]","[""inevitable""]"
How to Invent Everything,Ryan North,dataset\adjusted_dataset\Science-Geography\0000335.jpg,"[[[55, 70], [442, 70], [442, 257], [55, 257]]]","[""how to invent e erything""]"
Thing Explainer,Randall Munroe,dataset\adjusted_dataset\Science-Geography\0000336.jpg,"[[[118, 60], [398, 60], [398, 199], [118, 199]]]","[""thing explainer cempecatid sfetr tn itpet dfaea""]"
The Cartoon Guide to Chemistry,Larry Gonick,dataset\adjusted_dataset\Science-Geography\0000337.jpg,"[[[13, 10], [505, 10], [505, 133], [13, 133]]]","[""thecaptoonguide to cllgmigtav""]"
Humble Pi,Matt Parker,dataset\adjusted_dataset\Science-Geography\0000338.jpg,"[[[47, 25], [470, 25], [470, 191], [47, 191]]]","[""humble pi""]"
1421,Gavin Menzies,dataset\adjusted_dataset\Science-Geography\0000339.jpg,[],[]
Inferior,Angela Saini,dataset\adjusted_dataset\Science-Geography\0000340.jpg,"[[[159, 184], [364, 184], [364, 238], [159, 238]]]","[""inferior""]"
The Brain That Changes Itself,Norman Doidge,dataset\adjusted_dataset\Science-Geography\0000341.jpg,"[[[36, 124], [366, 124], [366, 152], [36, 152]]]","[""tha bealin mat""]"
The Rules of Life,Richard Templar,dataset\adjusted_dataset\Science-Geography\0000342.jpg,"[[[143, 147], [367, 147], [367, 350], [143, 350]]]","[""the rules of life""]"
Istanbul,Orhan Pamuk,dataset\adjusted_dataset\Science-Geography\0000343.jpg,[],[]
Incognito,David Eagleman,dataset\adjusted_dataset\Science-Geography\0000344.jpg,"[[[93, 251], [417, 251], [417, 287], [93, 287]]]","[""incognito""]"
Human Anatomy,Margaret Matt,dataset\adjusted_dataset\Science-Geography\0000345.jpg,"[[[37, 42], [474, 42], [474, 121], [37, 121]]]","[""humananatomy cclrlng book""]"
The Story of the Human Body,Daniel Lieberman,dataset\adjusted_dataset\Science-Geography\0000346.jpg,"[[[103, 293], [407, 293], [407, 376], [103, 376]]]","[""hu man bodx""]"
Silent Spring,Rachel Carson,dataset\adjusted_dataset\Science-Geography\0000347.jpg,"[[[25, 35], [485, 35], [485, 215], [25, 215]]]","[""silen t 5 p #tig 50""]"
The Craft of Research,Wayne C. Booth,dataset\adjusted_dataset\Science-Geography\0000348.jpg,[],[]
The Better Angels of Our Nature,Steven Pinker,dataset\adjusted_dataset\Science-Geography\0000349.jpg,"[[[0, 24], [490, 24], [490, 511], [0, 511]]]","[""steven pinker thb better angels on our nature \""ftyioienceh4s decuned jur uitt tcer tine7 o0k ret""]"
Dirt to Soil,Gabe Brown,dataset\adjusted_dataset\Science-Geography\0000350.jpg,[],[]
Wonders of the Solar System,Brian Cox,dataset\adjusted_dataset\Science-Geography\0000351.jpg,"[[[30, 67], [406, 67], [406, 333], [30, 333]]]","[""he wonders of the solar system briancox""]"
"The Feynman Lectures on Physics, boxed set",Richard P. Feynman,dataset\adjusted_dataset\Science-Geography\0000352.jpg,"[[[63, 70], [428, 70], [428, 337], [63, 337]]]","[""7 feynman lretlrei 'on thysles 2""]"
Neuroanatomy through Clinical Cases,Hal Blumenfeld,dataset\adjusted_dataset\Science-Geography\0000353.jpg,"[[[54, 46], [457, 46], [457, 179], [54, 179]]]","[""neuroanatomy trongk clinical cases""]"
Into the Magic Shop,Director James R Doty,dataset\adjusted_dataset\Science-Geography\0000354.jpg,"[[[135, 176], [379, 176], [379, 224], [135, 224]]]","[""irto the naoic shcf""]"
Conscious,Annaka Harris,dataset\adjusted_dataset\Science-Geography\0000355.jpg,[],[]
Talking to Strangers,Malcolm Gladwell,dataset\adjusted_dataset\Science-Geography\0000356.jpg,"[[[33, 36], [476, 36], [476, 364], [33, 364]]]","[""malcolm gladwell talking to strangers wt#an~ han cnt%""]"
Ocean,Dan Kainen,dataset\adjusted_dataset\Science-Geography\0000357.jpg,"[[[0, 25], [512, 25], [512, 148], [0, 148]]]","[""ocean""]"
Bonk,Mary Roach,dataset\adjusted_dataset\Science-Geography\0000358.jpg,[],[]
The Memory Code,Lynne Kelly,dataset\adjusted_dataset\Science-Geography\0000359.jpg,"[[[51, 243], [469, 243], [469, 370], [51, 370]]]","[""memory code""]"
Travelling to Infinity: The True Story Behind the Theory of Everything,Jane Hawking,dataset\adjusted_dataset\Science-Geography\0000360.jpg,[],[]
Zeitoun,Dave Eggers,dataset\adjusted_dataset\Science-Geography\0000361.jpg,"[[[36, 32], [432, 32], [432, 80], [36, 80]]]","[""etlluf""]"
Vibrant Matter,Jane Bennett,dataset\adjusted_dataset\Science-Geography\0000362.jpg,"[[[147, 68], [366, 68], [366, 96], [147, 96]]]","[""yibrz nitter""]"
Our Mathematical Universe,Max Tegmark,dataset\adjusted_dataset\Science-Geography\0000363.jpg,"[[[17, 8], [363, 8], [363, 150], [17, 150]]]","[""max tegmark our mathematical universe fy oleettot cns ulimoca nature ofrealty""]"
Money,Yuval Noah Harari,dataset\adjusted_dataset\Science-Geography\0000364.jpg,"[[[171, 471], [271, 471], [271, 487], [171, 487]]]","[""minac""]"
For the Love of Physics,Walter H. G. Lewin,dataset\adjusted_dataset\Science-Geography\0000365.jpg,"[[[55, 76], [458, 76], [458, 288], [55, 288]]]","[""tvr the lve of py /4s""]"
An Astonishing Secret,Daniel O'Leary,dataset\adjusted_dataset\Science-Geography\0000366.jpg,"[[[135, 293], [375, 293], [375, 331], [135, 331]]]","[""secret""]"
The Laws Guide to Nature Drawing and Journaling,John Muir Laws,dataset\adjusted_dataset\Science-Geography\0000367.jpg,"[[[34, 26], [482, 26], [482, 113], [34, 113]]]","[""nature drawing ond journaling""]"
Death by Black Hole,Neil Degrasse Tyson,dataset\adjusted_dataset\Science-Geography\0000368.jpg,"[[[34, 344], [482, 344], [482, 391], [34, 391]]]","[""death by black hole""]"
The Fabric of the Cosmos,Brian Greene,dataset\adjusted_dataset\Science-Geography\0000369.jpg,[],[]
The Rise of Superman,Steven Kotler,dataset\adjusted_dataset\Science-Geography\0000370.jpg,[],[]
Stealing Fire,Steven Kotler,dataset\adjusted_dataset\Science-Geography\0000371.jpg,"[[[55, 111], [453, 111], [453, 199], [55, 199]]]","[""steactng fire""]"
The Anatomy of Hatha Yoga,H.David Coulter,dataset\adjusted_dataset\Science-Geography\0000372.jpg,[],[]
The Holographic Universe,Michael Talbot,dataset\adjusted_dataset\Science-Geography\0000373.jpg,"[[[18, 37], [498, 37], [498, 122], [18, 122]]]","[""the holographic v m | \"" e r $ e""]"
Humble Pi,Matt Parker,dataset\adjusted_dataset\Science-Geography\0000374.jpg,"[[[45, 25], [470, 25], [470, 191], [45, 191]]]","[""humble pi""]"
A Universe from Nothing,Lawrence M Krauss,dataset\adjusted_dataset\Science-Geography\0000375.jpg,"[[[28, 302], [482, 302], [482, 378], [28, 378]]]","[""nothing""]"
How Emotions Are Made,Lisa Feldman Barrett,dataset\adjusted_dataset\Science-Geography\0000376.jpg,"[[[61, 162], [462, 162], [462, 408], [61, 408]]]","[""emotions are made the secret life ofthe brain""]"
Where's the Poop?,Julie Markes,dataset\adjusted_dataset\Science-Geography\0000377.jpg,"[[[168, 74], [340, 74], [340, 232], [168, 232]]]","[""wheres the poop?""]"
Freakonomics,Steven D Levitt,dataset\adjusted_dataset\Science-Geography\0000378.jpg,[],[]
Childhood Disrupted,Donna Jackson Nakazawa,dataset\adjusted_dataset\Science-Geography\0000379.jpg,[],[]
The Secret Life of Trees,Colin Tudge,dataset\adjusted_dataset\Science-Geography\0000380.jpg,"[[[31, 38], [491, 38], [491, 255], [31, 255]]]","[""the secret life off trees a tapt""]"
What is Life?,Erwin Schrodinger,dataset\adjusted_dataset\Science-Geography\0000381.jpg,"[[[56, 89], [475, 89], [475, 182], [56, 182]]]","[""schrodinger whotis lile?""]"
The Cartoon Guide to Physics,Larry Gonick,dataset\adjusted_dataset\Science-Geography\0000382.jpg,"[[[25, 33], [491, 33], [491, 185], [25, 185]]]","[""the cartoonguideto puvsic }""]"
The Simpsons and Their Mathematical Secrets,Dr. Simon Singh,dataset\adjusted_dataset\Science-Geography\0000383.jpg,"[[[9, 146], [476, 146], [476, 451], [9, 451]]]","[""simpsons and their mathematical secrets sa_s simon singh cs sn ledtodit7r7d""]"
The GCHQ Puzzle Book II,GCHQ,dataset\adjusted_dataset\Science-Geography\0000384.jpg,"[[[63, 116], [454, 116], [454, 260], [63, 260]]]","[""t h e g c a q puzzle booki""]"
Humanology,Luke O'Neill,dataset\adjusted_dataset\Science-Geography\0000385.jpg,"[[[45, 44], [448, 44], [448, 100], [45, 100]]]","[""humanology""]"
Permaculture Design,Aranya,dataset\adjusted_dataset\Science-Geography\0000386.jpg,"[[[72, 52], [440, 52], [440, 168], [72, 168]]]","[""permaculture design anmu""]"
The Elements of Statistical Learning,Trevor Hastie,dataset\adjusted_dataset\Science-Geography\0000387.jpg,"[[[86, 183], [488, 183], [488, 296], [86, 296]]]","[""the elements 0f rtatistica| learnini wurmrn\""tmrzannigrg""]"
Staying with the Trouble,Donna J. Haraway,dataset\adjusted_dataset\Science-Geography\0000388.jpg,"[[[291, 90], [506, 90], [506, 186], [291, 186]]]","[""with trouble""]"
Tiny Homes,Lloyd Kahn,dataset\adjusted_dataset\Science-Geography\0000389.jpg,"[[[75, 27], [453, 27], [453, 157], [75, 157]]]","[""tity homes simple shelter llni kahe""]"
Packing for Mars,Mary Roach,dataset\adjusted_dataset\Science-Geography\0000390.jpg,"[[[77, 140], [485, 140], [485, 421], [77, 421]]]","[""gking mars ofetu# kkl""]"
Cartoon Guide to Statistics,Larry Gonick,dataset\adjusted_dataset\Science-Geography\0000391.jpg,"[[[20, 22], [511, 22], [511, 229], [20, 229]]]","[""the cartoon guide to su8371e} prviid uroatcd 4ho coitiom""]"
Europe: A Natural History,Tim Flannery,dataset\adjusted_dataset\Science-Geography\0000392.jpg,"[[[79, 17], [437, 17], [437, 232], [79, 232]]]","[""europe antacural history""]"
Meadowland,John Lewis-Stempel,dataset\adjusted_dataset\Science-Geography\0000393.jpg,[],[]
Cooked,Michael Pollan,dataset\adjusted_dataset\Science-Geography\0000394.jpg,"[[[123, 165], [385, 165], [385, 203], [123, 203]]]","[""cooked""]"
Discovering Statistics Using R,Andy Field,dataset\adjusted_dataset\Science-Geography\0000395.jpg,"[[[21, 103], [490, 103], [490, 171], [21, 171]]]","[""discovering statsties using r""]"
Physics of the Impossible,Department of Physics Michio Kaku,dataset\adjusted_dataset\Science-Geography\0000396.jpg,"[[[37, 344], [476, 344], [476, 386], [37, 386]]]","[""lmpossibce""]"
The Rise of the Robots,Martin Ford,dataset\adjusted_dataset\Science-Geography\0000397.jpg,"[[[32, 37], [482, 37], [482, 192], [32, 192]]]","[""the rise ofthe robots""]"
Story Genius,Lisa Cron,dataset\adjusted_dataset\Science-Geography\0000398.jpg,[],[]
Superintelligence,Nick Bostrom,dataset\adjusted_dataset\Science-Geography\0000399.jpg,"[[[19, 73], [495, 73], [495, 142], [19, 142]]]","[""superintelligence f djl\""er""]"
David and Goliath,Malcolm Gladwell,dataset\adjusted_dataset\Science-Geography\0000400.jpg,"[[[84, 290], [422, 290], [422, 424], [84, 424]]]","[""david 8 goliath""]"
Curiosity,Markus Motum,dataset\adjusted_dataset\Science-Geography\0000401.jpg,"[[[80, 376], [464, 376], [464, 481], [80, 481]]]","[""curiosity tha sorv p hux kozer""]"
Chemistry Essentials For Dummies,John T. Moore,dataset\adjusted_dataset\Science-Geography\0000402.jpg,"[[[49, 66], [460, 66], [460, 280], [49, 280]]]","[""chemistry essentials dummie,s""]"
Waterlog,Roger Deakin,dataset\adjusted_dataset\Science-Geography\0000403.jpg,"[[[48, 194], [457, 194], [457, 257], [48, 257]]]","[""waterlog""]"
The Planets,Brian Cox,dataset\adjusted_dataset\Science-Geography\0000404.jpg,[],[]
Seeing Like a State,James C. Scott,dataset\adjusted_dataset\Science-Geography\0000405.jpg,"[[[156, 114], [329, 114], [329, 288], [156, 288]]]","[""seeing like a state""]"
Wilding,Isabella Tree,dataset\adjusted_dataset\Science-Geography\0000406.jpg,"[[[20, 110], [496, 110], [496, 190], [20, 190]]]","[""wildinje""]"
In Defence of Dogs,John Bradshaw,dataset\adjusted_dataset\Science-Geography\0000407.jpg,"[[[46, 89], [459, 89], [459, 180], [46, 180]]]","[""indefence of dogs""]"
The Uninhabitable Earth,David Wallace-wells,dataset\adjusted_dataset\Science-Geography\0000408.jpg,"[[[60, 154], [456, 154], [456, 277], [60, 277]]]","[""ujnitihabitable earth ~\""v\""t lf ie! fmw""]"
The Case Against Sugar,Gary Taubes,dataset\adjusted_dataset\Science-Geography\0000409.jpg,"[[[0, 279], [512, 279], [512, 512], [0, 512]]]","[""the case against sugar g2ry taubes""]"
The Cloudspotter's Guide,Gavin Pretor-Pinney,dataset\adjusted_dataset\Science-Geography\0000410.jpg,"[[[27, 84], [473, 84], [473, 207], [27, 207]]]","[""clogdsnotter' 5 nci irtwu""]"
Relativity,Albert Einstein,dataset\adjusted_dataset\Science-Geography\0000411.jpg,[],[]
The Idiot Brain,Dean Burnett,dataset\adjusted_dataset\Science-Geography\0000412.jpg,[],[]
A Colorful Introduction to the Anatomy of the Human Brain,John P. J. Pinel,dataset\adjusted_dataset\Science-Geography\0000413.jpg,"[[[46, 14], [458, 14], [458, 111], [46, 111]]]","[""eolorfukinroaretuto; anaromy hunan brain""]"
Smarter Faster Better,Charles Duhigg,dataset\adjusted_dataset\Science-Geography\0000414.jpg,"[[[64, 26], [444, 26], [444, 161], [64, 161]]]","[""the power of habt smarter faster""]"
The Moneyless Man,Mark Boyle,dataset\adjusted_dataset\Science-Geography\0000415.jpg,"[[[15, 15], [316, 15], [316, 502], [15, 502]]]","[""the money- less ma ayear qf freeconomic lining mark bofle""]"
The Mind-Gut Connection,Emeran Mayer,dataset\adjusted_dataset\Science-Geography\0000416.jpg,"[[[29, 10], [486, 10], [486, 123], [29, 123]]]","[""mind-gut connection""]"
Psychology Statistics For Dummies,Donncha Hanna,dataset\adjusted_dataset\Science-Geography\0000417.jpg,"[[[17, 40], [460, 40], [460, 323], [17, 323]]]","[""psychology statistics dummies lomio.""]"
Wired For Story,Lisa Cron,dataset\adjusted_dataset\Science-Geography\0000418.jpg,"[[[117, 191], [411, 191], [411, 357], [117, 357]]]","[""wired for story""]"
Oxford IB Study Guides: Physics for the IB Diploma,Tim Kirk,dataset\adjusted_dataset\Science-Geography\0000419.jpg,[],[]
Collapse,Jared Diamond,dataset\adjusted_dataset\Science-Geography\0000420.jpg,"[[[13, 25], [499, 25], [499, 151], [13, 151]]]","[""thf ra collapse""]"
Special Relativity and Classical Field Theory,Leonard Susskind,dataset\adjusted_dataset\Science-Geography\0000421.jpg,"[[[118, 184], [394, 184], [394, 332], [118, 332]]]","[""relativity and classical field theory tho thoorctical nmninur""]"
On the Move,Oliver Sacks,dataset\adjusted_dataset\Science-Geography\0000422.jpg,"[[[38, 62], [470, 62], [470, 251], [38, 251]]]","[""sacks tn thee mttl itc""]"
No Dig Organic Home & Garden,Charles Dowding,dataset\adjusted_dataset\Science-Geography\0000423.jpg,"[[[22, 271], [493, 271], [493, 331], [22, 331]]]","[""na dig organic hone & garden ocvdcorti sortoungvtt""]"
I Contain Multitudes,Ed Yong,dataset\adjusted_dataset\Science-Geography\0000424.jpg,"[[[75, 161], [439, 161], [439, 316], [75, 316]]]","[""contain multitudes tae mictooes yimin us mnd   crndur yinyy of /f""]"
Molecular Gastronomy,Herve This,dataset\adjusted_dataset\Science-Geography\0000425.jpg,"[[[9, 57], [499, 57], [499, 135], [9, 135]]]","[""mocar (astromy fxporing tn srinner' o| fi:tn""]"
The Shallows,Nicholas Carr,dataset\adjusted_dataset\Science-Geography\0000426.jpg,[],[]
I Am a Strange Loop,Douglas R. Hofstadter,dataset\adjusted_dataset\Science-Geography\0000427.jpg,"[[[83, 97], [423, 97], [423, 189], [83, 189]]]","[""strange loop""]"
This Book Is a Planetarium,Kelli Anderson,dataset\adjusted_dataset\Science-Geography\0000428.jpg,"[[[66, 109], [433, 109], [433, 285], [66, 285]]]","[""this book is a planetarium""]"
The Hot Zone,Richard Preston,dataset\adjusted_dataset\Science-Geography\0000429.jpg,[],[]
The Master and His Emissary,Iain McGilchrist,dataset\adjusted_dataset\Science-Geography\0000430.jpg,"[[[28, 103], [488, 103], [488, 430], [28, 430]]]","[""the master and fis emissary terueeanaodipl caclotaa kpnd""]"
Stuff Matters,Mark A. Miodownik,dataset\adjusted_dataset\Science-Geography\0000431.jpg,[],[]
The Drunkard's Walk,Leonard Mlodinow,dataset\adjusted_dataset\Science-Geography\0000432.jpg,[],[]
Why We Sleep,Matthew Walker,dataset\adjusted_dataset\Science-Geography\0000433.jpg,[],[]
The Revenge Of Geography,Robert D. Kaplan,dataset\adjusted_dataset\Science-Geography\0000434.jpg,"[[[56, 45], [461, 45], [461, 223], [56, 223]]]","[""the revenge @ f g eography""]"
Mad About Bugs,Deborah Jane Murrell,dataset\adjusted_dataset\Science-Geography\0000435.jpg,"[[[82, 20], [479, 20], [479, 156], [82, 156]]]","[""ma] aort 3 bugs""]"
Essential Medical Statistics,Betty R. Kirkwood,dataset\adjusted_dataset\Science-Geography\0000436.jpg,"[[[101, 70], [413, 70], [413, 143], [101, 143]]]","[""medical statistics""]"
Edexcel AS and A Level Modular Mathematics Core Mathematics 1 C1,Keith Pledger,dataset\adjusted_dataset\Science-Geography\0000437.jpg,"[[[23, 370], [360, 370], [360, 507], [23, 507]]]","[""edezcelasanda lerel modular nathenatics c1""]"
The Dog Listener,Jan Fennell,dataset\adjusted_dataset\Science-Geography\0000438.jpg,"[[[21, 16], [479, 16], [479, 190], [21, 190]]]","[""forenrd p> montt robeeta the dog listener #lwr&t\"" \""n""]"
The Woman who Changed Her Brain,Barbara Arrowsmith-Young,dataset\adjusted_dataset\Science-Geography\0000439.jpg,"[[[0, 79], [512, 79], [512, 369], [0, 369]]]","[""w omain ejo t haangie id xer bibian l""]"
"Oxford IB Diploma Programme: IB Mathematics: applications and interpretation, Standard Level, Print and Enhanced Online Course Book Pack",Jane Forrest,dataset\adjusted_dataset\Science-Geography\0000440.jpg,[],[]
Aware,Daniel J. Siegel,dataset\adjusted_dataset\Science-Geography\0000441.jpg,"[[[119, 179], [394, 179], [394, 230], [119, 230]]]","[""aware""]"
A Brief History of the Universe,J. P. McEvoy,dataset\adjusted_dataset\Science-Geography\0000442.jpg,"[[[23, 349], [499, 349], [499, 413], [23, 413]]]","[""universe""]"
Delavier's Stretching Anatomy,Frederic Delavier,dataset\adjusted_dataset\Science-Geography\0000443.jpg,"[[[290, 414], [502, 414], [502, 473], [290, 473]]]","[""rederlc deljve #eclmincc7 clnianl""]"
The Knowledge,Lewis Dartnell,dataset\adjusted_dataset\Science-Geography\0000444.jpg,"[[[22, 84], [512, 84], [512, 158], [22, 158]]]","[""knowledge""]"
Babylon's Ark,Lawrence Anthony,dataset\adjusted_dataset\Science-Geography\0000445.jpg,"[[[25, 201], [471, 201], [471, 323], [25, 323]]]","[""babylui's hbk layrende junohy jreltt""]"
Cities for People,Jan Gehl,dataset\adjusted_dataset\Science-Geography\0000446.jpg,"[[[50, 77], [456, 77], [456, 215], [50, 215]]]","[""jan gehl cities for people""]"
The Sixth Extinction,Elizabeth Kolbert,dataset\adjusted_dataset\Science-Geography\0000447.jpg,"[[[24, 29], [489, 29], [489, 250], [24, 250]]]","[""the sixth extinct on an umhatural history""]"
"Guns, Germs, and Steel",Jared Diamond,dataset\adjusted_dataset\Science-Geography\0000448.jpg,"[[[11, 216], [410, 216], [410, 401], [11, 401]]]","[""guns , germis stell""]"
Low Tox Life,Alexx Stuart,dataset\adjusted_dataset\Science-Geography\0000449.jpg,[],[]
Why We Sleep,Matthew Walker,dataset\adjusted_dataset\Science-Geography\0000450.jpg,[],[]
Drawdown,Paul Hawken,dataset\adjusted_dataset\Science-Geography\0000451.jpg,[],[]
The Elements Jigsaw Puzzle,Nick Mann,dataset\adjusted_dataset\Science-Geography\0000452.jpg,"[[[69, 11], [339, 11], [339, 172], [69, 172]]]","[""#elements uu70""]"
The Natural History Book,DK,dataset\adjusted_dataset\Science-Geography\0000453.jpg,"[[[11, 189], [491, 189], [491, 322], [11, 322]]]","[""natural history""]"
Unweaving the Rainbow,Richard Dawkins,dataset\adjusted_dataset\Science-Geography\0000454.jpg,"[[[30, 318], [480, 318], [480, 469], [30, 469]]]","[""unweaving the rainbow tly ecujeledrhdith hd arcrdent""]"
Life on Earth,David Attenborough,dataset\adjusted_dataset\Science-Geography\0000455.jpg,"[[[38, 87], [476, 87], [476, 200], [38, 200]]]","[""life on earth david attenborough""]"
Why Evolution is True,Jerry A. Coyne,dataset\adjusted_dataset\Science-Geography\0000456.jpg,"[[[0, 144], [512, 144], [512, 346], [0, 346]]]","[""evolution 15 true""]"
The Elegant Universe,Brian Greene,dataset\adjusted_dataset\Science-Geography\0000457.jpg,[],[]
Game Theory: A Very Short Introduction,Ken Binmore,dataset\adjusted_dataset\Science-Geography\0000458.jpg,[],[]
How to Solve It,Georg Polya,dataset\adjusted_dataset\Science-Geography\0000459.jpg,"[[[106, 159], [403, 159], [403, 343], [106, 343]]]","[""how to solve t rfiknyi reeclahy""]"
The Four Horsemen,Richard Dawkins,dataset\adjusted_dataset\Science-Geography\0000460.jpg,[],[]
The Body Electric,Robert O. Becker,dataset\adjusted_dataset\Science-Geography\0000461.jpg,"[[[15, 169], [494, 169], [494, 404], [15, 404]]]","[""body electric""]"
Blueprint,Nicholas A. Christakis,dataset\adjusted_dataset\Science-Geography\0000462.jpg,[],[]
Making Your Own Cheese,Paul Peacock,dataset\adjusted_dataset\Science-Geography\0000463.jpg,"[[[22, 8], [498, 8], [498, 226], [22, 226]]]","[""(making your own cheese paultncock""]"
Sir Cumference And The Sword In The Cone,Cindy Neuschwander,dataset\adjusted_dataset\Science-Geography\0000464.jpg,"[[[149, 39], [460, 39], [460, 251], [149, 251]]]","[""sir cumfcrcnce eudux sword jerbe cone ji""]"
The Red Queen,Matt Ridley,dataset\adjusted_dataset\Science-Geography\0000465.jpg,"[[[352, 18], [416, 18], [416, 26], [352, 26]]]","[""adaneren an""]"
Welcome to the Universe,Neil Degrasse Tyson,dataset\adjusted_dataset\Science-Geography\0000466.jpg,"[[[100, 174], [299, 174], [299, 260], [100, 260]]]","[""welcome t 0 the umiverse""]"
Medical Herbalism,David Hoffmann,dataset\adjusted_dataset\Science-Geography\0000467.jpg,"[[[17, 0], [493, 0], [493, 212], [17, 212]]]","[""medical herbalism the sceence and practice cf herbal medcne""]"
Stranger Things: Worlds Turned Upside Down,Gina McIntyre,dataset\adjusted_dataset\Science-Geography\0000468.jpg,"[[[82, 391], [438, 391], [438, 465], [82, 465]]]","[""worlds turned upside down""]"
Origins,Lewis Dartnell,dataset\adjusted_dataset\Science-Geography\0000469.jpg,"[[[35, 185], [487, 185], [487, 339], [35, 339]]]","[""origins hoi the earta ma@ede""]"
Numbers Workbook Ages 3-5: New Edition,Collins Easy Learning,dataset\adjusted_dataset\Science-Geography\0000470.jpg,"[[[87, 14], [499, 14], [499, 193], [87, 193]]]","[""eosy leorning numbers workbook""]"
In Search Of Schrodinger's Cat,John Gribbin,dataset\adjusted_dataset\Science-Geography\0000471.jpg,"[[[34, 258], [466, 258], [466, 490], [34, 490]]]","[""in searich of schrtdingers jdhn grbbay gat dulatuh phgts and rentt""]"
Molecules of Emotion The Science Behind Mind Body Medicine,Candace Pert,dataset\adjusted_dataset\Science-Geography\0000472.jpg,"[[[21, 133], [496, 133], [496, 401], [21, 401]]]","[""molecules emation tae agierce eatn d mtnd ddot t edtgtn e""]"
The Disappearing Spoon,Sam Kean,dataset\adjusted_dataset\Science-Geography\0000473.jpg,"[[[32, 286], [504, 286], [504, 498], [32, 498]]]","[""ike isappearin spoon jje [eeii jic eele jf tne elenegt?""]"
Help Your Kids With Maths,Carol Vorderman,dataset\adjusted_dataset\Science-Geography\0000474.jpg,"[[[14, -2], [502, -2], [502, 314], [14, 314]]]","[""0o; l0co : eldl help your kids with maths #unique stef- cystep yisualgude""]"
Life Lessons from a Brain Surgeon,Rahul Jandial,dataset\adjusted_dataset\Science-Geography\0000475.jpg,"[[[79, 183], [429, 183], [429, 323], [79, 323]]]","[""life lessons from a brain surgeon""]"
Your Inner Fish,Neil Shubin,dataset\adjusted_dataset\Science-Geography\0000476.jpg,"[[[39, 79], [489, 79], [489, 241], [39, 241]]]","[""shubin tjur inner fish""]"
The Garden Jungle,Dave Goulson,dataset\adjusted_dataset\Science-Geography\0000477.jpg,[],[]
The Concise Human Body Book,DK,dataset\adjusted_dataset\Science-Geography\0000478.jpg,"[[[35, 341], [491, 341], [491, 493], [35, 493]]]","[""human body book goyu""]"
The Age of Wonder,Richard Holmes,dataset\adjusted_dataset\Science-Geography\0000479.jpg,"[[[42, 62], [476, 62], [476, 223], [42, 223]]]","[""#tcaard holmd? the a ge t wonder""]"
Joseph Banks' Florilegium,Joe Studholme,dataset\adjusted_dataset\Science-Geography\0000480.jpg,"[[[94, 62], [419, 62], [419, 100], [94, 100]]]","[""florilegium""]"
Mudlarking,Lara Maiklem,dataset\adjusted_dataset\Science-Geography\0000481.jpg,"[[[0, 17], [498, 17], [498, 460], [0, 460]]]","[""mud cark l  r # 6i [ kl e m ing""]"
1491 (Second Edition),Charles C Mann,dataset\adjusted_dataset\Science-Geography\0000482.jpg,[],[]
Endurance,Alfred Lansing,dataset\adjusted_dataset\Science-Geography\0000483.jpg,"[[[29, 87], [479, 87], [479, 149], [29, 149]]]","[""endurance""]"
10% Human,Alanna Collen,dataset\adjusted_dataset\Science-Geography\0000484.jpg,[],[]
The Seven Daughters Of Eve,Bryan Sykes,dataset\adjusted_dataset\Science-Geography\0000485.jpg,"[[[32, 8], [481, 8], [481, 313], [32, 313]]]","[""bryan sykes the seven dauchters of eve tmt intryiticnni atctnifr""]"
The Inevitable,Kevin Kelly,dataset\adjusted_dataset\Science-Geography\0000486.jpg,"[[[12, 88], [504, 88], [504, 144], [12, 144]]]","[""inevitable""]"
Merchants of Doubt,Erik M. Conway,dataset\adjusted_dataset\Science-Geography\0000487.jpg,[],[]
'What Do You Care What Other People Think?',Richard P. Feynman,dataset\adjusted_dataset\Science-Geography\0000488.jpg,"[[[236, 244], [502, 244], [502, 329], [236, 329]]]","[""tou cuae what dthel felfle thine?""]"
Mathematics: A Very Short Introduction,Timothy Gowers,dataset\adjusted_dataset\Science-Geography\0000489.jpg,"[[[151, 209], [483, 209], [483, 263], [151, 263]]]","[""mutaematics tttdrtridg""]"
Help Your Kids with Science,Carol Vorderman,dataset\adjusted_dataset\Science-Geography\0000490.jpg,"[[[1, 132], [511, 132], [511, 320], [1, 320]]]","[""help your kids with scence unicue step-bx-step yisual guide""]"
Becoming Animal,David Abram,dataset\adjusted_dataset\Science-Geography\0000491.jpg,"[[[59, 20], [452, 20], [452, 135], [59, 135]]]","[""b ec omtnt anima l 5724a0o""]"
Blockchain Revolution,Don Tapscott,dataset\adjusted_dataset\Science-Geography\0000492.jpg,[],[]
Logicomix,Apostolos Doxiadis,dataset\adjusted_dataset\Science-Geography\0000493.jpg,"[[[16, 12], [499, 12], [499, 128], [16, 128]]]","[""logicomix""]"
Sapiens,Yuval Noah Harari,dataset\adjusted_dataset\Science-Geography\0000494.jpg,[],[]
The Cloud Book,Richard Hamblyn,dataset\adjusted_dataset\Science-Geography\0000495.jpg,"[[[8, 249], [320, 249], [320, 492], [8, 492]]]","[""the cloud pock qunswnmnl""]"
Salt,Mark Kurlansky,dataset\adjusted_dataset\Science-Geography\0000496.jpg,[],[]
Captivate,Vanessa Van Edwards,dataset\adjusted_dataset\Science-Geography\0000497.jpg,[],[]
Ignition!,John Drury Clark,dataset\adjusted_dataset\Science-Geography\0000498.jpg,"[[[118, 122], [391, 122], [391, 251], [118, 251]]]","[""ignitionl anbnzdt jrd tdetie\""""]"
What If?,Randall Munroe,dataset\adjusted_dataset\Science-Geography\0000499.jpg,"[[[30, 215], [491, 215], [491, 323], [30, 323]]]","[""what if?""]"
Pihkal,Alexander T. Shulgin,dataset\adjusted_dataset\Science-Geography\0000500.jpg,[],[]
How to Lie with Statistics,Darrell Huff,dataset\adjusted_dataset\Science-Geography\0000501.jpg,"[[[15, 13], [481, 13], [481, 252], [15, 252]]]","[""hd 'ar lie with stitistics wairrem hutl ubliray ugttne mtl""]"
Coming Back to Life,Joanna R. Macy,dataset\adjusted_dataset\Science-Geography\0000502.jpg,"[[[101, 127], [419, 127], [419, 203], [101, 203]]]","[""comin back to""]"
Atlantic,Simon Winchester,dataset\adjusted_dataset\Science-Geography\0000503.jpg,"[[[81, 70], [440, 70], [440, 207], [81, 207]]]","[""winchester ~lani/c""]"
How To Read Water,Tristan Gooley,dataset\adjusted_dataset\Science-Geography\0000504.jpg,"[[[0, 311], [512, 311], [512, 474], [0, 474]]]","[""how to read water clues ritterhr feo podeles fc the ee""]"
The Cloud Collector's Handbook,Gavin Pretor-Pinney,dataset\adjusted_dataset\Science-Geography\0000505.jpg,"[[[18, 56], [500, 56], [500, 124], [18, 124]]]","[""cloud collbctor 5 handbodr""]"
The Man Who Loved China,Author and Historian Simon Winchester,dataset\adjusted_dataset\Science-Geography\0000506.jpg,"[[[40, 42], [474, 42], [474, 117], [40, 117]]]","[""the man who loyed catna""]"
The Origin Of Species,Charles Darwin,dataset\adjusted_dataset\Science-Geography\0000507.jpg,"[[[40, 340], [474, 340], [474, 389], [40, 389]]]","[""the oricn \"" species ielukml""]"
The Brain's Way of Healing,Norman Doidge,dataset\adjusted_dataset\Science-Geography\0000508.jpg,"[[[63, 342], [455, 342], [455, 482], [63, 482]]]","[""tk brain\""$ way healing""]"
The Upside of Irrationality,Dr Dan Ariely,dataset\adjusted_dataset\Science-Geography\0000509.jpg,"[[[72, 214], [418, 214], [418, 398], [72, 398]]]","[""the upside of irrationality vnpiced rnyyurs wnaii e2m""]"
Mad About Space,Ladybird,dataset\adjusted_dataset\Science-Geography\0000510.jpg,"[[[55, 18], [493, 18], [493, 172], [55, 172]]]","[""mad .bovt  space""]"
The Beginning of Infinity,David Deutsch,dataset\adjusted_dataset\Science-Geography\0000511.jpg,"[[[21, 62], [475, 62], [475, 304], [21, 304]]]","[""david deutsch the beginning of infinity expanatcna hzt transiormn amond""]"
Merchants of Doubt,Naomi Oreskes,dataset\adjusted_dataset\Science-Geography\0000512.jpg,"[[[39, 189], [484, 189], [484, 273], [39, 273]]]","[""doubt""]"
"New And Selected Poems, Volume Two",Mary Oliver,dataset\adjusted_dataset\Science-Geography\0000513.jpg,"[[[52, 192], [460, 192], [460, 356], [52, 356]]]","[""new and selected poems""]"
Cat Sense,John W. S. Bradshaw,dataset\adjusted_dataset\Science-Geography\0000514.jpg,"[[[69, 78], [431, 78], [431, 163], [69, 163]]]","[""bradshaw cat sense""]"
Anatomy and Physiology For Dummies,Erin Odya,dataset\adjusted_dataset\Science-Geography\0000515.jpg,"[[[75, 85], [483, 85], [483, 241], [75, 241]]]","[""anatomy & physiology dummies""]"
"Animal, Vegetable, Miracle",Barbara Kingsolver,dataset\adjusted_dataset\Science-Geography\0000516.jpg,"[[[25, 201], [494, 201], [494, 478], [25, 478]]]","[""barbara kingsolver animal vegetable, miracle""]"
Quantum,Manjit Kumar,dataset\adjusted_dataset\Science-Geography\0000517.jpg,[],[]
Python Data Science Handbook,Jake Vanderplas,dataset\adjusted_dataset\Science-Geography\0000518.jpg,"[[[45, 215], [440, 215], [440, 401], [45, 401]]]","[""python data science handbook fiaana""]"
Edexcel AS and A level Mathematics Pure Mathematics Year 1/AS Textbook + e-book,,dataset\adjusted_dataset\Science-Geography\0000519.jpg,[],[]
Forces of Nature,Brian Cox,dataset\adjusted_dataset\Science-Geography\0000520.jpg,"[[[67, 163], [432, 163], [432, 331], [67, 331]]]","[""forces df nature doeaon brian cox ei comnt""]"
Six Not-So-Easy Pieces,Richard P. Feynman,dataset\adjusted_dataset\Science-Geography\0000521.jpg,"[[[21, 284], [499, 284], [499, 477], [21, 477]]]","[""feynman six not-so-easy picecs j rtrnimu""]"
The Autistic Brain,Temple Grandin,dataset\adjusted_dataset\Science-Geography\0000522.jpg,"[[[20, 232], [496, 232], [496, 284], [20, 284]]]","[""au tistic""]"
The Accidental Billionaires,Ben Mezrich,dataset\adjusted_dataset\Science-Geography\0000523.jpg,"[[[37, 186], [470, 186], [470, 265], [37, 265]]]","[""celoettal 0 i litaaires""]"
An African Love Story,Dame Daphne Sheldrick,dataset\adjusted_dataset\Science-Geography\0000524.jpg,[],[]
Climate Justice,Mary Robinson,dataset\adjusted_dataset\Science-Geography\0000525.jpg,"[[[25, 193], [477, 193], [477, 322], [25, 322]]]","[""climate justice""]"
Novacene,James Lovelock,dataset\adjusted_dataset\Science-Geography\0000526.jpg,"[[[272, 64], [476, 64], [476, 96], [272, 96]]]","[""ncvacene""]"
Nine Pints,Rose George,dataset\adjusted_dataset\Science-Geography\0000527.jpg,"[[[91, 127], [424, 127], [424, 184], [91, 184]]]","[""nine pints""]"
"Salt, Sugar, Fat",Michael Moss,dataset\adjusted_dataset\Science-Geography\0000528.jpg,"[[[52, 84], [460, 84], [460, 402], [52, 402]]]","[""salt sugar fat #houths foogeits 7ocggn7s""]"
Basic Physics,Karl F. Kuhn,dataset\adjusted_dataset\Science-Geography\0000529.jpg,"[[[42, 22], [477, 22], [477, 259], [42, 259]]]","[""dizinui basic physics sflf-teacang guide""]"
Organic Mushroom Farming and Mycoremediation,Tradd Cotter,dataset\adjusted_dataset\Science-Geography\0000530.jpg,"[[[38, 128], [476, 128], [476, 199], [38, 199]]]","[""organic mushroon farming and mycotemediation""]"
The Horse Anatomy Workbook,Maggie Raynor,dataset\adjusted_dataset\Science-Geography\0000531.jpg,"[[[0, 0], [382, 0], [382, 138], [0, 138]]]","[""i6 hcky anaiomi workrook me enei""]"
Voices from Chernobyl,Svetlana Alexievich,dataset\adjusted_dataset\Science-Geography\0000532.jpg,"[[[4, 135], [501, 135], [501, 208], [4, 208]]]","[""voices fron chernobyl {urant uevemici""]"
The Language Of God: A Scientist Presents Evidence For Belief,Collins,dataset\adjusted_dataset\Science-Geography\0000533.jpg,[],[]
The World Without Us,Alan Weisman,dataset\adjusted_dataset\Science-Geography\0000534.jpg,"[[[24, 12], [504, 12], [504, 416], [24, 416]]]","[""wgiid witlhout us nan wyelsmtan""]"
Botany for Gardeners,Brian Capon,dataset\adjusted_dataset\Science-Geography\0000535.jpg,"[[[16, 212], [496, 212], [496, 288], [16, 288]]]","[""botany for gardeners third edition brian catin""]"
Solve For Happy,Mo Gawdat,dataset\adjusted_dataset\Science-Geography\0000536.jpg,"[[[42, 0], [455, 0], [455, 220], [42, 220]]]","[""solve for aa f happy""]"
The Death of Expertise,Tom Nichols,dataset\adjusted_dataset\Science-Geography\0000537.jpg,"[[[32, 76], [495, 76], [495, 185], [32, 185]]]","[""the death of expertise""]"
Yoga Mat Companion 1: Vinyasa Flow & Standing Poses,Ray Long,dataset\adjusted_dataset\Science-Geography\0000538.jpg,"[[[33, 311], [481, 311], [481, 421], [33, 421]]]","[""vinyasa flow standing poses""]"
The Science Book,DK,dataset\adjusted_dataset\Science-Geography\0000539.jpg,"[[[120, 216], [398, 216], [398, 316], [120, 316]]]","[""scienc ibookt""]"
Edexcel AS and A Level Modular Mathematics Core Mathematics 2 C2,Keith Pledger,dataset\adjusted_dataset\Science-Geography\0000540.jpg,"[[[19, 370], [350, 370], [350, 509], [19, 509]]]","[""edercelasandx level modular mathematics c2""]"
The Origin of Consciousness in the Breakdown of the Bicameral Mind,Julian Jaynes,dataset\adjusted_dataset\Science-Geography\0000541.jpg,"[[[0, 155], [512, 155], [512, 336], [0, 336]]]","[""taf o4c 01 consciolsress ln the brea dovxoi tthe rmc ameramind""]"
Physics for the IB Diploma Coursebook,K. A. Tsokos,dataset\adjusted_dataset\Science-Geography\0000542.jpg,"[[[23, 85], [263, 85], [263, 214], [23, 214]]]","[""physics tor hz ib mpkma sathedtcon""]"
River Out of Eden,Richard Dawkins,dataset\adjusted_dataset\Science-Geography\0000543.jpg,"[[[73, 40], [441, 40], [441, 415], [73, 415]]]","[""nickako daukins riuer outof eden""]"
A Brief History of Science,Thomas Crump,dataset\adjusted_dataset\Science-Geography\0000544.jpg,[],[]
The Vegetarian Myth,Lierre Keith,dataset\adjusted_dataset\Science-Geography\0000545.jpg,"[[[73, 297], [442, 297], [442, 498], [73, 498]]]","[""thevegetarian myth iktt uin liette keith""]"
"The Feynman Lectures on Physics, Vol. I",Richard P. Feynman,dataset\adjusted_dataset\Science-Geography\0000546.jpg,[],[]
The Second Brain,Michael Gershon,dataset\adjusted_dataset\Science-Geography\0000547.jpg,[],[]
The River of Consciousness,Oliver Sacks,dataset\adjusted_dataset\Science-Geography\0000548.jpg,"[[[27, 335], [485, 335], [485, 371], [27, 371]]]","[""conscousness""]"
The Hidden Reality,Brian Greene,dataset\adjusted_dataset\Science-Geography\0000549.jpg,"[[[33, 287], [483, 287], [483, 373], [33, 373]]]","[""t h e htdte n k emmtt y""]"
Pattern Recognition and Machine Learning,Christopher M. Bishop,dataset\adjusted_dataset\Science-Geography\0000550.jpg,"[[[41, 39], [475, 39], [475, 153], [41, 153]]]","[""pattern recognition and machine learning christopher m. bishop""]"
Bad Science,Ben Goldacre,dataset\adjusted_dataset\Science-Geography\0000551.jpg,[],[]
Speculations on the Evolution of Human Intelligence,Carl Sagan,dataset\adjusted_dataset\Science-Geography\0000552.jpg,[],[]
Oxford IB Diploma Programme: Mathematics Standard Level Course Companion,Paul La Rondie,dataset\adjusted_dataset\Science-Geography\0000553.jpg,"[[[69, 267], [483, 267], [483, 367], [69, 367]]]","[""mathematics standard level""]"
The Disappearing Spoon...and other true tales from the Periodic Table,Sam Kean,dataset\adjusted_dataset\Science-Geography\0000554.jpg,[],[]
Calculations in AS/A Level Chemistry,Jim Clark,dataset\adjusted_dataset\Science-Geography\0000555.jpg,"[[[33, 22], [489, 22], [489, 135], [33, 135]]]","[""rztctan 45/4 ike| chemistry""]"
How Long is Now?,New Scientist,dataset\adjusted_dataset\Science-Geography\0000556.jpg,"[[[19, 102], [480, 102], [480, 260], [19, 260]]]","[""how long is now 2""]"
Midnight in Chernobyl,Adam Higginbotham,dataset\adjusted_dataset\Science-Geography\0000557.jpg,"[[[11, 147], [512, 147], [512, 384], [11, 384]]]","[""midnight 1n chernobyl""]"
The Lost World of Genesis One,Dr John H Walton,dataset\adjusted_dataset\Science-Geography\0000558.jpg,"[[[79, 97], [437, 97], [437, 348], [79, 348]]]","[""lost world of genesis onf""]"
Big Questions from Little People...,Gemma Elwin Harris,dataset\adjusted_dataset\Science-Geography\0000559.jpg,"[[[48, 146], [471, 146], [471, 424], [48, 424]]]","[""questions little people 844 \""iapi 3#gr078 / a great minds""]"
The Big Fat Surprise,Nina Teicholz,dataset\adjusted_dataset\Science-Geography\0000560.jpg,"[[[108, 288], [393, 288], [393, 487], [108, 487]]]","[""tae bic f2 t surprise lidun iaad anena afa dm nna-fichol""]"
Triumph of the City,Edward Glaeser,dataset\adjusted_dataset\Science-Geography\0000561.jpg,[],[]
Parallel Worlds,Michio Kaku,dataset\adjusted_dataset\Science-Geography\0000562.jpg,"[[[0, 31], [512, 31], [512, 349], [0, 349]]]","[""kaku parallel worlds thesciftfef tnkturtkl wtenkr""]"
The Salt Path,Raynor Winn,dataset\adjusted_dataset\Science-Geography\0000563.jpg,"[[[40, 310], [230, 310], [230, 408], [40, 408]]]","[""sat path""]"
Stealing Fire,Steven Kotler,dataset\adjusted_dataset\Science-Geography\0000564.jpg,"[[[55, 111], [453, 111], [453, 199], [55, 199]]]","[""steacing fire""]"
Stuff Matters,Mark Miodownik,dataset\adjusted_dataset\Science-Geography\0000565.jpg,"[[[17, 147], [495, 147], [495, 211], [17, 211]]]","[""stuff matters""]"
Sacred Economics,Charles Eisenstein,dataset\adjusted_dataset\Science-Geography\0000566.jpg,"[[[39, 137], [371, 137], [371, 295], [39, 295]]]","[""sacred economics cmarles eisenslein""]"
How To Do Nothing,Jenny Odell,dataset\adjusted_dataset\Science-Geography\0000567.jpg,"[[[46, 55], [368, 55], [368, 176], [46, 176]]]","[""how to nothin""]"
The Cay,Theodore Taylor,dataset\adjusted_dataset\Science-Geography\0000568.jpg,"[[[25, 75], [441, 75], [441, 235], [25, 235]]]","[""thelay""]"
Desert Solitaire,Edward Abbey,dataset\adjusted_dataset\Science-Geography\0000569.jpg,"[[[102, 281], [403, 281], [403, 372], [102, 372]]]","[""dfseet sulitie vrun jrns wltd""]"
Love Sense,Dr Sue Johnson,dataset\adjusted_dataset\Science-Geography\0000570.jpg,[],[]
Edexcel AS and A Level Modular Mathematics Statistics 1 S1,Greg Attwood,dataset\adjusted_dataset\Science-Geography\0000571.jpg,"[[[24, 370], [356, 370], [356, 502], [24, 502]]]","[""edrxcra5and4 lrvel modular mathemutics 51""]"
Beetle Boy,M. G. Leonard,dataset\adjusted_dataset\Science-Geography\0000572.jpg,"[[[59, 38], [469, 38], [469, 251], [59, 251]]]","[""b exe bey""]"
The Moral Landscape,Sam Harris,dataset\adjusted_dataset\Science-Geography\0000573.jpg,[],[]
Plant Intelligence and the Imaginal Realm,Stephen Harrod Buhner,dataset\adjusted_dataset\Science-Geography\0000574.jpg,"[[[14, 73], [495, 73], [495, 182], [14, 182]]]","[""intelligence anlj wui imaginalrealm""]"
Sapiens,Yuval Noah Harari,dataset\adjusted_dataset\Science-Geography\0000575.jpg,"[[[57, 166], [459, 166], [459, 330], [57, 330]]]","[""sapiens dcanimnales dioscs""]"
The Second Machine Age,Erik Brynjolfsson,dataset\adjusted_dataset\Science-Geography\0000576.jpg,"[[[12, 157], [389, 157], [389, 353], [12, 353]]]","[""tae second macaine age feaklz? tl fkda jhc 0l7id> eri ertemlit wuonitiiri""]"
Reef Fish Identification,Paul Humann,dataset\adjusted_dataset\Science-Geography\0000577.jpg,"[[[119, 43], [391, 43], [391, 174], [119, 174]]]","[""reef fish mdenilt :i,""]"
Spontaneous Evolution: Our Positive Future and a Way to Get There From Here,Bruce Lipton,dataset\adjusted_dataset\Science-Geography\0000578.jpg,[],[]
What's Math Got to Do with It?,Jo Boaler,dataset\adjusted_dataset\Science-Geography\0000579.jpg,"[[[48, 23], [466, 23], [466, 301], [48, 301]]]","[""whats math do boaler cot to do""]"
An Unsung Hero,Michael Smith,dataset\adjusted_dataset\Science-Geography\0000580.jpg,"[[[17, 405], [494, 405], [494, 441], [17, 441]]]","[""an unsuno hetd""]"
Edexcel AS and A level Mathematics Statistics & Mechanics Year 1/AS Textbook + e-book,Greg Attwood,dataset\adjusted_dataset\Science-Geography\0000581.jpg,[],[]
TouchThinkLearn: Numbers,Xavier Deneux,dataset\adjusted_dataset\Science-Geography\0000582.jpg,"[[[0, 0], [330, 0], [330, 66], [0, 66]]]","[""numbers""]"
"Make: Electronics, 2e",Charles Platt,dataset\adjusted_dataset\Science-Geography\0000583.jpg,"[[[14, 38], [349, 38], [349, 179], [14, 179]]]","[""make: electronics sacond editinn iurt flntt""]"
The Power of When,Dr. Michael Breus,dataset\adjusted_dataset\Science-Geography\0000584.jpg,"[[[24, 68], [480, 68], [480, 252], [24, 252]]]","[""thf power of when""]"
A Sand County Almanac,Aldo Leopold,dataset\adjusted_dataset\Science-Geography\0000585.jpg,"[[[21, 7], [493, 7], [493, 146], [21, 146]]]","[""sind councy 4lninic mtt jic mur t; \""lno lecrtie""]"
Trail Guide to the Body Workbook,Andrew Biel,dataset\adjusted_dataset\Science-Geography\0000586.jpg,"[[[71, 7], [491, 7], [491, 156], [71, 156]]]","[""suuk wozhools1 eciticg trail guide to the body""]"
Great Maps,Jerry Brotton,dataset\adjusted_dataset\Science-Geography\0000587.jpg,"[[[25, 112], [500, 112], [500, 203], [25, 203]]]","[""creatmaps hz 93""]"
The Teenage Brain,Frances E. Jensen,dataset\adjusted_dataset\Science-Geography\0000588.jpg,[],[]
Gathering Moss,Robin Wall Kimmerer,dataset\adjusted_dataset\Science-Geography\0000589.jpg,"[[[14, 296], [192, 296], [192, 320], [14, 320]]]","[""githcr""]"
Ten Arguments For Deleting Your Social Media Accounts Right Now,Jaron Lanier,dataset\adjusted_dataset\Science-Geography\0000590.jpg,,
Prisoners of Geography,Tim Marshall,dataset\adjusted_dataset\Science-Geography\0000591.jpg,"[[[104, 150], [490, 150], [490, 259], [104, 259]]]","[""prisoners cf geografhy c hov""]"
The Honest Life,Jessica Alba,dataset\adjusted_dataset\Science-Geography\0000592.jpg,"[[[8, 28], [322, 28], [322, 235], [8, 235]]]","[""jus\""~ thtie honest life""]"
The Ancestor's Tale,Richard Dawkins,dataset\adjusted_dataset\Science-Geography\0000593.jpg,"[[[94, 191], [435, 191], [435, 341], [94, 341]]]","[""thc ancestors tale""]"
The Third Chimpanzee,Jared M Diamond,dataset\adjusted_dataset\Science-Geography\0000594.jpg,"[[[94, 294], [420, 294], [420, 373], [94, 373]]]","[""the third""]"
Quadrivium,Miranda Lundy,dataset\adjusted_dataset\Science-Geography\0000595.jpg,[],[]
Practical Statistics for Data Scientists,Peter Bruce,dataset\adjusted_dataset\Science-Geography\0000596.jpg,"[[[42, 52], [467, 52], [467, 241], [42, 241]]]","[""practical statistics for data scientists""]"
Touchthinklearn: Shapes,Xavier Deneux,dataset\adjusted_dataset\Science-Geography\0000597.jpg,[],[]
Fingers in the Sparkle Jar,Chris Packham,dataset\adjusted_dataset\Science-Geography\0000598.jpg,"[[[152, 108], [484, 108], [484, 428], [152, 428]]]","[""chiis paciham fingers mntiie gphrhle jar neadin""]"
The Resilient Farm and Homestead,Ben Falk,dataset\adjusted_dataset\Science-Geography\0000599.jpg,"[[[14, 108], [500, 108], [500, 136], [14, 136]]]","[""the reslllent fam and homestead""]"
Field Guide to Mammals of Australia,Peter Menkhorst,dataset\adjusted_dataset\Science-Geography\0000600.jpg,"[[[29, 39], [496, 39], [496, 199], [29, 199]]]","[""4 field guide jo mammals of australia hvd""]"
The Pocket Atlas Of The Moving Body,Mel Cash,dataset\adjusted_dataset\Science-Geography\0000601.jpg,"[[[280, 16], [512, 16], [512, 295], [280, 295]]]","[""pocket atlas of the moving body""]"
Trick or Treatment?,Dr. Simon Singh,dataset\adjusted_dataset\Science-Geography\0000602.jpg,[],[]
Atomic,Jim Baggott,dataset\adjusted_dataset\Science-Geography\0000603.jpg,[],[]
Zero Degrees of Empathy,Simon Baron-Cohen,dataset\adjusted_dataset\Science-Geography\0000604.jpg,"[[[24, 12], [457, 12], [457, 232], [24, 232]]]","[""simon baron-cohen zero degrees of empathy""]"
Drugs Without the Hot Air,David Nutt,dataset\adjusted_dataset\Science-Geography\0000605.jpg,"[[[25, 190], [479, 190], [479, 337], [25, 337]]]","[""dalid nutt drugs withoutthe ctar""]"
Planet Earth II,Stephen Moss,dataset\adjusted_dataset\Science-Geography\0000606.jpg,"[[[46, 48], [466, 48], [466, 80], [46, 80]]]","[""planet errtai""]"
Calculus,Michael Spivak,dataset\adjusted_dataset\Science-Geography\0000607.jpg,"[[[56, 112], [497, 112], [497, 222], [56, 222]]]","[""calculus third edition""]"
The Book of Hygge,Louisa Thomsen Brits,dataset\adjusted_dataset\Science-Geography\0000608.jpg,[],[]
My Stroke of Insight,Jill Bolte Taylor,dataset\adjusted_dataset\Science-Geography\0000609.jpg,[],[]
Human Universe,Brian Cox,dataset\adjusted_dataset\Science-Geography\0000610.jpg,"[[[41, 254], [446, 254], [446, 482], [41, 482]]]","[""prorxor briancc anukrcolex human universe""]"
The Quantum and the Lotus,Professor of Astronomy Trinh Xuan Thuan,dataset\adjusted_dataset\Science-Geography\0000611.jpg,"[[[3, 152], [512, 152], [512, 301], [3, 301]]]","[""lantum 4d |46 1 0 ] u s""]"
Introduction to Mathematical Thinking,Professor Keith Devlin,dataset\adjusted_dataset\Science-Geography\0000612.jpg,"[[[25, 119], [490, 119], [490, 317], [25, 317]]]","[""introduction to mathakatical""]"
Soap Crafting,Anne-marie Faiola,dataset\adjusted_dataset\Science-Geography\0000613.jpg,"[[[74, 148], [467, 148], [467, 317], [74, 317]]]","[""soafting""]"
Down to Earth,Rhonda Hetzel,dataset\adjusted_dataset\Science-Geography\0000614.jpg,"[[[114, 96], [385, 96], [385, 303], [114, 303]]]","[""dow n to earth jo \""pleelra""]"
From Bacteria to Bach and Back,Daniel C. Dennett,dataset\adjusted_dataset\Science-Geography\0000615.jpg,"[[[15, 300], [490, 300], [490, 456], [15, 456]]]","[""from bacteria to bach and bac d daniel c deanett""]"
Yoga Mat Companion 2: Hip Openers & Forward Bends,Ray Long,dataset\adjusted_dataset\Science-Geography\0000616.jpg,"[[[13, 309], [455, 309], [455, 421], [13, 421]]]","[""hip @peners forwvard benids""]"
Can You Solve My Problems?,Alex Bellos,dataset\adjusted_dataset\Science-Geography\0000617.jpg,"[[[9, 35], [484, 35], [484, 284], [9, 284]]]","[""can yov solve wt problems cigeocor 0 neenots aetpuetine 00 ic1uit s[nfring pilzi""]"
Sustainable Energy - without the hot air,David J. C. MacKay,dataset\adjusted_dataset\Science-Geography\0000618.jpg,"[[[16, 320], [491, 320], [491, 417], [16, 417]]]","[""sustainable energy- without the hot air""]"
Introducing Particle Physics,Tom Whyntie,dataset\adjusted_dataset\Science-Geography\0000619.jpg,"[[[28, 69], [491, 69], [491, 322], [28, 322]]]","[""particlf physics graphic cuide""]"
Thank You for Being Late,Thomas L. Friedman,dataset\adjusted_dataset\Science-Geography\0000620.jpg,"[[[46, 70], [467, 70], [467, 228], [46, 228]]]","[""thank tou for being late""]"
Why I Wake Early,Mary Oliver,dataset\adjusted_dataset\Science-Geography\0000621.jpg,"[[[102, 15], [413, 15], [413, 192], [102, 192]]]","[""w h4 y wa k e e a r l y""]"
Erebus: The Story of a Ship,Michael Palin,dataset\adjusted_dataset\Science-Geography\0000622.jpg,"[[[31, 379], [489, 379], [489, 484], [31, 484]]]","[""erebus t4 4t0 rt 0 6 4 44p""]"
Lehninger Principles of Biochemistry,David L. Nelson,dataset\adjusted_dataset\Science-Geography\0000623.jpg,"[[[42, 42], [450, 42], [450, 160], [42, 160]]]","[""lehnlnger principles of biochemistry""]"
"Project X Origins: Purple Book Band, Oxford Level 8: Water: A Wild Ride",Tony Bradman,dataset\adjusted_dataset\Science-Geography\0000624.jpg,[],[]
The (Mis)Behaviour of Markets,Benoit B. Mandelbrot,dataset\adjusted_dataset\Science-Geography\0000625.jpg,"[[[48, 88], [480, 88], [480, 244], [48, 244]]]","[""(mis)behaviour of markets waurit""]"
The Science of Spice,Dr. Stuart Farrimond,dataset\adjusted_dataset\Science-Geography\0000626.jpg,[],[]
Biochemistry For Dummies,John T. Moore,dataset\adjusted_dataset\Science-Geography\0000627.jpg,"[[[17, 77], [468, 77], [468, 326], [17, 326]]]","[""biochemistry dummies lqui jbour""]"
How the Mind Works,Steven Pinker,dataset\adjusted_dataset\Science-Geography\0000628.jpg,"[[[0, 1], [436, 1], [436, 430], [0, 430]]]","[""natijnil bestseller steven pinker how the mind works""]"
The Storytelling Animal,Instructor Jonathan Gottschall,dataset\adjusted_dataset\Science-Geography\0000629.jpg,"[[[51, 53], [463, 53], [463, 91], [51, 91]]]","[""stoattelling gnima""]"
Optimism Over Despair,Noam Chomsky,dataset\adjusted_dataset\Science-Geography\0000630.jpg,"[[[19, 54], [493, 54], [493, 192], [19, 192]]]","[""optimism over despair noom chanaky""]"
"Good Night, Teddy",Francesca Ferri,dataset\adjusted_dataset\Science-Geography\0000631.jpg,"[[[95, 34], [424, 34], [424, 176], [95, 176]]]","[""good night 8""]"
"Project X Origins: Purple Book Band, Oxford Level 8: Water: Don't Look Down",Tony Bradman,dataset\adjusted_dataset\Science-Geography\0000632.jpg,[],[]
Meeting the Universe Halfway,Karen Barad,dataset\adjusted_dataset\Science-Geography\0000633.jpg,"[[[22, 46], [500, 46], [500, 100], [22, 100]]]","[""meeting thc untuerscnalfuau""]"
The Coding Manual for Qualitative Researchers,Johnny Saldana,dataset\adjusted_dataset\Science-Geography\0000634.jpg,"[[[22, 78], [491, 78], [491, 349], [22, 349]]]","[""cbdling manugl for qualitative resedrchers""]"
The Making of the Atomic Bomb,Richard Rhodes,dataset\adjusted_dataset\Science-Geography\0000635.jpg,"[[[11, 23], [472, 23], [472, 459], [11, 459]]]","[""the maktng of the atomic bemb richakd rhodes""]"
Hello World,Hannah Fry,dataset\adjusted_dataset\Science-Geography\0000636.jpg,[],[]
Everyone Poops,Taro Gomi,dataset\adjusted_dataset\Science-Geography\0000637.jpg,"[[[129, 0], [462, 0], [462, 122], [129, 122]]]","[""everyone poops bv\"" taro gom]""]"
The Information,James Gleick,dataset\adjusted_dataset\Science-Geography\0000638.jpg,[],[]
Overview,Benjamin Grant,dataset\adjusted_dataset\Science-Geography\0000639.jpg,"[[[112, 63], [407, 63], [407, 124], [112, 124]]]","[""overview""]"
The Industries of the Future,Alec Ross,dataset\adjusted_dataset\Science-Geography\0000640.jpg,"[[[99, 194], [466, 194], [466, 349], [99, 349]]]","[""h e industries t e future""]"
Honeybee Democracy,Thomas D. Seeley,dataset\adjusted_dataset\Science-Geography\0000641.jpg,"[[[26, 137], [441, 137], [441, 283], [26, 283]]]","[""honfybee democracy thdnns 0 seeify""]"
Climate Change Delusion and the Great Electricity Ripoff,Ian Plimer,dataset\adjusted_dataset\Science-Geography\0000642.jpg,"[[[51, 136], [469, 136], [469, 342], [51, 342]]]","[""the timate change delusion andthe great electricity ripoff""]"
There Is No Planet B,Mike Berners-Lee,dataset\adjusted_dataset\Science-Geography\0000643.jpg,"[[[63, 247], [460, 247], [460, 413], [63, 413]]]","[""there 15 no planet b""]"
Cradle to Cradle,William McDonough,dataset\adjusted_dataset\Science-Geography\0000644.jpg,"[[[74, 184], [450, 184], [450, 327], [74, 327]]]","[""ragle rleizd""]"
The Theoretical Minimum,George Hrabovsky,dataset\adjusted_dataset\Science-Geography\0000645.jpg,[],[]
Deep Medicine,Eric Topol,dataset\adjusted_dataset\Science-Geography\0000646.jpg,"[[[29, 141], [489, 141], [489, 309], [29, 309]]]","[""medicine jtnr latlll da\"" ma""]"
Zero Waste Home,Bea Johnson,dataset\adjusted_dataset\Science-Geography\0000647.jpg,"[[[295, 34], [490, 34], [490, 278], [295, 278]]]","[""zero waste home""]"
Lifespan,David Sinclair,dataset\adjusted_dataset\Science-Geography\0000648.jpg,[],[]
Piano Time 2,Pauline Hall,dataset\adjusted_dataset\Science-Geography\0000649.jpg,"[[[-19, -2], [477, -2], [477, 207], [-19, 207]]]","[""&+an-o timk 2""]"
Against Empathy,Paul Bloom,dataset\adjusted_dataset\Science-Geography\0000650.jpg,"[[[83, 47], [433, 47], [433, 321], [83, 321]]]","[""~ a gainst gox empatay""]"
Who Was Charles Darwin?,Deborah Hopkinson,dataset\adjusted_dataset\Science-Geography\0000651.jpg,"[[[22, 41], [488, 41], [488, 92], [22, 92]]]","[""charles darwin?""]"
In Praise of Walking,Shane O'Mara,dataset\adjusted_dataset\Science-Geography\0000652.jpg,"[[[65, 175], [312, 175], [312, 225], [65, 225]]]","[""praise""]"
Reading in the Brain,Stanislas Dehaene,dataset\adjusted_dataset\Science-Geography\0000653.jpg,"[[[60, 30], [455, 30], [455, 117], [60, 117]]]","[""reading tn the bratn""]"
If Women Rose Rooted,Sharon Blackie,dataset\adjusted_dataset\Science-Geography\0000654.jpg,"[[[47, 172], [424, 172], [424, 373], [47, 373]]]","[""women rose rooted flnc""]"
Algorithms to Live by,Brian Christian,dataset\adjusted_dataset\Science-Geography\0000655.jpg,"[[[25, 0], [489, 0], [489, 132], [25, 132]]]","[""algorithms to live by""]"
Limitless Mind,Jo Boaler,dataset\adjusted_dataset\Science-Geography\0000656.jpg,[],[]
Moonwalking with Einstein,Joshua Foer,dataset\adjusted_dataset\Science-Geography\0000657.jpg,"[[[65, 277], [349, 277], [349, 321], [65, 321]]]","[""einstein""]"
The Grain Brain Whole Life Plan,David Perlmutter,dataset\adjusted_dataset\Science-Geography\0000658.jpg,"[[[32, 123], [482, 123], [482, 489], [32, 489]]]","[""grain brain whol lfe pcam jzm eime jaty di itad feramltt ela y7 lneem""]"
Oxford IB Diploma Programme: Physics Course Companion,Michael Bowen-Jones,dataset\adjusted_dataset\Science-Geography\0000659.jpg,[],[]
A Beginner's Guide to Constructing the Universe,Michael S. Schneider,dataset\adjusted_dataset\Science-Geography\0000660.jpg,"[[[11, 36], [511, 36], [511, 496], [11, 496]]]","[""heginners guide tu lonstucting te universe tiil mhlhesilel hechetytes of mat iire ari abd scieyee p voyage from tp michhel $ schhehder""]"
Life Ascending,Nick Lane,dataset\adjusted_dataset\Science-Geography\0000661.jpg,"[[[28, 31], [487, 31], [487, 67], [28, 67]]]","[""lite ascending""]"
The Good Gut,Justin Sonnenburg,dataset\adjusted_dataset\Science-Geography\0000662.jpg,[],[]
A Brief History of Time,Stephen Hawking,dataset\adjusted_dataset\Science-Geography\0000663.jpg,"[[[39, 40], [468, 40], [468, 155], [39, 155]]]","[""1  1i lu >t] >l10 briet history ot time""]"
Rewording the Brain,David Astle,dataset\adjusted_dataset\Science-Geography\0000664.jpg,"[[[28, 343], [482, 343], [482, 406], [28, 406]]]","[""r ewlo r din g tiae braln""]"
The Unabomber Manifesto,The Unabomber,dataset\adjusted_dataset\Science-Geography\0000665.jpg,[],[]
Prisoners of Geography,Tim Marshall,dataset\adjusted_dataset\Science-Geography\0000666.jpg,"[[[104, 100], [406, 100], [406, 325], [104, 325]]]","[""prisoners #f geography ten mep' tho' ezploln esotrebinm 46out 'ho vorid""]"
What Is Mathematics?,Richard Courant,dataset\adjusted_dataset\Science-Geography\0000667.jpg,"[[[10, 55], [512, 55], [512, 343], [10, 343]]]","[""what is %j mathematics? rn 5 eeteataeiaeea #fnrttr 1 28 $ nenr end heahoda 1 0""]"
Thus Spoke the Plant,Monica Gagliano,dataset\adjusted_dataset\Science-Geography\0000668.jpg,"[[[52, 79], [468, 79], [468, 314], [52, 314]]]","[""spoke the peant""]"
A Brief History of Time: 10th Anniversary Ed,Stephen Hawking,dataset\adjusted_dataset\Science-Geography\0000669.jpg,"[[[147, 325], [499, 325], [499, 507], [147, 507]]]","[""a brief history of time""]"
Chernobyl 01:23:40,Andrew Leatherbarrow,dataset\adjusted_dataset\Science-Geography\0000670.jpg,"[[[74, 49], [436, 49], [436, 215], [74, 215]]]","[""chernobyl 01.23.40 ttriiltiddr jat""]"
Philosophy of Science: Very Short Introduction,Samir Okasha,dataset\adjusted_dataset\Science-Geography\0000671.jpg,"[[[188, 188], [484, 188], [484, 250], [188, 250]]]","[""pailosopay df science""]"
Photograph 51,Anna Ziegler,dataset\adjusted_dataset\Science-Geography\0000672.jpg,"[[[27, 355], [489, 355], [489, 442], [27, 442]]]","[""photograph 51 jnrlat trauu neikt""]"
The Gendered Brain,Gina Rippon,dataset\adjusted_dataset\Science-Geography\0000673.jpg,"[[[42, 74], [470, 74], [470, 329], [42, 329]]]","[""the gendered brain tke iha eh""]"
Start Something That Matters,Blake Mycoskie,dataset\adjusted_dataset\Science-Geography\0000674.jpg,"[[[36, 13], [475, 13], [475, 344], [36, 344]]]","[""ef start something tht matters blake toms mroovki""]"
Too Big to Fail,Andrew Ross Sorkin,dataset\adjusted_dataset\Science-Geography\0000675.jpg,"[[[173, 103], [512, 103], [512, 512], [173, 512]]]","[""too blig fal""]"
Down to Earth,Bruno Latour,dataset\adjusted_dataset\Science-Geography\0000676.jpg,"[[[31, 415], [480, 415], [480, 494], [31, 494]]]","[""down to earth mrehm""]"
The Fourth Industrial Revolution,Klaus Schwab,dataset\adjusted_dataset\Science-Geography\0000677.jpg,"[[[20, 15], [463, 15], [463, 477], [20, 477]]]","[""the fourth industrial revolution klaus schwab fzandga5 doruilocntmt yakc eunatec ferw""]"
Oxford IB Diploma Programme: Chemistry Course Companion,Sergey Bylikin,dataset\adjusted_dataset\Science-Geography\0000678.jpg,[],[]
"The Brain's Way of Healing: Remarkable discoveries and recoveries from the frontiers of neuroplasticity,",Norman Doidge,dataset\adjusted_dataset\Science-Geography\0000679.jpg,[],[]
My Family and Other Animals,Gerald Durrell,dataset\adjusted_dataset\Science-Geography\0000680.jpg,"[[[115, 86], [395, 86], [395, 173], [115, 173]]]","[""nlv fimil; una ofcr aunilz 0 7 cilo ae m""]"
The Death and Life of Great American Cities,Jane Jacobs,dataset\adjusted_dataset\Science-Geography\0000681.jpg,"[[[59, 111], [455, 111], [455, 362], [59, 362]]]","[""death ad life of great american cities""]"
The Pleasure of Finding Things Out,Richard P. Feynman,dataset\adjusted_dataset\Science-Geography\0000682.jpg,"[[[19, 39], [499, 39], [499, 119], [19, 119]]]","[""the fleasure of fihdimg things wt""]"
A Short History of Nearly Everything,Bill Bryson,dataset\adjusted_dataset\Science-Geography\0000683.jpg,"[[[33, 13], [483, 13], [483, 233], [33, 233]]]","[""bill bryson short history %f nearly fvcrything""]"
Solve For Happy,Mo Gawdat,dataset\adjusted_dataset\Science-Geography\0000684.jpg,"[[[1, 49], [501, 49], [501, 402], [1, 402]]]","[""solve for happy path tojoy engineeryour""]"
The Talent Code,Daniel Coyle,dataset\adjusted_dataset\Science-Geography\0000685.jpg,"[[[179, 311], [335, 311], [335, 353], [179, 353]]]","[""code""]"
Shackleton's Boat Journey,Frank Arthur Worsley,dataset\adjusted_dataset\Science-Geography\0000686.jpg,"[[[33, 299], [477, 299], [477, 418], [33, 418]]]","[""shackletons boat jour ey t yorsley""]"
The Logic of Scientific Discovery,Sir Karl Popper,dataset\adjusted_dataset\Science-Geography\0000687.jpg,"[[[27, 193], [479, 193], [479, 342], [27, 342]]]","[""pepper tno loalc 2 s0 uic diczcvorg""]"
The Great Irish Weather Book,Joanna Donnelly,dataset\adjusted_dataset\Science-Geography\0000688.jpg,"[[[77, 241], [424, 241], [424, 352], [77, 352]]]","[""weather bvok""]"
Sacred Geometry,Robert Lawlor,dataset\adjusted_dataset\Science-Geography\0000689.jpg,"[[[27, 204], [474, 204], [474, 297], [27, 297]]]","[""sacred geometry eesenks & sreze""]"
Maths for Mums and Dads,Rob Eastaway,dataset\adjusted_dataset\Science-Geography\0000690.jpg,[],[]
Introduction to Topology,Bert Mendelson,dataset\adjusted_dataset\Science-Geography\0000691.jpg,"[[[31, 199], [473, 199], [473, 314], [31, 314]]]","[""introductionto topology thirdeoutkin""]"
Wave,Sonali Deraniyagala,dataset\adjusted_dataset\Science-Geography\0000692.jpg,"[[[172, 190], [342, 190], [342, 222], [172, 222]]]","[""wu av e""]"
Seven Days That Divide the World,John C. Lennox,dataset\adjusted_dataset\Science-Geography\0000693.jpg,"[[[44, 152], [466, 152], [466, 306], [44, 306]]]","[""seven days that divide the world""]"
Molecular Biology of the Cell,Bruce Alberts,dataset\adjusted_dataset\Science-Geography\0000694.jpg,"[[[62, 13], [499, 13], [499, 136], [62, 136]]]","[""9 molecular biologyof the cell""]"
Cambridge International AS and A Level Biology Coursebook with CD-ROM,Mary Jones,dataset\adjusted_dataset\Science-Geography\0000695.jpg,"[[[261, 75], [486, 75], [486, 261], [261, 261]]]","[""horahan d onuttotci thd atel biology oursaboek tmcr""]"
How We Die,Sherwin B. Nuland,dataset\adjusted_dataset\Science-Geography\0000696.jpg,[],[]
The Cloudspotter's Guide,Gavin Pretor-Pinney,dataset\adjusted_dataset\Science-Geography\0000697.jpg,[],[]
Billions & Billions,Carl Sagan,dataset\adjusted_dataset\Science-Geography\0000698.jpg,"[[[45, 135], [467, 135], [467, 199], [45, 199]]]","[""btllions""]"
Something Deeply Hidden,Sean Carroll,dataset\adjusted_dataset\Science-Geography\0000699.jpg,[],[]
The Inflamed Mind,Edward Bullmore,dataset\adjusted_dataset\Science-Geography\0000700.jpg,[],[]
The Brilliant History of Color in Art,Victoria Finlay,dataset\adjusted_dataset\Science-Geography\0000701.jpg,"[[[149, 197], [413, 197], [413, 279], [149, 279]]]","[""hailliant history  dt gelor in arf""]"
Reaching Down the Rabbit Hole,Allan Ropper,dataset\adjusted_dataset\Science-Geography\0000702.jpg,"[[[59, 57], [449, 57], [449, 267], [59, 267]]]","[""reaching down th e rabbit h le""]"
The Biology of Desire,Marc Lewis,dataset\adjusted_dataset\Science-Geography\0000703.jpg,[],[]
Edexcel AS and A Level Modular Mathematics Core Mathematics 3 C3,Keith Pledger,dataset\adjusted_dataset\Science-Geography\0000704.jpg,"[[[26, 369], [358, 369], [358, 504], [26, 504]]]","[""edercela5 anda level modular mathematics c3""]"
Heartwood,Rowan Reid,dataset\adjusted_dataset\Science-Geography\0000705.jpg,"[[[97, 25], [479, 25], [479, 67], [97, 67]]]","[""heartwood""]"
The Story of Life: Evolution (Extended Edition),Ruth Symons,dataset\adjusted_dataset\Science-Geography\0000706.jpg,[],[]
The Hidden Life of Trees,Peter Wohlleben,dataset\adjusted_dataset\Science-Geography\0000707.jpg,"[[[46, 118], [464, 118], [464, 286], [46, 286]]]","[""the aiddein life of trees""]"
Gorillas in the Mist,Dian Fossey,dataset\adjusted_dataset\Science-Geography\0000708.jpg,"[[[63, 410], [450, 410], [450, 480], [63, 480]]]","[""gotimas in the mist dian fossey""]"
Complete Chemistry for Cambridge IGCSE (R),Rosemarie Gallagher,dataset\adjusted_dataset\Science-Geography\0000709.jpg,"[[[22, 95], [372, 95], [372, 227], [22, 227]]]","[""complete chemistry for cambridge igcse""]"
"Botany of Desire, the",Michael Pollan,dataset\adjusted_dataset\Science-Geography\0000710.jpg,[],[]
The Hand Sculpted House,Ianto Evans,dataset\adjusted_dataset\Science-Geography\0000711.jpg,"[[[35, 347], [488, 347], [488, 493], [35, 493]]]","[""tudi prbrphelglde lv #waacugi the handl sculpted house tuloz7 guueom ut""]"
Delavier's Core Training Anatomy,Frederic Delavier,dataset\adjusted_dataset\Science-Geography\0000712.jpg,"[[[9, 36], [480, 36], [480, 244], [9, 244]]]","[""core training anatomy dum jotuntucrnm muu cdwacd ir toiktot eanenanerenet""]"
The Problems of Philosophy,Bertrand Russell,dataset\adjusted_dataset\Science-Geography\0000713.jpg,[],[]
NG Photo Ark,Joel Sartore,dataset\adjusted_dataset\Science-Geography\0000714.jpg,"[[[25, 187], [486, 187], [486, 316], [25, 316]]]","[""photo ark uvati cueiquotu lil""]"
Cambridge International AS and A Level Physics Coursebook,David Sang,dataset\adjusted_dataset\Science-Geography\0000715.jpg,"[[[228, 74], [483, 74], [483, 259], [228, 259]]]","[""grham jott jnd aichaid #ocdaldo efinnal 49and < loval physics coursabock tdloik""]"
Principles of Neural Science,Eric R. Kandel,dataset\adjusted_dataset\Science-Geography\0000716.jpg,"[[[111, 67], [407, 67], [407, 161], [111, 161]]]","[""princtples ofneural seience""]"
The World is Flat,Thomas L. Friedman,dataset\adjusted_dataset\Science-Geography\0000717.jpg,[],[]
The Biology Coloring Book,Robert D. Griffin,dataset\adjusted_dataset\Science-Geography\0000718.jpg,"[[[0, 60], [512, 60], [512, 116], [0, 116]]]","[""colorinngbook""]"
Animals in Translation,Temple Grandin,dataset\adjusted_dataset\Science-Geography\0000719.jpg,"[[[29, 260], [501, 260], [501, 373], [29, 373]]]","[""animals in translattom""]"
Quantum Theory: A Very Short Introduction,John Polkinghorne,dataset\adjusted_dataset\Science-Geography\0000720.jpg,"[[[41, 211], [492, 211], [492, 271], [41, 271]]]","[""ouantum theort #eottudoels_""]"
"Diffusion of Innovations, 5th Edition",Everett M. Rogers,dataset\adjusted_dataset\Science-Geography\0000721.jpg,"[[[15, 3], [503, 3], [503, 171], [15, 171]]]","[""diffusion of innovations""]"
Behave,Robert M. Sapolsky,dataset\adjusted_dataset\Science-Geography\0000722.jpg,"[[[53, 153], [459, 153], [459, 219], [53, 219]]]","[""behave""]"
Yoga Mat Companion 4: Arm Balances & Inversions,Ray Long,dataset\adjusted_dataset\Science-Geography\0000723.jpg,"[[[50, 322], [448, 322], [448, 442], [50, 442]]]","[""arm balances inversions""]"
Testosterone Rex,Cordelia Fine,dataset\adjusted_dataset\Science-Geography\0000724.jpg,"[[[111, 41], [399, 41], [399, 152], [111, 152]]]","[""testosterone rex""]"
How Bad Are Bananas?,Mike Berners-Lee,dataset\adjusted_dataset\Science-Geography\0000725.jpg,[],[]
The Universe In A Nutshell,Stephen Hawking,dataset\adjusted_dataset\Science-Geography\0000726.jpg,"[[[34, 338], [482, 338], [482, 452], [34, 452]]]","[""u ntv er$ e n utshell""]"
Chemistry,Allan Blackman,dataset\adjusted_dataset\Science-Geography\0000727.jpg,"[[[34, 102], [478, 102], [478, 174], [34, 174]]]","[""chemistry""]"
"Heads, Features and Faces",George B. Bridgman,dataset\adjusted_dataset\Science-Geography\0000728.jpg,"[[[30, 369], [476, 369], [476, 504], [30, 504]]]","[""heads features and faces geotee p bridgmon""]"
True Spirit,Jessica Watson,dataset\adjusted_dataset\Science-Geography\0000729.jpg,"[[[48, 140], [470, 140], [470, 295], [48, 295]]]","[""jessica atscn true spirit""]"
Everything in its Place,Oliver Sacks,dataset\adjusted_dataset\Science-Geography\0000730.jpg,"[[[43, 55], [335, 55], [335, 295], [43, 295]]]","[""oliver sacks eyerything in tts flace first loytajm lastitales""]"
The Brain: A Very Short Introduction,Michael O'Shea,dataset\adjusted_dataset\Science-Geography\0000731.jpg,"[[[232, 208], [476, 208], [476, 261], [232, 261]]]","[""the bpain entinndlcdz""]"
Reactions,Theodore Gray,dataset\adjusted_dataset\Science-Geography\0000732.jpg,"[[[102, 200], [505, 200], [505, 304], [102, 304]]]","[""reactions""]"
The Future of the Professions,Richard E. Susskind,dataset\adjusted_dataset\Science-Geography\0000733.jpg,"[[[0, 377], [512, 377], [512, 455], [0, 455]]]","[""the future 0f tae p rcfess1ons""]"
Yoga Mat Companion 3: Back Bends & Twists,Ray Long,dataset\adjusted_dataset\Science-Geography\0000734.jpg,"[[[94, 322], [406, 322], [406, 438], [94, 438]]]","[""backbenids twists""]"
Edexcel AS and A Level Modular Mathematics Core Mathematics 4 C4,Keith Pledger,dataset\adjusted_dataset\Science-Geography\0000735.jpg,"[[[27, 370], [360, 370], [360, 510], [27, 510]]]","[""edexcel sanda level modular mathematics c4""]"
Cambridge International AS and A Level Chemistry Coursebook with CD-ROM,Lawrie Ryan,dataset\adjusted_dataset\Science-Geography\0000736.jpg,"[[[28, 93], [486, 93], [486, 522], [28, 522]]]","[""unougghr wotts cantyidqe intarnational a8078 lovbl chemistry pd calraetcok latan in au 07 z ti ds 71? cn 71j 8x uu""]"
The Map That Changed the World,Author and Historian Simon Winchester,dataset\adjusted_dataset\Science-Geography\0000737.jpg,"[[[30, 242], [496, 242], [496, 316], [30, 316]]]","[""map tmat caanged the world""]"
59 Seconds,Richard Wiseman,dataset\adjusted_dataset\Science-Geography\0000738.jpg,"[[[66, 111], [285, 111], [285, 229], [66, 229]]]","[""53 seelurds""]"
Will My Cat Eat My Eyeballs?,Caitlin Doughty,dataset\adjusted_dataset\Science-Geography\0000739.jpg,"[[[10, 1], [505, 1], [505, 142], [10, 142]]]","[""will my gat eat my eyeballs?""]"
Krakatoa,Simon Winchester,dataset\adjusted_dataset\Science-Geography\0000740.jpg,"[[[24, 236], [468, 236], [468, 316], [24, 316]]]","[""krakatoa""]"
Chasing the Sun,Richard Cohen,dataset\adjusted_dataset\Science-Geography\0000741.jpg,"[[[73, 363], [450, 363], [450, 496], [73, 496]]]","[""chasing the sun kichrrdcohey""]"
The Sports Gene,David Epstein,dataset\adjusted_dataset\Science-Geography\0000742.jpg,[],[]
Born with a Bang,Jennifer Morgan,dataset\adjusted_dataset\Science-Geography\0000743.jpg,"[[[301, 461], [399, 461], [399, 475], [301, 475]]]","[""iti amnei""]"
Emergent Strategy,Adrienne Brown,dataset\adjusted_dataset\Science-Geography\0000744.jpg,[],[]
Seventeen Equations that Changed the World,Ian Stewart,dataset\adjusted_dataset\Science-Geography\0000745.jpg,"[[[11, 83], [504, 83], [504, 465], [11, 465]]]","[""17 equations tht chooged theworld ian stewvart""]"
Learning the Art of Electronics,Thomas C. Hayes,dataset\adjusted_dataset\Science-Geography\0000746.jpg,"[[[75, 27], [432, 27], [432, 382], [75, 382]]]","[""learning rl; electronics otonccca ~o thomas \u20ac hates""]"
The Future of Humanity,Michio Kaku,dataset\adjusted_dataset\Science-Geography\0000747.jpg,"[[[34, 31], [474, 31], [474, 293], [34, 293]]]","[""michio kaku te future 0r humantty""]"
Divide and Ride,Stuart J. Murphy,dataset\adjusted_dataset\Science-Geography\0000748.jpg,"[[[128, 0], [519, 0], [519, 240], [128, 240]]]","[""diyide epa ride \""citt tutlt""]"
Illumanatomy,Kate Davies,dataset\adjusted_dataset\Science-Geography\0000749.jpg,"[[[32, 88], [477, 88], [477, 168], [32, 168]]]","[""illumanatomy""]"
Animal,Sara Pascoe,dataset\adjusted_dataset\Science-Geography\0000750.jpg,[],[]
Mind and Cosmos,Thomas Nagel,dataset\adjusted_dataset\Science-Geography\0000751.jpg,[],[]
Bold,Peter H. Diamandis,dataset\adjusted_dataset\Science-Geography\0000752.jpg,[],[]
We Have No Idea,Jorge Cham,dataset\adjusted_dataset\Science-Geography\0000753.jpg,[],[]
"Folks, This Ain't Normal",Joel Salatin,dataset\adjusted_dataset\Science-Geography\0000754.jpg,"[[[225, 194], [445, 194], [445, 306], [225, 306]]]","[""folks, this ain+ normal""]"
Walkable City,Jeff Speck,dataset\adjusted_dataset\Science-Geography\0000755.jpg,[],[]
Statistics without Tears,Derek Rowntree,dataset\adjusted_dataset\Science-Geography\0000756.jpg,"[[[35, 20], [357, 20], [357, 93], [35, 93]]]","[""statistics wvithout teors""]"
The Science Of Discworld,Terry Pratchett,dataset\adjusted_dataset\Science-Geography\0000757.jpg,"[[[95, 369], [421, 369], [421, 413], [95, 413]]]","[""the science of""]"
Meditations,Marcus Aurelius,dataset\adjusted_dataset\Science-Geography\0000758.jpg,"[[[21, 33], [499, 33], [499, 95], [21, 95]]]","[""meditations""]"
A Short History of Nearly Everything,Bill Bryson,dataset\adjusted_dataset\Science-Geography\0000759.jpg,[],[]
How to Create a Mind,Ray Kurzweil,dataset\adjusted_dataset\Science-Geography\0000760.jpg,[],[]
Introduction to the Human Body,Gerard J. Tortora,dataset\adjusted_dataset\Science-Geography\0000761.jpg,"[[[147, 67], [349, 67], [349, 181], [147, 181]]]","[""the humlan body""]"
Essential Mathematics: Essential Mathematics for the Australian Curriculum Year 9,David Greenwood,dataset\adjusted_dataset\Science-Geography\0000762.jpg,"[[[119, 50], [488, 50], [488, 266], [119, 266]]]","[""l essential mathematics""]"
Object-Oriented Ontology,Graham Harman,dataset\adjusted_dataset\Science-Geography\0000763.jpg,"[[[20, 131], [395, 131], [395, 436], [20, 436]]]","[""object- oriented ontolegy anew thzory of everything grahom harman""]"
Where Song Began: Australia's Birds And How They Changed TheWorld,Tim Low,dataset\adjusted_dataset\Science-Geography\0000764.jpg,[],[]
Chemistry For Dummies,John T. Moore,dataset\adjusted_dataset\Science-Geography\0000765.jpg,[],[]
The Medium is the Massage,Marshall McLuhan,dataset\adjusted_dataset\Science-Geography\0000766.jpg,[],[]
"Trail Guide to the Body Flashcards, Vol. 2: Muscles of the Body",Andrew Biel,dataset\adjusted_dataset\Science-Geography\0000767.jpg,"[[[46, 18], [502, 18], [502, 148], [46, 148]]]","[""trail guide to the body""]"
Mental Arithmetic 4,J. w. Adams,dataset\adjusted_dataset\Science-Geography\0000768.jpg,[],[]
Homo Deus,Yuval Noah Harari,dataset\adjusted_dataset\Science-Geography\0000769.jpg,[],[]
The Human Bone Manual,Tim D. White,dataset\adjusted_dataset\Science-Geography\0000770.jpg,"[[[27, 59], [479, 59], [479, 131], [27, 131]]]","[""ehuman bone manual""]"
The Infinite Game,Simon Sinek,dataset\adjusted_dataset\Science-Geography\0000771.jpg,[],[]
Who We Are and How We Got Here,David Reich,dataset\adjusted_dataset\Science-Geography\0000772.jpg,"[[[106, 107], [342, 107], [342, 399], [106, 399]]]","[""who wer we are and how wve got here""]"
"The Feynman Lectures on Physics, Vol. III",Richard P. Feynman,dataset\adjusted_dataset\Science-Geography\0000773.jpg,[],[]
Worth Dying for,Tim Marshall,dataset\adjusted_dataset\Science-Geography\0000774.jpg,"[[[49, 135], [466, 135], [466, 362], [49, 362]]]","[""worih dying for tfoeloe @d flads""]"
Organic Chemistry,Jonathan Clayden,dataset\adjusted_dataset\Science-Geography\0000775.jpg,"[[[35, 62], [442, 62], [442, 183], [35, 183]]]","[""organic chemistry""]"
The Science of Yoga,William Broad,dataset\adjusted_dataset\Science-Geography\0000776.jpg,"[[[23, 119], [493, 119], [493, 380], [23, 380]]]","[""the science 0f yioigia tis riskoundthe nexardg""]"
The Big Picture,Sean Carroll,dataset\adjusted_dataset\Science-Geography\0000777.jpg,[],[]
Developing Number Knowledge,Robert J. Wright,dataset\adjusted_dataset\Science-Geography\0000778.jpg,"[[[41, 145], [417, 145], [417, 391], [41, 391]]]","[""developing number knowledge beben) dielod cmttd mimlieeur""]"
The Organic Artist,Nick Neddo,dataset\adjusted_dataset\Science-Geography\0000779.jpg,[],[]
The Math Book,Clifford A. Pickover,dataset\adjusted_dataset\Science-Geography\0000780.jpg,[],[]
Fifty Challenging Problems in Probability with Solutions,Frederick Mosteller,dataset\adjusted_dataset\Science-Geography\0000781.jpg,"[[[67, 154], [485, 154], [485, 341], [67, 341]]]","[""challenging problems tn probabiliy""]"
The Cartoon Guide to Algebra,Larry Gonick,dataset\adjusted_dataset\Science-Geography\0000782.jpg,"[[[50, 14], [468, 14], [468, 144], [50, 144]]]","[""the cartoon gvide to algebra""]"
The Psychopath Inside,James H. Fallon,dataset\adjusted_dataset\Science-Geography\0000783.jpg,[],[]
The Plastic Mind,Sharon Begley,dataset\adjusted_dataset\Science-Geography\0000784.jpg,[],[]
The Rise and Fall of the Dinosaurs,Steve Brusatte,dataset\adjusted_dataset\Science-Geography\0000785.jpg,"[[[14, 290], [497, 290], [497, 368], [14, 368]]]","[""taf msf jndtt dinosaurs""]"
On Fire,Naomi Klein,dataset\adjusted_dataset\Science-Geography\0000786.jpg,"[[[90, 146], [417, 146], [417, 226], [90, 226]]]","[""on gpg""]"
The Oxford Book of Modern Science Writing,Richard Dawkins,dataset\adjusted_dataset\Science-Geography\0000787.jpg,"[[[18, 10], [492, 10], [492, 330], [18, 330]]]","[""richard dawkins the oxford book cf modern scien e writing""]"
Blueprint,Robert Plomin,dataset\adjusted_dataset\Science-Geography\0000788.jpg,"[[[86, 148], [426, 148], [426, 284], [86, 284]]]","[""blueprint [n dalynkt li #hne t""]"
How We Learn,Benedict Carey,dataset\adjusted_dataset\Science-Geography\0000789.jpg,[],[]
The Signal and the Noise,Nate Silver,dataset\adjusted_dataset\Science-Geography\0000790.jpg,[],[]
Photographic Card Deck Of The Elements,Theodore Gray,dataset\adjusted_dataset\Science-Geography\0000791.jpg,"[[[7, 218], [374, 218], [374, 379], [7, 379]]]","[""ii ehutocelplly canp drck 0f #elements""]"
The Emperor's New Mind,Roger Penrose,dataset\adjusted_dataset\Science-Geography\0000792.jpg,"[[[16, 106], [497, 106], [497, 290], [16, 290]]]","[""the emper rs new mind""]"
The Demon in the Machine,Paul Davies,dataset\adjusted_dataset\Science-Geography\0000793.jpg,"[[[48, 111], [449, 111], [449, 393], [48, 393]]]","[""the demon in the machine""]"
Napoleon'S Buttons,Penny Le Couteur,dataset\adjusted_dataset\Science-Geography\0000794.jpg,[],[]
Don't Let the Pigeon Drive the Bus,Mo Willems,dataset\adjusted_dataset\Science-Geography\0000795.jpg,"[[[0, 0], [261, 0], [261, 359], [0, 359]]]","[""dol l let the pigeon drive the bus !""]"
Black Holes: The Reith Lectures,Stephen Hawking,dataset\adjusted_dataset\Science-Geography\0000796.jpg,"[[[29, 70], [481, 70], [481, 268], [29, 268]]]","[""stephen hawking black holes thf @xc aeita lectues""]"
Hyperobjects,Timothy Morton,dataset\adjusted_dataset\Science-Geography\0000797.jpg,"[[[38, 214], [293, 214], [293, 258], [38, 258]]]","[""hyperobjecla""]"
Plant Spirit Healing,Pam Montgomery,dataset\adjusted_dataset\Science-Geography\0000798.jpg,"[[[36, 338], [476, 338], [476, 499], [36, 499]]]","[""plant spirit healing to rx gput""]"
Wiggling Worms at Work,Wendy Pfeffer,dataset\adjusted_dataset\Science-Geography\0000799.jpg,"[[[174, 23], [495, 23], [495, 196], [174, 196]]]","[""worme al""]"
Genome,Matt Ridley,dataset\adjusted_dataset\Science-Geography\0000800.jpg,"[[[5, 103], [499, 103], [499, 165], [5, 165]]]","[""genome""]"
The Road to Reality,Roger Penrose,dataset\adjusted_dataset\Science-Geography\0000801.jpg,"[[[107, 85], [401, 85], [401, 216], [107, 216]]]","[""tae road t0 rfality""]"
Soft-Wired,Michael Merzenich Phd,dataset\adjusted_dataset\Science-Geography\0000802.jpg,[],[]
Jungle,Dan Kainen,dataset\adjusted_dataset\Science-Geography\0000803.jpg,"[[[16, 34], [498, 34], [498, 158], [16, 158]]]","[""jungle""]"
He Said/She Said,Erin Kelly,dataset\adjusted_dataset\Science-Geography\0000804.jpg,"[[[28, 92], [498, 92], [498, 471], [28, 471]]]","[""he said she said dnedcvo\"" ceae f uec-e""]"
Reality is Broken,Jane McGonigal,dataset\adjusted_dataset\Science-Geography\0000805.jpg,"[[[44, 41], [478, 41], [478, 200], [44, 200]]]","[""reclity is broken""]"
Perspective Drawing Handbook,Joseph D'Amelio,dataset\adjusted_dataset\Science-Geography\0000806.jpg,"[[[86, 0], [480, 0], [480, 182], [86, 182]]]","[""perspective drawing handbook iosttdameio""]"
Why Does Asparagus Make Your Wee Smell?,Andy Brunning,dataset\adjusted_dataset\Science-Geography\0000807.jpg,"[[[82, 182], [428, 182], [428, 340], [82, 340]]]","[""asparacus make vour iee smell? lnma iii""]"
The Code Book,Dr. Simon Singh,dataset\adjusted_dataset\Science-Geography\0000808.jpg,[],[]
God's Philosophers,James Hannam,dataset\adjusted_dataset\Science-Geography\0000809.jpg,[],[]
Food of the Gods,Terence McKenna,dataset\adjusted_dataset\Science-Geography\0000810.jpg,[],[]
Spark,Dr. John J. Ratey,dataset\adjusted_dataset\Science-Geography\0000811.jpg,"[[[5, 42], [504, 42], [504, 233], [5, 233]]]","[""jpark""]"
Wonders of Life,Brian Cox,dataset\adjusted_dataset\Science-Geography\0000812.jpg,"[[[30, 231], [474, 231], [474, 491], [30, 491]]]","[""bpiancox wqnders lll""]"
Beyond Words,Carl Safina,dataset\adjusted_dataset\Science-Geography\0000813.jpg,"[[[78, 35], [439, 35], [439, 157], [78, 157]]]","[""beyond words tmk 4x""]"
The Feeling Of What Happens,Antonio Damasio,dataset\adjusted_dataset\Science-Geography\0000814.jpg,"[[[112, 296], [390, 296], [390, 381], [112, 381]]]","[""the feeling vfhft happens aentle znalr huan""]"
The Neuroscience of Psychotherapy,Louis Cozolino,dataset\adjusted_dataset\Science-Geography\0000815.jpg,"[[[80, 220], [485, 220], [485, 304], [80, 304]]]","[""neuroscience psychotherapy""]"
"The Lego Power Functions Idea Book, Volume 1",Yoshihito Isogawa,dataset\adjusted_dataset\Science-Geography\0000816.jpg,"[[[178, 168], [332, 168], [332, 263], [178, 263]]]","[""the leoo power twnctons odegddk""]"
The Future of Humanity,Michio Kaku,dataset\adjusted_dataset\Science-Geography\0000817.jpg,"[[[19, 46], [438, 46], [438, 327], [19, 327]]]","[""michio kaku the future of humanity tancr 254 mtn ueet4ell hutoncuyed oudruit blendenth""]"
Cambridge IGCSE Computer Science,David Watson,dataset\adjusted_dataset\Science-Geography\0000818.jpg,"[[[120, 71], [488, 71], [488, 268], [120, 268]]]","[""ciandee igcse computer science""]"
The Encyclopedia of Psychoactive Plants,Christian Rätsch,dataset\adjusted_dataset\Science-Geography\0000819.jpg,"[[[56, 182], [454, 182], [454, 210], [56, 210]]]","[""the encyclofedia cf""]"
Climate--A New Story,Charles Eisenstein,dataset\adjusted_dataset\Science-Geography\0000820.jpg,"[[[61, 173], [442, 173], [442, 293], [61, 293]]]","[""climale a new story""]"
Tesla: Man out of Time,Margaret Cheney,dataset\adjusted_dataset\Science-Geography\0000821.jpg,[],[]
Infinite Powers,Steven Strogatz,dataset\adjusted_dataset\Science-Geography\0000822.jpg,"[[[19, 234], [489, 234], [489, 496], [19, 496]]]","[""in fete p steteneticz""]"
Holistic Management,Allan Savory,dataset\adjusted_dataset\Science-Geography\0000823.jpg,"[[[28, 8], [488, 8], [488, 173], [28, 173]]]","[""holistic management comaor de revolutide to gentorpc0p foyirekhfht""]"
The Geography of Thought,Richard Nisbett,dataset\adjusted_dataset\Science-Geography\0000824.jpg,"[[[47, 373], [465, 373], [465, 444], [47, 444]]]","[""the geography cfthoucht""]"
Physics of the Future,Department of Physics Michio Kaku,dataset\adjusted_dataset\Science-Geography\0000825.jpg,"[[[72, 193], [443, 193], [443, 265], [72, 265]]]","[""physics of the futor e""]"
This Thing Of Darkness,Harry Thompson,dataset\adjusted_dataset\Science-Geography\0000826.jpg,"[[[50, 13], [486, 13], [486, 202], [50, 202]]]","[""harry tlonpsen zbis tbingof dazkness""]"
The Longevity Diet,Valter Longo,dataset\adjusted_dataset\Science-Geography\0000827.jpg,"[[[71, 435], [440, 435], [440, 481], [71, 481]]]","[""valter longo ph d uee""]"
Mindsight: Change Your Brain and Your Life,Daniel J. Siegel,dataset\adjusted_dataset\Science-Geography\0000828.jpg,"[[[19, 317], [503, 317], [503, 436], [19, 436]]]","[""mindsight cpangetcuk pran jjgurt""]"
Phantoms in the Brain,"V S Ramachandran M.D., Ph.D.",dataset\adjusted_dataset\Science-Geography\0000829.jpg,"[[[32, 100], [510, 100], [510, 181], [32, 181]]]","[""paantom$ in t h e b katn""]"
The Mind and the Brain,Jeffrey M Schartz,dataset\adjusted_dataset\Science-Geography\0000830.jpg,"[[[42, 77], [230, 77], [230, 109], [42, 109]]]","[""tk mind""]"
The Rise And Fall Of The Third Chimpanzee,Jared Diamond,dataset\adjusted_dataset\Science-Geography\0000831.jpg,"[[[34, 127], [476, 127], [476, 248], [34, 248]]]","[""the rise and fall ot the third chimpanzee""]"
Complete Physics for Cambridge IGCSE (R),Stephen Pople,dataset\adjusted_dataset\Science-Geography\0000832.jpg,"[[[25, 95], [387, 95], [387, 226], [25, 226]]]","[""complete physics for cambridge igcse?""]"
The Twittering Machine,Richard Seymour,dataset\adjusted_dataset\Science-Geography\0000833.jpg,"[[[37, 36], [476, 36], [476, 81], [37, 81]]]","[""tnm tuittavtda hecwtne ricmacd etaoum""]"
"One, Two, Three...Infinity",George Gamow,dataset\adjusted_dataset\Science-Geography\0000834.jpg,"[[[177, 11], [325, 11], [325, 188], [177, 188]]]","[""one two txree tun""]"
Notes on Nursing,Florence Nightingale,dataset\adjusted_dataset\Science-Geography\0000835.jpg,"[[[25, 266], [296, 266], [296, 376], [25, 376]]]","[""notes on nursing""]"
The Calm Birth Method,Suzy Ashworth,dataset\adjusted_dataset\Science-Geography\0000836.jpg,"[[[24, 0], [485, 0], [485, 241], [24, 241]]]","[""calm birth method""]"
Polar,Dan Kainen,dataset\adjusted_dataset\Science-Geography\0000837.jpg,"[[[28, 26], [488, 26], [488, 150], [28, 150]]]","[""polar""]"
"Oxford IB Diploma Programme: IB Mathematics: analysis and approaches, Higher Level, Print and Enhanced Online Course Book Pack",Marlene Torres Skoumal,dataset\adjusted_dataset\Science-Geography\0000838.jpg,[],[]
The Male Brain,Louann Brizendine,dataset\adjusted_dataset\Science-Geography\0000839.jpg,[],[]
To Die For,Lucy Siegle,dataset\adjusted_dataset\Science-Geography\0000840.jpg,[],[]
We Have Never Been Modern,Bruno Latour,dataset\adjusted_dataset\Science-Geography\0000841.jpg,"[[[20, 50], [497, 50], [497, 253], [20, 253]]]","[""we have mever 0220 modern""]"
Europe,Tim Flannery,dataset\adjusted_dataset\Science-Geography\0000842.jpg,"[[[91, 425], [419, 425], [419, 469], [91, 469]]]","[""eu rope""]"
Loneliness,John T. Cacioppo,dataset\adjusted_dataset\Science-Geography\0000843.jpg,"[[[90, 166], [419, 166], [419, 211], [90, 211]]]","[""toneluness""]"
Show Me the Numbers,Stephen Few,dataset\adjusted_dataset\Science-Geography\0000844.jpg,"[[[0, 20], [442, 20], [442, 77], [0, 77]]]","[""show mc thc numbcrs tcnf inent""]"
The Skeptics' Guide to the Universe,Steven Novella,dataset\adjusted_dataset\Science-Geography\0000845.jpg,"[[[20, 50], [512, 50], [512, 392], [20, 392]]]","[""the skeptics' gue dtoih universe eiyfiina rdrd dox d kcxtat s dsongluloptcd""]"
Constellation Myths,Eratosthenes,dataset\adjusted_dataset\Science-Geography\0000846.jpg,[],[]
Salt,Mark Kurlansky,dataset\adjusted_dataset\Science-Geography\0000847.jpg,[],[]
Beyond Good and Evil,Friedrich Nietzsche,dataset\adjusted_dataset\Science-Geography\0000848.jpg,[],[]
True Hallucinations,T. McKenna,dataset\adjusted_dataset\Science-Geography\0000849.jpg,[],[]
The Time Paradox,Philip G. Zimbardo,dataset\adjusted_dataset\Science-Geography\0000850.jpg,"[[[32, 396], [478, 396], [478, 446], [32, 446]]]","[""zimbardo""]"
Origin Story,David Christian,dataset\adjusted_dataset\Science-Geography\0000851.jpg,[],[]
Anatomy of the Soul,Dr. Curt Thompson,dataset\adjusted_dataset\Science-Geography\0000852.jpg,"[[[117, 189], [371, 189], [371, 297], [117, 297]]]","[""anatomy oftir soul""]"
My Age of Anxiety,Scott Stossel,dataset\adjusted_dataset\Science-Geography\0000853.jpg,"[[[88, 113], [497, 113], [497, 295], [88, 295]]]","[""mz 432 *f anxtety""]"
The Botany of Desire,Michael Pollan,dataset\adjusted_dataset\Science-Geography\0000854.jpg,"[[[204, 35], [505, 35], [505, 295], [204, 295]]]","[""michael pollan the botany cf desire fal e7t""]"
The Voyage of the Beagle,Charles Darwin,dataset\adjusted_dataset\Science-Geography\0000855.jpg,"[[[35, 61], [465, 61], [465, 152], [35, 152]]]","[""darwin thc #ivage @ twc @exgle""]"
Mushrooms,Roger Phillips,dataset\adjusted_dataset\Science-Geography\0000856.jpg,"[[[20, 44], [495, 44], [495, 111], [20, 111]]]","[""mushroms""]"
Dynamic Anatomy,Burne Hogarth,dataset\adjusted_dataset\Science-Geography\0000857.jpg,"[[[37, 180], [484, 180], [484, 341], [37, 341]]]","[""dvnamic anatomy re#isedlndxpanded""]"
"Where, the Why, and the How : 75 Artists Illustrate Wondrous Mysteries of Science",Jenny Volvovski,dataset\adjusted_dataset\Science-Geography\0000858.jpg,[],[]
Molecular Model Set for Organic Chemistry,,dataset\adjusted_dataset\Science-Geography\0000859.jpg,"[[[2, 7], [302, 7], [302, 194], [2, 194]]]","[""ntu pi isi nji molecular model set for organic chistey""]"
The Future of the Mind,Department of Physics Michio Kaku,dataset\adjusted_dataset\Science-Geography\0000860.jpg,"[[[101, 233], [437, 233], [437, 359], [101, 359]]]","[""ke future of hfe mnd""]"
Physics of the Impossible,Michio Kaku,dataset\adjusted_dataset\Science-Geography\0000861.jpg,"[[[28, 18], [499, 18], [499, 448], [28, 448]]]","[""michiokaku phvsics df impossibug""]"
Origin Story,David Christian,dataset\adjusted_dataset\Science-Geography\0000862.jpg,[],[]
"The Encyclopedia Of Country Living, 40th Anniversary Edition",Carla Emery,dataset\adjusted_dataset\Science-Geography\0000863.jpg,[],[]
Shinrin-Yoku,Dr Qing Li,dataset\adjusted_dataset\Science-Geography\0000864.jpg,"[[[150, 187], [397, 187], [397, 212], [150, 212]]]","[""shinein-toru""]"
Where Good Ideas Come from,Steven Johnson,dataset\adjusted_dataset\Science-Geography\0000865.jpg,"[[[0, 47], [512, 47], [512, 400], [0, 400]]]","[""johnsom where good idens come fr @mi the matural mstory m f hhovm""]"
Making Number Talks Matter,Cathy Humphreys,dataset\adjusted_dataset\Science-Geography\0000866.jpg,"[[[31, 53], [433, 53], [433, 347], [31, 347]]]","[""making number talks matter pacinp""]"
Teaming with Nutrients,Jeff Lowenfels,dataset\adjusted_dataset\Science-Geography\0000867.jpg,"[[[42, 24], [433, 24], [433, 185], [42, 185]]]","[""teaming with nutrients""]"
The Nature of Things,Lucretius,dataset\adjusted_dataset\Science-Geography\0000868.jpg,[],[]
Future Shock,Alvin Toffler,dataset\adjusted_dataset\Science-Geography\0000869.jpg,[],[]
The Organically Clean Home,Becky Rapinchuk,dataset\adjusted_dataset\Science-Geography\0000870.jpg,"[[[50, 66], [459, 66], [459, 191], [50, 191]]]","[""clean home ba qr""]"
Love Your Body,Louise Hay,dataset\adjusted_dataset\Science-Geography\0000871.jpg,"[[[0, 148], [466, 148], [466, 408], [0, 408]]]","[""love vour bodv""]"
The Moral Animal,Robert Wright,dataset\adjusted_dataset\Science-Geography\0000872.jpg,[],[]
The Cartoon Guide to Calculus,Larry Gonick,dataset\adjusted_dataset\Science-Geography\0000873.jpg,"[[[32, 43], [479, 43], [479, 153], [32, 153]]]","[""calculus""]"
Inventing Ourselves,Sarah-Jayne Blakemore,dataset\adjusted_dataset\Science-Geography\0000874.jpg,[],[]
What's Going on in There?,Lise Eliot,dataset\adjusted_dataset\Science-Geography\0000875.jpg,"[[[19, 3], [493, 3], [493, 93], [19, 93]]]","[""whatsgoinc on in thcrc?""]"
Reason For Hope,Jane Goodall,dataset\adjusted_dataset\Science-Geography\0000876.jpg,"[[[44, 359], [468, 359], [468, 497], [44, 497]]]","[""reason for hope m r""]"
The Sarawak Report,Clare Rewcastle Brown,dataset\adjusted_dataset\Science-Geography\0000877.jpg,"[[[56, 219], [485, 219], [485, 360], [56, 360]]]","[""sarawak report clarc rercshe frown""]"
An Elephant in My Kitchen,Francoise Malby-Anthony,dataset\adjusted_dataset\Science-Geography\0000878.jpg,"[[[83, 16], [429, 16], [429, 173], [83, 173]]]","[""far aeatt fa4 baaeaaaalef eaa ta ree 40 elcphant fn nly [-itchen""]"
Memoirs of an Addicted Brain,Marc Lewis,dataset\adjusted_dataset\Science-Geography\0000879.jpg,"[[[69, 90], [438, 90], [438, 200], [69, 200]]]","[""apbictep bkatn""]"
Edexcel AS and A Level Modular Mathematics Mechanics 1 M1,Susan Hooker,dataset\adjusted_dataset\Science-Geography\0000880.jpg,"[[[32, 368], [358, 368], [358, 504], [32, 504]]]","[""edokcelesencaleval modulat matheniates mi""]"
The Strangest Man,Graham Farmelo,dataset\adjusted_dataset\Science-Geography\0000881.jpg,"[[[24, 230], [485, 230], [485, 498], [24, 498]]]","[""the strangest man the cce4liie of chil didoc qual idekivs""]"
Sacred Geometry,Miranda Lundy,dataset\adjusted_dataset\Science-Geography\0000882.jpg,"[[[82, 62], [434, 62], [434, 168], [82, 168]]]","[""sacred geometry""]"
The Annotated Turing,Charles Petzold,dataset\adjusted_dataset\Science-Geography\0000883.jpg,"[[[19, 80], [495, 80], [495, 265], [19, 265]]]","[""the annotated turing 1g131 ac ttcut uig fet f  ens""]"
Exactly,Simon Winchester,dataset\adjusted_dataset\Science-Geography\0000884.jpg,[],[]
Shelter,Lloyd Kahn,dataset\adjusted_dataset\Science-Geography\0000885.jpg,,
The Myth of Capitalism,Jonathan Tepper,dataset\adjusted_dataset\Science-Geography\0000886.jpg,"[[[50, 164], [460, 164], [460, 214], [50, 214]]]","[""ef cipiralism""]"
The Great Derangement,Amitav Ghosh,dataset\adjusted_dataset\Science-Geography\0000887.jpg,"[[[169, 207], [496, 207], [496, 256], [169, 256]]]","[""derangement""]"
Command and Control,Eric Schlosser,dataset\adjusted_dataset\Science-Geography\0000888.jpg,[],[]
Emotions Revealed,Paul Ekman,dataset\adjusted_dataset\Science-Geography\0000889.jpg,"[[[43, 18], [474, 18], [474, 161], [43, 161]]]","[""emwtwmg wevealem""]"
Great Divide,Dodds,dataset\adjusted_dataset\Science-Geography\0000890.jpg,"[[[144, 4], [403, 4], [403, 205], [144, 205]]]","[""great' divide""]"
Science and Spiritual Practices,Rupert Sheldrake,dataset\adjusted_dataset\Science-Geography\0000891.jpg,"[[[75, 267], [436, 267], [436, 431], [75, 431]]]","[""science and spiritual practices""]"
Biology of Belief,Bruce Lipton,dataset\adjusted_dataset\Science-Geography\0000892.jpg,"[[[269, 37], [505, 37], [505, 165], [269, 165]]]","[""biology belief""]"
Naturally Clean Home,Karyn Siegel-Maier,dataset\adjusted_dataset\Science-Geography\0000893.jpg,"[[[63, 50], [449, 50], [449, 111], [63, 111]]]","[""#tu#llt clean home""]"
From Here to Eternity,Caitlin Doughty,dataset\adjusted_dataset\Science-Geography\0000894.jpg,"[[[169, 329], [339, 329], [339, 367], [169, 367]]]","[""eternitt""]"
The Universe in Your Hand,Christophe Galfard,dataset\adjusted_dataset\Science-Geography\0000895.jpg,"[[[41, 154], [471, 154], [471, 225], [41, 225]]]","[""the vniteese ln tour hrd""]"
The Death of Expertise,Tom Nichols,dataset\adjusted_dataset\Science-Geography\0000896.jpg,"[[[30, 76], [493, 76], [493, 185], [30, 185]]]","[""the death 0f expertise""]"
Seven Days That Divide the World,John C. Lennox,dataset\adjusted_dataset\Science-Geography\0000897.jpg,"[[[42, 152], [466, 152], [466, 304], [42, 304]]]","[""seven days that diyide the vorld""]"
Book of Abstract Algebra,Charles C. Pinter,dataset\adjusted_dataset\Science-Geography\0000898.jpg,"[[[49, 8], [474, 8], [474, 210], [49, 210]]]","[""l book of abstract algebra 1ec n h doiit uln""]"
Stiff,Mary Roach,dataset\adjusted_dataset\Science-Geography\0000899.jpg,[],[]
Rocks & Minerals,Ronald Bonewitz,dataset\adjusted_dataset\Science-Geography\0000900.jpg,"[[[3, 127], [512, 127], [512, 291], [3, 291]]]","[""rocks & minerals""]"
Packing for Mars,Mary Roach,dataset\adjusted_dataset\Science-Geography\0000901.jpg,"[[[81, 53], [430, 53], [430, 157], [81, 157]]]","[""packing tor mar s""]"
The Science of Discworld IV,Terry Pratchett,dataset\adjusted_dataset\Science-Geography\0000902.jpg,[],[]
The Philosophy Gym,Stephen Law,dataset\adjusted_dataset\Science-Geography\0000903.jpg,[],[]
The Technological Society,Jacques Ellul,dataset\adjusted_dataset\Science-Geography\0000904.jpg,"[[[77, 21], [437, 21], [437, 112], [77, 112]]]","[""technological society jacbje elldi""]"
Arts of Living on a Damaged Planet,Anna Lowenhaupt Tsing,dataset\adjusted_dataset\Science-Geography\0000905.jpg,"[[[0, 7], [505, 7], [505, 477], [0, 477]]]","[""n arts c of living living umi on a damaged damaged planet planet""]"
507 Mechanical Movements,Henry T. Brown,dataset\adjusted_dataset\Science-Geography\0000906.jpg,"[[[9, 32], [477, 32], [477, 487], [9, 487]]]","[""507 mechanical movements mechanisms and devices 010 henrt t. browi""]"
Genograms,Monica McGoldrick,dataset\adjusted_dataset\Science-Geography\0000907.jpg,"[[[238, 18], [498, 18], [498, 66], [238, 66]]]","[""gr am5""]"
The Inner Life of Animals,Peter Wohlleben,dataset\adjusted_dataset\Science-Geography\0000908.jpg,"[[[92, 103], [422, 103], [422, 256], [92, 256]]]","[""the inner life of animals""]"
Homemade,Eleanor Ozich,dataset\adjusted_dataset\Science-Geography\0000909.jpg,"[[[86, 350], [426, 350], [426, 398], [86, 398]]]","[""homemade""]"
This Will Make You Smarter,John Brockman,dataset\adjusted_dataset\Science-Geography\0000910.jpg,"[[[40, 31], [457, 31], [457, 411], [40, 411]]]","[""this will make yau smarter""]"
The Model Thinker,Scott E. Page,dataset\adjusted_dataset\Science-Geography\0000911.jpg,"[[[30, 116], [486, 116], [486, 454], [30, 454]]]","[""the model thinker wnaitov #erd e0 hnot 10 meke dala work lor""]"
Loonshots,Safi Bahcall,dataset\adjusted_dataset\Science-Geography\0000912.jpg,"[[[60, 116], [453, 116], [453, 168], [60, 168]]]","[""loonshots""]"
Cosmos and Psyche,Richard Tarnas,dataset\adjusted_dataset\Science-Geography\0000913.jpg,"[[[89, 259], [421, 259], [421, 303], [89, 303]]]","[""1's  chf""]"
Fungi of Temperate Europe,Thomas Laessoe,dataset\adjusted_dataset\Science-Geography\0000914.jpg,[],[]
The Remarkable Life of the Skin,Monty Lyman,dataset\adjusted_dataset\Science-Geography\0000915.jpg,"[[[0, 175], [512, 175], [512, 489], [0, 489]]]","[""0u-u wu, tiz remarkable life <skin an irr frn7 titri momy lymen""]"
The Small Animal Veterinary Nerdbook,Sophia Yin,dataset\adjusted_dataset\Science-Geography\0000916.jpg,"[[[52, 97], [441, 97], [441, 157], [52, 157]]]","[""ttnlaninni #r1sntety jrrnonk""]"
Sapiens,Yuval Noah Harari,dataset\adjusted_dataset\Science-Geography\0000917.jpg,"[[[194, 232], [316, 232], [316, 256], [194, 256]]]","[""#apiens""]"
A Vindication of the Rights of Woman (Vintage Feminism Short Edition),Mary Wollstonecraft,dataset\adjusted_dataset\Science-Geography\0000918.jpg,"[[[53, 28], [463, 28], [463, 109], [53, 109]]]","[""vndgation nf the rights""]"
Signature in the Cell,Stephen C. Meyer,dataset\adjusted_dataset\Science-Geography\0000919.jpg,"[[[18, 225], [496, 225], [496, 312], [18, 312]]]","[""5 !  natd r e in the c ell""]"
"The Feynman Lectures on Physics, Vol. II",Richard P. Feynman,dataset\adjusted_dataset\Science-Geography\0000920.jpg,[],[]
Hedgerow,John Wright,dataset\adjusted_dataset\Science-Geography\0000921.jpg,"[[[36, 403], [350, 403], [350, 479], [36, 479]]]","[""hedgerow""]"
Principles of Brewing Science,George J. Fix,dataset\adjusted_dataset\Science-Geography\0000922.jpg,"[[[0, 0], [495, 0], [495, 131], [0, 131]]]","[""principizs 2t bcelid e5ience""]"
iGen,Jean M. Twenge,dataset\adjusted_dataset\Science-Geography\0000923.jpg,"[[[299, 116], [378, 116], [378, 166], [299, 166]]]","[""'ge\""""]"
What is the Name of This Book?,Raymond M. Smullyan,dataset\adjusted_dataset\Science-Geography\0000924.jpg,"[[[115, 203], [468, 203], [468, 315], [115, 315]]]","[""what \""5 746 74ic name 3e62?""]"
Hello World,Hannah Fry,dataset\adjusted_dataset\Science-Geography\0000925.jpg,"[[[103, 148], [447, 148], [447, 303], [103, 303]]]","[""hello world""]"
Leading on the Edge,Rachel Robertson,dataset\adjusted_dataset\Science-Geography\0000926.jpg,"[[[33, 132], [477, 132], [477, 358], [33, 358]]]","[""leading on the edge b\"" l ty 4it cefe fr""]"
Cure,Jo Marchant,dataset\adjusted_dataset\Science-Geography\0000927.jpg,"[[[24, 322], [82, 322], [82, 354], [24, 354]]]","[""e""]"
Deep,James Nestor,dataset\adjusted_dataset\Science-Geography\0000928.jpg,"[[[56, 134], [494, 134], [494, 330], [56, 330]]]","[""dffp""]"
The Perfect Scent,Chandler Burr,dataset\adjusted_dataset\Science-Geography\0000929.jpg,[],[]
"Mindset Mathematics: Visualizing and Investigating Big Ideas, Grade 7",Jo Boaler,dataset\adjusted_dataset\Science-Geography\0000930.jpg,"[[[27, 14], [487, 14], [487, 242], [27, 242]]]","[""wisuz zing and investigating big idoas mindset mathematics 6aadb7""]"
The Invention of Nature,Andrea Wulf,dataset\adjusted_dataset\Science-Geography\0000931.jpg,[],[]
The Tell-Tale Brain,V. S. Ramachandran,dataset\adjusted_dataset\Science-Geography\0000932.jpg,"[[[123, 111], [389, 111], [389, 239], [123, 239]]]","[""tell-tale brain dt""]"
Apollo 13,James Lovell,dataset\adjusted_dataset\Science-Geography\0000933.jpg,"[[[27, 129], [486, 129], [486, 184], [27, 184]]]","[""apoclo  13""]"
Euclid's Elements,Euclid,dataset\adjusted_dataset\Science-Geography\0000934.jpg,"[[[29, 365], [423, 365], [423, 474], [29, 474]]]","[""eucuos elements""]"
The Algorithm Design Manual,Steve S. Skiena,dataset\adjusted_dataset\Science-Geography\0000935.jpg,"[[[15, 65], [500, 65], [500, 147], [15, 147]]]","[""algorithm design manual""]"
"Some We Love, Some We Hate, Some We Eat",Hal Herzog,dataset\adjusted_dataset\Science-Geography\0000936.jpg,"[[[232, 382], [392, 382], [392, 442], [232, 442]]]","[""some we eat""]"
Introducing Quantum Theory,J. P. McEvoy,dataset\adjusted_dataset\Science-Geography\0000937.jpg,"[[[26, 44], [499, 44], [499, 286], [26, 286]]]","[""quantum theory gaaphic  guide""]"
On the Origin of Species,Charles Darwin,dataset\adjusted_dataset\Science-Geography\0000938.jpg,"[[[92, 51], [421, 51], [421, 145], [92, 145]]]","[""ootbe orgn of specich 4tt""]"
On the Future,Martin Rees,dataset\adjusted_dataset\Science-Geography\0000939.jpg,"[[[38, 23], [473, 23], [473, 488], [38, 488]]]","[""on the future prospects for hunamitt martin rees""]"
Reaching the Animal Mind,Karen Pryor,dataset\adjusted_dataset\Science-Geography\0000940.jpg,"[[[25, 69], [399, 69], [399, 196], [25, 196]]]","[""reaching the animal mind karen pryor""]"
Nightwatch,Terence Dickinson,dataset\adjusted_dataset\Science-Geography\0000941.jpg,"[[[85, 53], [452, 53], [452, 138], [85, 138]]]","[""nghtwatch kaur ina1 unicir""]"
Summary of The Body Keeps the Score,Instaread Summaries,dataset\adjusted_dataset\Science-Geography\0000942.jpg,"[[[56, 65], [459, 65], [459, 367], [56, 367]]]","[""summary 0f the b 0 d y keeps the score t bessel wanfiee wild""]"
The Nature Fix,Florence Williams,dataset\adjusted_dataset\Science-Geography\0000943.jpg,"[[[62, 98], [452, 98], [452, 207], [62, 207]]]","[""nature fix""]"
The Way Home,Mark Boyle,dataset\adjusted_dataset\Science-Geography\0000944.jpg,"[[[226, 77], [497, 77], [497, 320], [226, 320]]]","[""the way home tlrs /nx4 r m thput #rchnnlogy""]"
Delusions of Gender,Cordelia Fine,dataset\adjusted_dataset\Science-Geography\0000945.jpg,"[[[64, 394], [450, 394], [450, 428], [64, 428]]]","[""0 f 5 e nd e r""]"
Animals Make Us Human,Dr Temple Grandin,dataset\adjusted_dataset\Science-Geography\0000946.jpg,"[[[20, 323], [496, 323], [496, 424], [20, 424]]]","[""animals 'vake us human""]"
Social,Matthew D Lieberman,dataset\adjusted_dataset\Science-Geography\0000947.jpg,[],[]
Fourth Phase of Water,Gerald Pollack,dataset\adjusted_dataset\Science-Geography\0000948.jpg,"[[[82, 117], [448, 117], [448, 253], [82, 253]]]","[""the fourth phase of water""]"
In the Shadow of Man,Dr Jane Goodall,dataset\adjusted_dataset\Science-Geography\0000949.jpg,"[[[161, 41], [479, 41], [479, 125], [161, 125]]]","[""tu [ke shadow o man""]"
Muscle Book,Paul Blakey,dataset\adjusted_dataset\Science-Geography\0000950.jpg,"[[[218, 48], [504, 48], [504, 219], [218, 219]]]","[""ihe muscle book 1 elafi""]"
The Hungry Brain,Dr. Stephan Guyenet,dataset\adjusted_dataset\Science-Geography\0000951.jpg,[],[]
Mitochondria and the Future of Medicine,Lee Know,dataset\adjusted_dataset\Science-Geography\0000952.jpg,"[[[42, 80], [471, 80], [471, 288], [42, 288]]]","[""mitochondria and the future of medicne te t uolarhntet dutct chtuulz 4lel iitj lile latw""]"
Wild,Jay Griffiths,dataset\adjusted_dataset\Science-Geography\0000953.jpg,"[[[40, 110], [480, 110], [480, 210], [40, 210]]]","[""wild""]"
Gaia,James Lovelock,dataset\adjusted_dataset\Science-Geography\0000954.jpg,"[[[28, 126], [490, 126], [490, 252], [28, 252]]]","[""ga a""]"
Particle Physics: A Very Short Introduction,Frank Close,dataset\adjusted_dataset\Science-Geography\0000955.jpg,"[[[93, 205], [484, 205], [484, 262], [93, 262]]]","[""particle patsics ghan irinditan]""]"
Cartoon Guide to Genetics,Larry Gonick,dataset\adjusted_dataset\Science-Geography\0000956.jpg,"[[[32, 16], [496, 16], [496, 228], [32, 228]]]","[""th[ cartoonguide t0 bennc3 larly sonick emark wheelis""]"
Creaturepedia,Adrienne Barman,dataset\adjusted_dataset\Science-Geography\0000957.jpg,"[[[14, 112], [498, 112], [498, 179], [14, 179]]]","[""creaturepedia eclecac""]"
Science Of Yoga,Ann Swanson,dataset\adjusted_dataset\Science-Geography\0000958.jpg,"[[[51, 125], [482, 125], [482, 361], [51, 361]]]","[""science? yoga""]"
Gravitational Waves,Brian Clegg,dataset\adjusted_dataset\Science-Geography\0000959.jpg,[],[]
The Drunkard's Walk,Leonard Mlodinow,dataset\adjusted_dataset\Science-Geography\0000960.jpg,"[[[59, 21], [512, 21], [512, 196], [59, 196]]]","[""0 #6l 5 e < [ 62 - le n the dounkar 5 walk""]"
Edexcel A level Mathematics Pure Mathematics Year 2 Textbook + e-book,Greg Attwood,dataset\adjusted_dataset\Science-Geography\0000961.jpg,[],[]
M.C. Escher. The Graphic Work,M C Escher,dataset\adjusted_dataset\Science-Geography\0000962.jpg,"[[[54, 28], [430, 28], [430, 97], [54, 97]]]","[""mc. escher mcinic""]"
The Moth Snowstorm,Michael McCarthy,dataset\adjusted_dataset\Science-Geography\0000963.jpg,"[[[21, 236], [488, 236], [488, 312], [21, 312]]]","[""snowstormv ttvr tntj ji)""]"
The Laws of Thermodynamics: A Very Short Introduction,Peter W. Atkins,dataset\adjusted_dataset\Science-Geography\0000964.jpg,"[[[36, 185], [485, 185], [485, 271], [36, 271]]]","[""tae lawsof thercodynaocs itanjurhttaen""]"
The Believing Brain,Michael Shermer,dataset\adjusted_dataset\Science-Geography\0000965.jpg,"[[[125, 89], [397, 89], [397, 133], [125, 133]]]","[""the believing""]"
Phantoms in the Brain,V. S. Ramachandran,dataset\adjusted_dataset\Science-Geography\0000966.jpg,[],[]
Mushrooms,Patrick Harding,dataset\adjusted_dataset\Science-Geography\0000967.jpg,"[[[48, 122], [424, 122], [424, 178], [48, 178]]]","[""mushrooms""]"
Process and Reality,Alfred North Whitehead,dataset\adjusted_dataset\Science-Geography\0000968.jpg,"[[[15, 0], [502, 0], [502, 154], [15, 154]]]","[""process aud reallty cufdltedmton""]"
The Particle at the End of the Universe,Sean Carroll,dataset\adjusted_dataset\Science-Geography\0000969.jpg,"[[[121, 97], [497, 97], [497, 487], [121, 487]]]","[""fartiele cuthe endt df 5 sean carpoll""]"
Mini Weapons of Mass Destruction,John Austin,dataset\adjusted_dataset\Science-Geography\0000970.jpg,"[[[10, 0], [512, 0], [512, 207], [10, 207]]]","[""min weapods of nass destruction lrht""]"
The Second Machine Age,Erik Brynjolfsson,dataset\adjusted_dataset\Science-Geography\0000971.jpg,"[[[0, 156], [460, 156], [460, 294], [0, 294]]]","[""tae second machime age durene tiae 3i jonxnllecte""]"
Lifespan,David A Sinclair,dataset\adjusted_dataset\Science-Geography\0000972.jpg,[],[]
Geology and Astronomy,Charles Kovacs,dataset\adjusted_dataset\Science-Geography\0000973.jpg,"[[[94, 43], [416, 43], [416, 164], [94, 164]]]","[""geology and astronomy (iauk kovt""]"
The Bee Book,DK,dataset\adjusted_dataset\Science-Geography\0000974.jpg,"[[[277, 75], [491, 75], [491, 278], [277, 278]]]","[""the bee book""]"
Against Method,Paul K. Feyerabend,dataset\adjusted_dataset\Science-Geography\0000975.jpg,[],[]
Statistics For Dummies,Deborah J. Rumsey,dataset\adjusted_dataset\Science-Geography\0000976.jpg,"[[[54, 100], [481, 100], [481, 219], [54, 219]]]","[""statistics dummies""]"
Qed,Richard P. Feynman,dataset\adjusted_dataset\Science-Geography\0000977.jpg,[],[]
From the Wood-Fired Oven,Richard Miscovich,dataset\adjusted_dataset\Science-Geography\0000978.jpg,"[[[123, 93], [487, 93], [487, 179], [123, 179]]]","[""wood-fred oven""]"
The Woman Who Changed Her Brain,Barbara Arrowsmith-Young,dataset\adjusted_dataset\Science-Geography\0000979.jpg,"[[[31, 64], [487, 64], [487, 245], [31, 245]]]","[""the vomin tho changed her brain""]"
Cronin'S Key Guide to Australian Trees,Leonard Cronin,dataset\adjusted_dataset\Science-Geography\0000980.jpg,"[[[214, 144], [479, 144], [479, 219], [214, 219]]]","[""australian trees""]"
How Did We Get into This Mess?,George Monbiot,dataset\adjusted_dataset\Science-Geography\0000981.jpg,"[[[78, 53], [429, 53], [429, 446], [78, 446]]]","[""george monbiot how did we get into this mess ?""]"
It's Not Rocket Science,Ben Miller,dataset\adjusted_dataset\Science-Geography\0000982.jpg,"[[[17, 11], [512, 11], [512, 345], [17, 345]]]","[""ben miller ity nt rwket setence""]"
"Guns, Germs and Steel",Jared Diamond,dataset\adjusted_dataset\Science-Geography\0000983.jpg,"[[[159, 219], [351, 219], [351, 259], [159, 259]]]","[""guns geams #ndsteel""]"
Knowledge Encyclopedia Science!,DK,dataset\adjusted_dataset\Science-Geography\0000984.jpg,"[[[8, 14], [436, 14], [436, 512], [8, 512]]]","[""df e science cctonf""]"
Life on the Edge,Jim Al-Khalili,dataset\adjusted_dataset\Science-Geography\0000985.jpg,"[[[81, 141], [445, 141], [445, 258], [81, 258]]]","[""iife on cloc""]"
The River of Consciousness,Oliver Sacks,dataset\adjusted_dataset\Science-Geography\0000986.jpg,"[[[40, 123], [474, 123], [474, 356], [40, 356]]]","[""thc rirr\"" o consciousness oliver sacks""]"
The Way Past Winter,Kiran Millwood Hargrave,dataset\adjusted_dataset\Science-Geography\0000987.jpg,"[[[110, 275], [411, 275], [411, 388], [110, 388]]]","[""3 pasti winter""]"
The Lost City of Z,David Grann,dataset\adjusted_dataset\Science-Geography\0000988.jpg,[],[]
Veg in One Bed,Huw Richards,dataset\adjusted_dataset\Science-Geography\0000989.jpg,"[[[76, 212], [456, 212], [456, 260], [76, 260]]]","[""veg inone bed""]"
