name,author,img_paths,bounding_boxes,text
Sapiens,Yuval Noah Harari,dataset\adjusted_dataset\Science-Geography\0000001.jpg,[],[]
When Breath Becomes Air,Paul Kalanithi,dataset\adjusted_dataset\Science-Geography\0000002.jpg,"[[[35, 355], [481, 355], [481, 496], [35, 496]]]","[""becomes pauldalanthi air""]"
Homo Deus,Yuval Noah Harari,dataset\adjusted_dataset\Science-Geography\0000003.jpg,[],[]
Brief Answers to the Big Questions,Stephen Hawking,dataset\adjusted_dataset\Science-Geography\0000004.jpg,"[[[100, 376], [411, 376], [411, 468], [100, 468]]]","[""brief answers tc tne bic questions""]"
The Man Who Mistook His Wife for a Hat,Oliver Sacks,dataset\adjusted_dataset\Science-Geography\0000005.jpg,"[[[9, 285], [507, 285], [507, 452], [9, 452]]]","[""oliver sackts tne mar who mibeook hig vife ecr 4 hat""]"
A Brief History Of Time,Stephen Hawking,dataset\adjusted_dataset\Science-Geography\0000006.jpg,"[[[154, 200], [348, 200], [348, 286], [154, 286]]]","[""brief history of time""]"
The Clever Guts Diet,Michael Mosley,dataset\adjusted_dataset\Science-Geography\0000007.jpg,[],[]
Being Mortal,Atul Gawande,dataset\adjusted_dataset\Science-Geography\0000008.jpg,[],[]
The Power of Habit,Charles Duhigg,dataset\adjusted_dataset\Science-Geography\0000009.jpg,"[[[0, 27], [467, 27], [467, 223], [0, 223]]]","[""tae power 0f aabit yy ybd0*0*j dc ond hov_chonge""]"
Gut,Giulia Enders,dataset\adjusted_dataset\Science-Geography\0000010.jpg,[],[]
The Brain That Changes Itself,Norman Doidge,dataset\adjusted_dataset\Science-Geography\0000011.jpg,"[[[0, 0], [491, 0], [491, 147], [0, 147]]]","[""nobmay doldc e tlie brain thal changes ttself""]"
Astrophysics for People in a Hurry,Neil Degrasse Tyson,dataset\adjusted_dataset\Science-Geography\0000012.jpg,"[[[52, 236], [458, 236], [458, 332], [52, 332]]]","[""481rorat9ic8 jon peorlb hukr""]"
Prisoners of Geography,Tim Marshall,dataset\adjusted_dataset\Science-Geography\0000013.jpg,"[[[106, 162], [488, 162], [488, 244], [106, 244]]]","[""ppisoners ofgeography""]"
What If?,Randall Munroe,dataset\adjusted_dataset\Science-Geography\0000014.jpg,[],[]
"Guns, Germs And Steel",Jared Diamond,dataset\adjusted_dataset\Science-Geography\0000015.jpg,[],[]
Yoga Anatomy,Leslie Kaminoff,dataset\adjusted_dataset\Science-Geography\0000016.jpg,"[[[22, 10], [495, 10], [495, 196], [22, 196]]]","[""ijewi yoga anatomy ialmrna lctele""]"
Where Did I Come From?,Peter Mayle,dataset\adjusted_dataset\Science-Geography\0000017.jpg,[],[]
Lion,Saroo Brierley,dataset\adjusted_dataset\Science-Geography\0000018.jpg,[],[]
A Brief History Of Time,Stephen Hawking,dataset\adjusted_dataset\Science-Geography\0000019.jpg,"[[[131, 481], [369, 481], [369, 497], [131, 497]]]","[""lm d a t e edtoti""]"
Into the Wild,Jon Krakauer,dataset\adjusted_dataset\Science-Geography\0000020.jpg,"[[[100, 138], [412, 138], [412, 374], [100, 374]]]","[""unnto tle wid""]"
A Short History of Nearly Everything,Bill Bryson,dataset\adjusted_dataset\Science-Geography\0000021.jpg,"[[[14, 8], [498, 8], [498, 241], [14, 241]]]","[""bill brysor 4 short histort of nenuy evertthing journethlo cbnd nne""]"
The Salt Path,Raynor Winn,dataset\adjusted_dataset\Science-Geography\0000022.jpg,"[[[30, 318], [227, 318], [227, 426], [30, 426]]]","[""sa path""]"
The Immortal Life of Henrietta Lacks,Rebecca Skloot,dataset\adjusted_dataset\Science-Geography\0000023.jpg,"[[[159, 74], [506, 74], [506, 349], [159, 349]]]","[""inmortal life qf henrjeiia lacks""]"
"Walden: Or, Life in the Woods",Henry David Thoreau,dataset\adjusted_dataset\Science-Geography\0000024.jpg,[],[]
Key Muscles of Yoga: Your Guide to Functional Anatomy in Yoga,Ray Long,dataset\adjusted_dataset\Science-Geography\0000025.jpg,"[[[218, 154], [495, 154], [495, 360], [218, 360]]]","[""the key muscles yoga wchc""]"
Bad Science,Ben Goldacre,dataset\adjusted_dataset\Science-Geography\0000026.jpg,"[[[83, 137], [409, 137], [409, 237], [83, 237]]]","[""science ben goldacre""]"
Thing Explainer,Randall Munroe,dataset\adjusted_dataset\Science-Geography\0000027.jpg,"[[[118, 62], [398, 62], [398, 203], [118, 203]]]","[""thing explainer consutated?tfr in wyple reri?""]"
The Brain's Way of Healing,Norman Doidge,dataset\adjusted_dataset\Science-Geography\0000028.jpg,"[[[38, 335], [439, 335], [439, 413], [38, 413]]]","[""tthz krain< wit of hcaling""]"
The Anatomy Coloring Book,Wynn Kapit,dataset\adjusted_dataset\Science-Geography\0000029.jpg,"[[[35, 25], [443, 25], [443, 128], [35, 128]]]","[""anatomy ccloring book #w\"" ljitvmozt""]"
How to Change Your Mind,Michael Pollan,dataset\adjusted_dataset\Science-Geography\0000030.jpg,[],[]
The Black Swan,Nassim Nicholas Taleb,dataset\adjusted_dataset\Science-Geography\0000031.jpg,"[[[18, 260], [497, 260], [497, 501], [18, 501]]]","[""black swan nassim nicholas taleb h4""]"
The Psychopath Test,Jon Ronson,dataset\adjusted_dataset\Science-Geography\0000032.jpg,"[[[115, 343], [397, 343], [397, 413], [115, 413]]]","[""psychopath test""]"
Seven Brief Lessons on Physics,Carlo Rovelli,dataset\adjusted_dataset\Science-Geography\0000033.jpg,[],[]
Women In Science,Rachel Ignotofsky,dataset\adjusted_dataset\Science-Geography\0000034.jpg,[],[]
The Brain That Changes Itself,Norman Doidge,dataset\adjusted_dataset\Science-Geography\0000035.jpg,"[[[29, 86], [483, 86], [483, 472], [29, 472]]]","[""the b r rin that changes itself esdir_trratrinerk fr3 wlovmier& urjin eei=ue= ncrmandoidce md""]"
This Changes Everything,Naomi Klein,dataset\adjusted_dataset\Science-Geography\0000036.jpg,"[[[13, 44], [410, 44], [410, 314], [13, 314]]]","[""naomi klein thischanhes everytumg 14 iin""]"
Lost Ocean,Johanna Basford,dataset\adjusted_dataset\Science-Geography\0000037.jpg,"[[[101, 208], [410, 208], [410, 359], [101, 359]]]","[""lost ocean""]"
Buddha's Brain,Rick Hanson,dataset\adjusted_dataset\Science-Geography\0000038.jpg,"[[[1, 144], [512, 144], [512, 255], [1, 255]]]","[""buddba' s bram jai nm""]"
A Mind for Numbers,Barbara Oakley,dataset\adjusted_dataset\Science-Geography\0000039.jpg,"[[[26, 23], [488, 23], [488, 226], [26, 226]]]","[""mind 0 for numbers""]"
No One Is Too Small to Make a Difference,Greta Thunberg,dataset\adjusted_dataset\Science-Geography\0000040.jpg,"[[[130, 254], [382, 254], [382, 318], [130, 318]]]","[""jstodemall tomake 4 dufferecce""]"
The Hidden Life of Trees,Peter Wohlleben,dataset\adjusted_dataset\Science-Geography\0000041.jpg,"[[[31, 61], [457, 61], [457, 161], [31, 161]]]","[""ttu hideo lifu trees""]"
The Maze Runner,James Dashner,dataset\adjusted_dataset\Science-Geography\0000042.jpg,[],[]
"Godel, Escher, Bach",Douglas R. Hofstadter,dataset\adjusted_dataset\Science-Geography\0000043.jpg,"[[[30, 380], [482, 380], [482, 459], [30, 459]]]","[""gov ecafk rach: x u wda if""]"
Superintelligence,Nick Bostrom,dataset\adjusted_dataset\Science-Geography\0000044.jpg,"[[[9, 65], [483, 65], [483, 133], [9, 133]]]","[""superintelligence paths-diga subk""]"
How To,Randall Munroe,dataset\adjusted_dataset\Science-Geography\0000045.jpg,[],[]
You Are the Placebo,Joe Dispenza,dataset\adjusted_dataset\Science-Geography\0000046.jpg,"[[[58, 0], [452, 0], [452, 94], [58, 94]]]","[""yod are the placebo nito yotrmtd ncllet""]"
Fooled by Randomness,Nassim Nicholas Taleb,dataset\adjusted_dataset\Science-Geography\0000047.jpg,"[[[41, 155], [506, 155], [506, 372], [41, 372]]]","[""fooled by randomness ta hiddenacl 0i chmramlile eunt hankels""]"
A Brief History of Mathematical Thought,Luke Heaton,dataset\adjusted_dataset\Science-Geography\0000048.jpg,"[[[0, 0], [512, 0], [512, 494], [0, 494]]]","[""}3c wke heatdh mathematical brie1 histey of kex tcucents adgteie 1nzy (ome jioti thought""]"
So You've Been Publicly Shamed,Jon Ronson,dataset\adjusted_dataset\Science-Geography\0000049.jpg,"[[[11, 407], [512, 407], [512, 512], [11, 512]]]","[""soyou've been publicly shamed""]"
The Selfish Gene,Richard Dawkins,dataset\adjusted_dataset\Science-Geography\0000050.jpg,"[[[15, 29], [495, 29], [495, 356], [15, 356]]]","[""richard dawkins the selfish gene 4ri anniyersary rctan4""]"
Flatland,Edwin A. Abbott,dataset\adjusted_dataset\Science-Geography\0000051.jpg,[],[]
An Introductory Guide to Anatomy & Physiology,Louise Tucker,dataset\adjusted_dataset\Science-Geography\0000052.jpg,"[[[32, 27], [372, 27], [372, 156], [32, 156]]]","[""anktojusct sucl1o anatomy &physiology""]"
The Scorch Trials,James Dashner,dataset\adjusted_dataset\Science-Geography\0000053.jpg,[],[]
A Really Short History of Nearly Everything,Bill Bryson,dataset\adjusted_dataset\Science-Geography\0000054.jpg,"[[[19, 6], [494, 6], [494, 449], [19, 449]]]","[""bill bryson realll short hsto3y @flelely evertthing""]"
Endurance: Shackleton's Incredible Voyage,Alfred Lansing,dataset\adjusted_dataset\Science-Geography\0000055.jpg,[],[]
The Magic of Reality,Richard Dawkins,dataset\adjusted_dataset\Science-Geography\0000056.jpg,"[[[66, 220], [487, 220], [487, 431], [66, 431]]]","[""magic of cality ~hnamu rn""]"
Free Will,Sam Harris,dataset\adjusted_dataset\Science-Geography\0000057.jpg,[],[]
An Astronaut's Guide to Life on Earth,Chris Hadfield,dataset\adjusted_dataset\Science-Geography\0000058.jpg,"[[[10, 292], [501, 292], [501, 494], [10, 494]]]","[""astronaut 5 guide to life on earth life lscnsec,imace""]"
Surely You're Joking Mr Feynman,Richard P. Feynman,dataset\adjusted_dataset\Science-Geography\0000059.jpg,"[[[243, 11], [499, 11], [499, 114], [243, 114]]]","[""surely rorne jcxig kii feyimol!""]"
Mathematical Mindsets,Jo Boaler,dataset\adjusted_dataset\Science-Geography\0000060.jpg,"[[[34, 96], [479, 96], [479, 205], [34, 205]]]","[""mathematical mindsets""]"
Rewire Your Anxious Brain,Catherine M. Pittman,dataset\adjusted_dataset\Science-Geography\0000061.jpg,[],[]
Key Poses of Yoga: the Scientific Keys Vol 2,Ray Long,dataset\adjusted_dataset\Science-Geography\0000062.jpg,"[[[240, 162], [492, 162], [492, 376], [240, 376]]]","[""the key poses yoga zatloan;wd[a""]"
The Emperor of All Maladies,Siddhartha Mukherjee,dataset\adjusted_dataset\Science-Geography\0000063.jpg,"[[[27, 59], [479, 59], [479, 190], [27, 190]]]","[""tbe emperor & almlaladies fictrpsorcint""]"
Behave,Robert M. Sapolsky,dataset\adjusted_dataset\Science-Geography\0000064.jpg,[],[]
The Talent Code,Daniel Coyle,dataset\adjusted_dataset\Science-Geography\0000065.jpg,[],[]
Cosmos,Carl Sagan,dataset\adjusted_dataset\Science-Geography\0000066.jpg,[],[]
The Demon-Haunted World,Carl Sagan,dataset\adjusted_dataset\Science-Geography\0000067.jpg,"[[[13, 23], [512, 23], [512, 289], [13, 289]]]","[""carl sagan demonaunted ud""]"
Gratitude,Oliver Sacks,dataset\adjusted_dataset\Science-Geography\0000068.jpg,"[[[55, 65], [461, 65], [461, 133], [55, 133]]]","[""gratitude""]"
Into the Wild,Jon Krakauer,dataset\adjusted_dataset\Science-Geography\0000069.jpg,"[[[126, 35], [492, 35], [492, 97], [126, 97]]]","[""intothewild jon frakauat""]"
Trail Guide to the Body,R.  Andrew Biel,dataset\adjusted_dataset\Science-Geography\0000070.jpg,"[[[43, 18], [502, 18], [502, 148], [43, 148]]]","[""trail guide to the body""]"
The Man Who Mistook His Wife for a Hat,Oliver Sacks,dataset\adjusted_dataset\Science-Geography\0000071.jpg,[],[]
When Breath Becomes Air,Paul Kalanithi,dataset\adjusted_dataset\Science-Geography\0000072.jpg,"[[[33, 193], [481, 193], [481, 496], [33, 496]]]","[""when breath becomes pauldalanthi air""]"
Invisible Women,Caroline Criado Perez,dataset\adjusted_dataset\Science-Geography\0000073.jpg,[],[]
Why Does E=mc2?,Brian Cox,dataset\adjusted_dataset\Science-Geography\0000074.jpg,"[[[95, 141], [458, 141], [458, 221], [95, 221]]]","[""e\""nc'? why docs""]"
This Is Not A Drill,Extinction Rebellion,dataset\adjusted_dataset\Science-Geography\0000075.jpg,"[[[19, 23], [461, 23], [461, 479], [19, 479]]]","[""this is not a drill extintoiao tebelion hentong""]"
This Is Your Brain On Music,Daniel J. Levitin,dataset\adjusted_dataset\Science-Geography\0000076.jpg,"[[[51, 94], [461, 94], [461, 356], [51, 356]]]","[""this i5 your brainon music lanlleytn""]"
Let My People Go Surfing,Yvon Chouinard,dataset\adjusted_dataset\Science-Geography\0000077.jpg,"[[[90, 71], [420, 71], [420, 224], [90, 224]]]","[""let my people 99 surfing""]"
The God Delusion,Richard Dawkins,dataset\adjusted_dataset\Science-Geography\0000078.jpg,"[[[32, 69], [492, 69], [492, 374], [32, 374]]]","[""richard damk14s the god delusior""]"
Life 3.0,Max Tegmark,dataset\adjusted_dataset\Science-Geography\0000079.jpg,"[[[74, 212], [436, 212], [436, 288], [74, 288]]]","[""life 30""]"
The Happiness Hypothesis,Jonathan Haidt,dataset\adjusted_dataset\Science-Geography\0000080.jpg,"[[[234, 334], [484, 334], [484, 459], [234, 459]]]","[""the happiness hypothesis jjnharamvt =r1""]"
Alan Turing: The Enigma,Andrew Hodges,dataset\adjusted_dataset\Science-Geography\0000081.jpg,"[[[37, 369], [469, 369], [469, 445], [37, 445]]]","[""alan turing: tae enigma""]"
Immortal Life of Henrietta Lacks,Rebecca Skloot,dataset\adjusted_dataset\Science-Geography\0000082.jpg,[],[]
The Invention of Nature,Andrea Wulf,dataset\adjusted_dataset\Science-Geography\0000083.jpg,"[[[117, 211], [409, 211], [409, 255], [117, 255]]]","[""nature""]"
Storm in a Teacup,Helen Czerski,dataset\adjusted_dataset\Science-Geography\0000084.jpg,"[[[59, 107], [447, 107], [447, 350], [59, 350]]]","[""stsrmj iu teacup finae phts1s of eyerldat dfe""]"
The Poetics of Space,Gaston Bachelard,dataset\adjusted_dataset\Science-Geography\0000085.jpg,[],[]
The Biology of Belief,Bruce H. Lipton,dataset\adjusted_dataset\Science-Geography\0000086.jpg,"[[[35, 20], [509, 20], [509, 118], [35, 118]]]","[""the bioloc a of belief a""]"
Chernobyl,Serhii Plokhy,dataset\adjusted_dataset\Science-Geography\0000087.jpg,[],[]
The Epigenetics Revolution,Nessa Carey,dataset\adjusted_dataset\Science-Geography\0000088.jpg,"[[[19, 86], [496, 86], [496, 315], [19, 315]]]","[""epigenetics revolution noy modorr buclca? anlan [7ng t 095""]"
Talking to Strangers,Malcolm Gladwell,dataset\adjusted_dataset\Science-Geography\0000089.jpg,"[[[22, 81], [487, 81], [487, 258], [22, 258]]]","[""talkin t0 strangers a hr h""]"
The Age of Surveillance Capitalism,Shoshana Zuboff,dataset\adjusted_dataset\Science-Geography\0000090.jpg,"[[[53, 99], [463, 99], [463, 189], [53, 189]]]","[""5wrveillance capitalisa""]"
Weapons of Math Destruction,Cathy O'neil,dataset\adjusted_dataset\Science-Geography\0000091.jpg,"[[[22, 122], [488, 122], [488, 172], [22, 172]]]","[""math destructiom""]"
Reality Is Not What It Seems,Carlo Rovelli,dataset\adjusted_dataset\Science-Geography\0000092.jpg,"[[[32, 50], [320, 50], [320, 389], [32, 389]]]","[""reality i5 not what i1 seems thfjcubneyo cuantuxgaavtt carlo rovelli""]"
Chernobyl Prayer,Svetlana Alexievich,dataset\adjusted_dataset\Science-Geography\0000093.jpg,"[[[176, 1], [401, 1], [401, 120], [176, 120]]]","[""sletenzh chenco foyet""]"
The Gene,Siddhartha Mukherjee,dataset\adjusted_dataset\Science-Geography\0000094.jpg,"[[[182, 63], [494, 63], [494, 190], [182, 190]]]","[""the gene anintirxtckstort""]"
A Universe From Nothing,Lawrence Krauss,dataset\adjusted_dataset\Science-Geography\0000095.jpg,"[[[33, 147], [403, 147], [403, 396], [33, 396]]]","[""a universe from nothing etcc goremiz tcntmcntonrg""]"
Thinking in Systems,Donella Meadows,dataset\adjusted_dataset\Science-Geography\0000096.jpg,"[[[122, 0], [512, 0], [512, 39], [122, 39]]]","[""tthintingin 573teitta""]"
Storytelling with Data,Cole Nussbaumer Knaflic,dataset\adjusted_dataset\Science-Geography\0000097.jpg,"[[[176, 146], [497, 146], [497, 440], [176, 440]]]","[""storytelling ~tdata jr.u msurito:bon juae jnt u* f\""occ orak""]"
Bounce,Matthew Syed,dataset\adjusted_dataset\Science-Geography\0000098.jpg,[],[]
The GCHQ Puzzle Book,GCHQ,dataset\adjusted_dataset\Science-Geography\0000099.jpg,[],[]
Digital Minimalism,Cal Newport,dataset\adjusted_dataset\Science-Geography\0000100.jpg,"[[[142, 26], [364, 26], [364, 50], [142, 50]]]","[""\""rlel milntnlin""]"
Musicophilia,Oliver Sacks,dataset\adjusted_dataset\Science-Geography\0000101.jpg,"[[[12, 288], [506, 288], [506, 396], [12, 396]]]","[""oliver sucl musicophilia""]"
The One-Straw Revolution,Masanobu Fukuoka,dataset\adjusted_dataset\Science-Geography\0000102.jpg,"[[[148, 144], [366, 144], [366, 187], [148, 187]]]","[""tiic one-strtw rpuiutic4""]"
Pale Blue Dot: a Vision of the Human Future in Space,Carl Sagan,dataset\adjusted_dataset\Science-Geography\0000103.jpg,[],[]
Moonwalking with Einstein,Joshua Foer,dataset\adjusted_dataset\Science-Geography\0000104.jpg,"[[[69, 284], [342, 284], [342, 332], [69, 332]]]","[""enstein""]"
A Walk in the Woods,Bill Bryson,dataset\adjusted_dataset\Science-Geography\0000105.jpg,"[[[142, 66], [402, 66], [402, 240], [142, 240]]]","[""walk in the nvoods""]"
"Eat, Pray, Love",Elizabeth Gilbert,dataset\adjusted_dataset\Science-Geography\0000106.jpg,[],[]
The Undoing Project,Michael Lewis,dataset\adjusted_dataset\Science-Geography\0000107.jpg,"[[[56, 59], [455, 59], [455, 330], [56, 330]]]","[""michael lewis the undoing prq iect""]"
The Greatest Show on Earth,Richard Dawkins,dataset\adjusted_dataset\Science-Geography\0000108.jpg,"[[[32, 244], [493, 244], [493, 431], [32, 431]]]","[""richard dawkins thf grptest shoton eanta 4 2 tnnce fen #yjhaun""]"
On the Origin of Species,Charles Darwin,dataset\adjusted_dataset\Science-Geography\0000109.jpg,"[[[32, 64], [482, 64], [482, 119], [32, 119]]]","[""on4the orkjin of stecils her ! euen""]"
Braiding Sweetgrass,Robin Wall Kimmerer,dataset\adjusted_dataset\Science-Geography\0000110.jpg,"[[[116, 124], [404, 124], [404, 156], [116, 156]]]","[""rwfftgrass""]"
My Family and Other Animals,Gerald Durrell,dataset\adjusted_dataset\Science-Geography\0000111.jpg,[],[]
The Ordnance Survey Puzzle Book,Ordnance Survey,dataset\adjusted_dataset\Science-Geography\0000112.jpg,"[[[126, 134], [432, 134], [432, 186], [126, 186]]]","[""crdnance quktct pvzzle bo7""]"
L'art de la Simplicite (The English Edition),Dominique Loreau,dataset\adjusted_dataset\Science-Geography\0000113.jpg,[],[]
In Patagonia,Bruce Chatwin,dataset\adjusted_dataset\Science-Geography\0000114.jpg,[],[]
Waking Up,Sam Harris,dataset\adjusted_dataset\Science-Geography\0000115.jpg,[],[]
Enlightenment Now,Steven Pinker,dataset\adjusted_dataset\Science-Geography\0000116.jpg,"[[[40, 119], [485, 119], [485, 334], [40, 334]]]","[""steven pinker enlightenmenu now""]"
The Signal and the Noise,Nate Silver,dataset\adjusted_dataset\Science-Geography\0000117.jpg,[],[]
Silent Spring,Rachel Carson,dataset\adjusted_dataset\Science-Geography\0000118.jpg,"[[[184, 23], [455, 23], [455, 120], [184, 120]]]","[""duchel caron sileni spring""]"
The Grand Design,Stephen Hawking,dataset\adjusted_dataset\Science-Geography\0000119.jpg,"[[[8, 75], [504, 75], [504, 337], [8, 337]]]","[""stephen hawking leonko mlcdinow the grand design""]"
Biggest Estate on Earth,Bill Gammage,dataset\adjusted_dataset\Science-Geography\0000120.jpg,"[[[37, 47], [477, 47], [477, 223], [37, 223]]]","[""biggest estate du earth hottnsfaes manf rtnain""]"
Underland,Robert Macfarlane,dataset\adjusted_dataset\Science-Geography\0000121.jpg,"[[[116, 308], [395, 308], [395, 369], [116, 369]]]","[""jacielne uaderland""]"
Wild Embers,Nikita Gill,dataset\adjusted_dataset\Science-Geography\0000122.jpg,"[[[41, 225], [483, 225], [483, 263], [41, 263]]]","[""wi]d embers""]"
Anatomy of Movement,Blandine Calais-Germain,dataset\adjusted_dataset\Science-Geography\0000123.jpg,"[[[118, 108], [410, 108], [410, 193], [118, 193]]]","[""movement fo""]"
Weed Forager's Handbook,Adam Grubb,dataset\adjusted_dataset\Science-Geography\0000124.jpg,"[[[13, 13], [497, 13], [497, 377], [13, 377]]]","[""fwred foragers 1 cwjr ro 0b""]"
Brain Rules (Updated and Expanded),John Medina,dataset\adjusted_dataset\Science-Geography\0000125.jpg,"[[[103, 157], [421, 157], [421, 343], [103, 343]]]","[""brain rules""]"
Einstein,Walter Isaacson,dataset\adjusted_dataset\Science-Geography\0000126.jpg,"[[[68, 14], [471, 14], [471, 135], [68, 135]]]","[""eist m hit""]"
Fingerprints Of The Gods,Graham Hancock,dataset\adjusted_dataset\Science-Geography\0000127.jpg,"[[[12, 6], [498, 6], [498, 352], [12, 352]]]","[""tle eviutite t cortky lol cirilicebon finger prints of the @ ds""]"
The Structure of Scientific Revolutions,Thomas S. Kuhn,dataset\adjusted_dataset\Science-Geography\0000128.jpg,"[[[16, 211], [502, 211], [502, 270], [16, 270]]]","[""thesieucttreof scjemtli r e v0luti0ns""]"
The Cosmic Serpent,Jeremy Narby,dataset\adjusted_dataset\Science-Geography\0000129.jpg,"[[[55, 28], [454, 28], [454, 99], [55, 99]]]","[""te 0 0 5 m i \u20ac 5 e r f e nt""]"
"New And Selected Poems, Volume One",Mary Oliver,dataset\adjusted_dataset\Science-Geography\0000130.jpg,"[[[42, 252], [466, 252], [466, 459], [42, 459]]]","[""nety andj selected poems iox u fl 0r \""""]"
Dr. Gundry's Diet Evolution,Dr Steven R Gundry,dataset\adjusted_dataset\Science-Geography\0000131.jpg,[],[]
Quantum Mechanics: The Theoretical Minimum,Leonard Susskind,dataset\adjusted_dataset\Science-Geography\0000132.jpg,"[[[129, 180], [385, 180], [385, 310], [129, 310]]]","[""quantum mechanics the theoretilal nvinimum""]"
Collapse,Jared Diamond,dataset\adjusted_dataset\Science-Geography\0000133.jpg,"[[[29, 8], [512, 8], [512, 233], [29, 233]]]","[""diaai8nd collapse""]"
Turning Pro,Steven Pressfield,dataset\adjusted_dataset\Science-Geography\0000134.jpg,[],[]
Who Rules the World?,Noam Chomsky,dataset\adjusted_dataset\Science-Geography\0000135.jpg,[],[]
A Short History of Nearly Everything,Bill Bryson,dataset\adjusted_dataset\Science-Geography\0000136.jpg,"[[[16, 4], [500, 4], [500, 245], [16, 245]]]","[""bill brysoh j short histort of zent evertthing jcmhlt #gcrindin0""]"
Food Of The Gods,Terence McKenna,dataset\adjusted_dataset\Science-Geography\0000137.jpg,"[[[69, 132], [471, 132], [471, 313], [69, 313]]]","[""food oi thn gods""]"
How Not to Be Wrong,Jordan Ellenberg,dataset\adjusted_dataset\Science-Geography\0000138.jpg,"[[[10, 42], [486, 42], [486, 184], [10, 184]]]","[""kon not to be wrong""]"
How To Brew,John Palmer,dataset\adjusted_dataset\Science-Geography\0000139.jpg,"[[[106, 166], [400, 166], [400, 220], [106, 220]]]","[""how to""]"
"Your Body, Your Yoga",Bernie Clark,dataset\adjusted_dataset\Science-Geography\0000140.jpg,"[[[56, 22], [461, 22], [461, 418], [56, 418]]]","[""b8xr you r y ga ff fie clare""]"
Delusions of Gender,Cordelia Fine,dataset\adjusted_dataset\Science-Geography\0000141.jpg,"[[[150, 363], [361, 363], [361, 394], [150, 394]]]","[""the heal science""]"
Metaphors We Live by,George Lakoff,dataset\adjusted_dataset\Science-Geography\0000142.jpg,"[[[26, 179], [487, 179], [487, 248], [26, 248]]]","[""m \u20ac t / p h 0 p 5 ll*e b""]"
The Immortal Life of Henrietta Lacks,Rebecca Skloot,dataset\adjusted_dataset\Science-Geography\0000143.jpg,"[[[94, 82], [430, 82], [430, 302], [94, 302]]]","[""tke immo-al life of henrietta lafi""]"
The Magic of Reality,Richard Dawkins,dataset\adjusted_dataset\Science-Geography\0000144.jpg,"[[[19, 219], [501, 219], [501, 446], [19, 446]]]","[""magic of fceality nor je kuox #pinlrue""]"
Invisible Women,Caroline Criado Perez,dataset\adjusted_dataset\Science-Geography\0000145.jpg,[],[]
Sapiens,Yuval Noah Harari,dataset\adjusted_dataset\Science-Geography\0000146.jpg,[],[]
The Art of Statistics,David Spiegelhalter,dataset\adjusted_dataset\Science-Geography\0000147.jpg,"[[[33, 41], [417, 41], [417, 135], [33, 135]]]","[""the atof stotistics leamningtom dota dovid spiegelholter""]"
Dirty Genes,Ben Lynch,dataset\adjusted_dataset\Science-Geography\0000148.jpg,"[[[64, 92], [450, 92], [450, 129], [64, 129]]]","[""dr ben lynch""]"
Genius Foods,Max Lugavere,dataset\adjusted_dataset\Science-Geography\0000149.jpg,"[[[56, 34], [460, 34], [460, 148], [56, 148]]]","[""g e n| u $ f 0 0 d 5""]"
The Age of Surveillance Capitalism,Shoshana Zuboff,dataset\adjusted_dataset\Science-Geography\0000150.jpg,"[[[57, 103], [457, 103], [457, 181], [57, 181]]]","[""swrveillance capitalisa""]"
"Good Calories, Bad Calories",Gary Taubes,dataset\adjusted_dataset\Science-Geography\0000151.jpg,"[[[64, 126], [492, 126], [492, 180], [64, 180]]]","[""calories""]"
The Blind Watchmaker,Richard Dawkins,dataset\adjusted_dataset\Science-Geography\0000152.jpg,"[[[63, 337], [416, 337], [416, 392], [63, 392]]]","[""the blind""]"
The Continuum Concept,Jean Liedloff,dataset\adjusted_dataset\Science-Geography\0000153.jpg,"[[[130, 128], [377, 128], [377, 192], [130, 192]]]","[""continuum concett""]"
Theatre of the World,Thomas Reinertsen Berg,dataset\adjusted_dataset\Science-Geography\0000154.jpg,[],[]
Mycelium Running,Paul Stamets,dataset\adjusted_dataset\Science-Geography\0000155.jpg,"[[[25, 17], [489, 17], [489, 215], [25, 215]]]","[""mycelium running huw musbruoms can help save iee wiorld""]"
The Elements,Nick Mann,dataset\adjusted_dataset\Science-Geography\0000156.jpg,"[[[25, 201], [503, 201], [503, 453], [25, 453]]]","[""eelements ke wnoicacy""]"
See Inside Maths,Minna Lacey,dataset\adjusted_dataset\Science-Geography\0000157.jpg,"[[[104, 74], [428, 74], [428, 150], [104, 150]]]","[""maths""]"
Moonwalking with Einstein,Joshua Foer,dataset\adjusted_dataset\Science-Geography\0000158.jpg,"[[[5, 33], [512, 33], [512, 311], [5, 311]]]","[""joshua foer aemcaocrtn c#cattmng bgcnte moonwalking with einstein""]"
Mindsight,Daniel Siegel,dataset\adjusted_dataset\Science-Geography\0000159.jpg,[],[]
The Origin of Species,Charles Darwin,dataset\adjusted_dataset\Science-Geography\0000160.jpg,"[[[45, 55], [471, 55], [471, 152], [45, 152]]]","[""darwin theorgl ofspecie""]"
Safari,Dan Kainen,dataset\adjusted_dataset\Science-Geography\0000161.jpg,"[[[40, 50], [474, 50], [474, 172], [40, 172]]]","[""safari""]"
The Shallows,Nicholas Carr,dataset\adjusted_dataset\Science-Geography\0000162.jpg,[],[]
Oxford IB Study Guides: Biology for the IB Diploma,Andrew Allott,dataset\adjusted_dataset\Science-Geography\0000163.jpg,[],[]
Predictably Irrational,Dan Ariely,dataset\adjusted_dataset\Science-Geography\0000164.jpg,"[[[12, 132], [502, 132], [502, 230], [12, 230]]]","[""predictably rrational""]"
Discovering Statistics Using IBM SPSS Statistics,Andy Field,dataset\adjusted_dataset\Science-Geography\0000165.jpg,"[[[21, 4], [504, 4], [504, 238], [21, 238]]]","[""57 discovering statistics using ibm spss statistics""]"
Biocentrism,Robert Lanza,dataset\adjusted_dataset\Science-Geography\0000166.jpg,"[[[37, 229], [470, 229], [470, 271], [37, 271]]]","[""b ! 0 centrism""]"
The Body,Bill Bryson,dataset\adjusted_dataset\Science-Geography\0000167.jpg,"[[[7, 12], [496, 12], [496, 256], [7, 256]]]","[""bill brysoh the body""]"
Piano Time 1,Pauline Hall,dataset\adjusted_dataset\Science-Geography\0000168.jpg,"[[[-13, 1], [471, 1], [471, 203], [-13, 203]]]","[""~nano tjmt 1""]"
Zero Waste Home,Bea Johnson,dataset\adjusted_dataset\Science-Geography\0000169.jpg,"[[[0, 452], [482, 452], [482, 510], [0, 510]]]","[""zero vaste home 3en""]"
The Undoing Project,Michael Lewis,dataset\adjusted_dataset\Science-Geography\0000170.jpg,"[[[0, 344], [512, 344], [512, 512], [0, 512]]]","[""undoing pro jec t 4trimukin tl cheruomlel""]"
You Are Here,Chris Hadfield,dataset\adjusted_dataset\Science-Geography\0000171.jpg,"[[[208, 150], [486, 150], [486, 221], [208, 221]]]","[""ywu are here atenatntxuin?z4nuz""]"
Food For Free,Richard Mabey,dataset\adjusted_dataset\Science-Geography\0000172.jpg,"[[[43, 127], [363, 127], [363, 260], [43, 260]]]","[""food for free""]"
Biology of Belief,Bruce Lipton,dataset\adjusted_dataset\Science-Geography\0000173.jpg,"[[[35, 22], [511, 22], [511, 118], [35, 118]]]","[""the bioloc; a of belief""]"
The Magic of Reality,Richard Dawkins,dataset\adjusted_dataset\Science-Geography\0000174.jpg,"[[[27, 51], [485, 51], [485, 187], [27, 187]]]","[""daw kin s the magic o realily he""]"
The Human Brain Coloring Book,Diamond Books,dataset\adjusted_dataset\Science-Geography\0000175.jpg,"[[[45, 30], [482, 30], [482, 117], [45, 117]]]","[""human brain ~clsr c""]"
Call of the Reed Warbler: A New Agriculture - A New Earth,Charles Massy,dataset\adjusted_dataset\Science-Geography\0000176.jpg,[],[]
Gemstones of the World,Walter Schumann,dataset\adjusted_dataset\Science-Geography\0000177.jpg,"[[[31, 151], [483, 151], [483, 211], [31, 211]]]","[""gemstones 0f tae yorld""]"
Oxford IB Study Guides: Chemistry for the IB Diploma,Geoff Neuss,dataset\adjusted_dataset\Science-Geography\0000178.jpg,[],[]
Cosmos,Carl Sagan,dataset\adjusted_dataset\Science-Geography\0000179.jpg,"[[[4, 209], [473, 209], [473, 302], [4, 302]]]","[""c smos crrl saan""]"
Alex's Adventures in Numberland,Alex Bellos,dataset\adjusted_dataset\Science-Geography\0000180.jpg,"[[[14, 92], [512, 92], [512, 343], [14, 343]]]","[""mventures ih numberland nspmc#es fjln! ilexoaafll \""dvj jr rmknic}""]"
The Art of Frugal Hedonism,Annie Raser-Rowland,dataset\adjusted_dataset\Science-Geography\0000181.jpg,"[[[150, 273], [474, 273], [474, 462], [150, 462]]]","[""the art of frugl hbdonish hmnaum em n""]"
Waking Up,Sam Harris,dataset\adjusted_dataset\Science-Geography\0000182.jpg,"[[[31, 215], [484, 215], [484, 257], [31, 257]]]","[""wafing ut""]"
How to Lie with Statistics,Darrell Huff,dataset\adjusted_dataset\Science-Geography\0000183.jpg,"[[[127, 8], [473, 8], [473, 329], [127, 329]]]","[""how to 10f lie wth statistics""]"
The Art of Electronics,Paul Horowitz,dataset\adjusted_dataset\Science-Geography\0000184.jpg,"[[[363, 429], [455, 429], [455, 469], [363, 469]]]","[""therd eowio4""]"
Life on Air,Sir David Attenborough,dataset\adjusted_dataset\Science-Geography\0000185.jpg,[],[]
"Visible Learning for Mathematics, Grades K-12",John A. Hattie,dataset\adjusted_dataset\Science-Geography\0000186.jpg,"[[[41, 40], [464, 40], [464, 150], [41, 150]]]","[""visible tnnt works learning berto perlmaee sdonl lrarning mxthematicr""]"
The Quantum Universe,Brian Cox,dataset\adjusted_dataset\Science-Geography\0000187.jpg,[],[]
Rewire Your Brain,John B. Arden,dataset\adjusted_dataset\Science-Geography\0000188.jpg,"[[[23, 37], [487, 37], [487, 158], [23, 158]]]","[""rewire yo u 1 b ra in""]"
Naked Statistics,Charles Wheelan,dataset\adjusted_dataset\Science-Geography\0000189.jpg,"[[[4, 22], [507, 22], [507, 72], [4, 72]]]","[""noked statistics""]"
The Female Brain,Louann Brizendine,dataset\adjusted_dataset\Science-Geography\0000190.jpg,"[[[41, 105], [473, 105], [473, 232], [41, 232]]]","[""female braln""]"
The Blank Slate,Steven Pinker,dataset\adjusted_dataset\Science-Geography\0000191.jpg,"[[[24, 56], [464, 56], [464, 183], [24, 183]]]","[""bccvcnfinker the blani slate""]"
Exactly,Simon Winchester,dataset\adjusted_dataset\Science-Geography\0000192.jpg,[],[]
Secrets Of Mental Math,Arthur Benjamin,dataset\adjusted_dataset\Science-Geography\0000193.jpg,"[[[37, 25], [484, 25], [484, 254], [37, 254]]]","[""erge lu secrets 0f mental math""]"
R for Data Science,Garrett Grolemund,dataset\adjusted_dataset\Science-Geography\0000194.jpg,"[[[47, 267], [460, 267], [460, 405], [47, 405]]]","[""r for data science""]"
My Family and Other Animals,Gerald Durrell,dataset\adjusted_dataset\Science-Geography\0000195.jpg,"[[[140, 124], [400, 124], [400, 344], [140, 344]]]","[""mlu ecail 2 0tht animlls""]"
A General Theory Of Love,Thomas Lewis,dataset\adjusted_dataset\Science-Geography\0000196.jpg,"[[[52, 19], [374, 19], [374, 76], [52, 76]]]","[""general thecry 01 lov8""]"
The Medium is the Massage,John Berger,dataset\adjusted_dataset\Science-Geography\0000197.jpg,"[[[31, 15], [465, 15], [465, 153], [31, 153]]]","[""the medium is the massage marshall mcluhan quentin fiore""]"
Failure Is Not an Option,Gene Kranz,dataset\adjusted_dataset\Science-Geography\0000198.jpg,"[[[18, 30], [501, 30], [501, 496], [18, 496]]]","[""failire is not an option 41a dh to dooeol sdoulu ec amd hea4ca 683583 cene kranz""]"
Six Easy Pieces,Richard P. Feynman,dataset\adjusted_dataset\Science-Geography\0000199.jpg,"[[[111, 158], [367, 158], [367, 227], [111, 227]]]","[""5i * east pieces""]"
Wilding,Isabella Tree,dataset\adjusted_dataset\Science-Geography\0000200.jpg,"[[[26, 106], [490, 106], [490, 184], [26, 184]]]","[""wildin1s""]"
The Push,Tommy Caldwell,dataset\adjusted_dataset\Science-Geography\0000201.jpg,[],[]
The Uninhabitable Earth,David Wallace-wells,dataset\adjusted_dataset\Science-Geography\0000202.jpg,"[[[63, 141], [450, 141], [450, 238], [63, 238]]]","[""uninhabitable earth""]"
Descartes' Error,Antonio Damasio,dataset\adjusted_dataset\Science-Geography\0000203.jpg,"[[[20, 43], [501, 43], [501, 174], [20, 174]]]","[""descartes' erro r""]"
Longitude,Dava Sobel,dataset\adjusted_dataset\Science-Geography\0000204.jpg,"[[[44, 40], [470, 40], [470, 92], [44, 92]]]","[""longitude""]"
On the Origin of Species,Charles Darwin,dataset\adjusted_dataset\Science-Geography\0000205.jpg,"[[[43, 352], [354, 352], [354, 404], [43, 404]]]","[""chra:vannn untheuriginosnrcies""]"
The Maze Runner,James Dashner,dataset\adjusted_dataset\Science-Geography\0000206.jpg,"[[[28, 195], [486, 195], [486, 304], [28, 304]]]","[""maze runner""]"
The Sixth Extinction,Kolbert,dataset\adjusted_dataset\Science-Geography\0000207.jpg,"[[[10, 34], [502, 34], [502, 257], [10, 257]]]","[""the sixth extinction ah whnatral histday""]"
Bullshit Jobs,David Graeber,dataset\adjusted_dataset\Science-Geography\0000208.jpg,"[[[137, 170], [373, 170], [373, 275], [137, 275]]]","[""bullsh*t obs""]"
The Polyvagal Theory in Therapy,Deborah A. Dana,dataset\adjusted_dataset\Science-Geography\0000209.jpg,"[[[25, 57], [391, 57], [391, 343], [25, 343]]]","[""the polyvagal theory therapy""]"
The Psychobiotic Revolution,Scott C. Anderson,dataset\adjusted_dataset\Science-Geography\0000210.jpg,"[[[39, 201], [479, 201], [479, 338], [39, 338]]]","[""psychoblotic revolution tnr ar tti l tmlie""]"
The Physiology Coloring Book,Wynn Kapit,dataset\adjusted_dataset\Science-Geography\0000211.jpg,"[[[63, 38], [434, 38], [434, 119], [63, 119]]]","[""physiology cooring bock""]"
The Code Book,Dr. Simon Singh,dataset\adjusted_dataset\Science-Geography\0000212.jpg,[],[]
Spell Of The Sensuous,David Abram,dataset\adjusted_dataset\Science-Geography\0000213.jpg,[],[]
The Power Broker,Robert A. Caro,dataset\adjusted_dataset\Science-Geography\0000214.jpg,[],[]
Peak,Anders Ericsson,dataset\adjusted_dataset\Science-Geography\0000215.jpg,[],[]
The Theory of Everything,Stephen Hawking,dataset\adjusted_dataset\Science-Geography\0000216.jpg,"[[[29, 330], [487, 330], [487, 470], [29, 470]]]","[""the theory of everything tef miigvavn fatfif th: ivmfrsf""]"
Classical Mechanics,George Hrabovsky,dataset\adjusted_dataset\Science-Geography\0000217.jpg,"[[[128, 182], [384, 182], [384, 307], [128, 307]]]","[""classical mechanics thc thcor licai niimum""]"
A Briefer History of Time,Stephen Hawking,dataset\adjusted_dataset\Science-Geography\0000218.jpg,"[[[53, 356], [461, 356], [461, 492], [53, 492]]]","[""a bhieter history of time""]"
Illustrated Herbiary: Guidance and Rituals from 36 Bewitching Botanicals,Maia Toll,dataset\adjusted_dataset\Science-Geography\0000219.jpg,[],[]
Elon Musk,Ashlee Vance,dataset\adjusted_dataset\Science-Geography\0000220.jpg,"[[[0, 292], [512, 292], [512, 411], [0, 411]]]","[""elon musk tnn dudr""]"
Jupiter's Travels,Ted Simon,dataset\adjusted_dataset\Science-Geography\0000221.jpg,"[[[57, 43], [463, 43], [463, 139], [57, 139]]]","[""jutr & tcle""]"
How to Teach Quantum Physics to Your Dog,Chad Orzel,dataset\adjusted_dataset\Science-Geography\0000222.jpg,"[[[36, 135], [503, 135], [503, 358], [36, 358]]]","[""how to teach quantum phzsics f 1777 to your dog""]"
My Hidden Chimp,Steve Peters,dataset\adjusted_dataset\Science-Geography\0000223.jpg,"[[[67, 109], [441, 109], [441, 233], [67, 233]]]","[""hidden chimp""]"
The Girl of Ink & Stars,Kiran Millwood Hargrave,dataset\adjusted_dataset\Science-Geography\0000224.jpg,"[[[81, 94], [429, 94], [429, 496], [81, 496]]]","[""\""txe gtrl cf . tnk 6 strs koran #nfitd hlatrtr""]"
The Sports Gene,David Epstein,dataset\adjusted_dataset\Science-Geography\0000225.jpg,"[[[59, 47], [391, 47], [391, 91], [59, 91]]]","[""sport $""]"
Growing Gourmet & Medicinal Mush,Paul Stamets,dataset\adjusted_dataset\Science-Geography\0000226.jpg,"[[[9, 7], [499, 7], [499, 504], [9, 504]]]","[""growing gourmet and merlicinal mlushrooms thid funion l t\""ul stamets""]"
NeuroTribes,Steve Silberman,dataset\adjusted_dataset\Science-Geography\0000227.jpg,"[[[0, 188], [512, 188], [512, 240], [0, 240]]]","[""n e u r o tr ! b e 5""]"
The Brain,David Eagleman,dataset\adjusted_dataset\Science-Geography\0000228.jpg,"[[[199, 42], [313, 42], [313, 78], [199, 78]]]","[""the""]"
Unlikely Friendships,Jennifer S. Holland,dataset\adjusted_dataset\Science-Geography\0000229.jpg,"[[[22, 52], [479, 52], [479, 266], [22, 266]]]","[""unlikely friendships 17 balnur aokil aunlkitot\""""]"
Stiff,Mary Roach,dataset\adjusted_dataset\Science-Geography\0000230.jpg,"[[[63, 12], [492, 12], [492, 199], [63, 199]]]","[""c i stiff""]"
The Master Algorithm,Pedro Domingos,dataset\adjusted_dataset\Science-Geography\0000231.jpg,"[[[134, 222], [371, 222], [371, 295], [134, 295]]]","[""the master agorithm""]"
Drawdown,Paul Hawken,dataset\adjusted_dataset\Science-Geography\0000232.jpg,[],[]
Art Forms in Nature: The Prints of Ernst Haeckel,Ernst Haeckel,dataset\adjusted_dataset\Science-Geography\0000233.jpg,"[[[243, 296], [483, 296], [483, 422], [243, 422]]]","[""trt forms 111 nature""]"
Vegetable Growing Month-by-Month,John Harrison,dataset\adjusted_dataset\Science-Geography\0000234.jpg,"[[[0, 266], [499, 266], [499, 449], [0, 449]]]","[""vegetable growing month bymonta tg dur l cjr qudelofiotet rou \""touoki #mletr\""""]"
Erebus: The Story of a Ship,Michael Palin,dataset\adjusted_dataset\Science-Geography\0000235.jpg,"[[[52, 330], [458, 330], [458, 413], [52, 413]]]","[""erebus 7 d  ats""]"
Junk DNA,Nessa Carey,dataset\adjusted_dataset\Science-Geography\0000236.jpg,[],[]
The Origin of Species,Charles Darwin,dataset\adjusted_dataset\Science-Geography\0000237.jpg,"[[[94, 342], [467, 342], [467, 400], [94, 400]]]","[""4liny 7le orixin %| spcei""]"
The Phantom Atlas,Edward Brooke-hitching,dataset\adjusted_dataset\Science-Geography\0000238.jpg,"[[[73, 225], [442, 225], [442, 304], [73, 304]]]","[""phantom atlas edytld doclancihc""]"
A Zero Waste Life,Anita Vandyke,dataset\adjusted_dataset\Science-Geography\0000239.jpg,"[[[156, 228], [496, 228], [496, 318], [156, 318]]]","[""waste life: n t m ! ri 1 v * i $""]"
Fermat's Last Theorem,Dr. Simon Singh,dataset\adjusted_dataset\Science-Geography\0000240.jpg,"[[[44, 358], [474, 358], [474, 483], [44, 483]]]","[""fermat's last theorea stnon siagh""]"
Small Is Beautiful,E. F. Schumacher,dataset\adjusted_dataset\Science-Geography\0000241.jpg,"[[[0, 420], [441, 420], [441, 487], [0, 487]]]","[""smajl i: bciuliril jrob\""""]"
Pure Soapmaking,Anne-marie Faiola,dataset\adjusted_dataset\Science-Geography\0000242.jpg,"[[[32, 50], [450, 50], [450, 294], [32, 294]]]","[""ppure soapmaking""]"
The Diet Myth,Tim Spector,dataset\adjusted_dataset\Science-Geography\0000243.jpg,"[[[95, 122], [415, 122], [415, 239], [95, 239]]]","[""d | e t myth""]"
The Elements,Nick Mann,dataset\adjusted_dataset\Science-Geography\0000244.jpg,"[[[96, 128], [512, 128], [512, 406], [96, 406]]]","[""ak eelements nom xe""]"
Landmarks,Robert Macfarlane,dataset\adjusted_dataset\Science-Geography\0000245.jpg,"[[[25, 168], [484, 168], [484, 276], [25, 276]]]","[""macfarlane landmarks""]"
Art Forms in Nature,Ernst Haeckel,dataset\adjusted_dataset\Science-Geography\0000246.jpg,"[[[152, 94], [362, 94], [362, 213], [152, 213]]]","[""art fojrms in nature hmnni""]"
The Brain that Changes Itself: stories of personal triumph from the frontiers of brain science,Norman Doidge,dataset\adjusted_dataset\Science-Geography\0000247.jpg,[],[]
The Secret Life of Plants,Peter Tompkins,dataset\adjusted_dataset\Science-Geography\0000248.jpg,[],[]
The Elegant Universe,Brian Greene,dataset\adjusted_dataset\Science-Geography\0000249.jpg,[],[]
Oxford IB Diploma Programme: Biology Course Companion,Andrew Allott,dataset\adjusted_dataset\Science-Geography\0000250.jpg,[],[]
The Order of Time,Carlo Rovelli,dataset\adjusted_dataset\Science-Geography\0000251.jpg,"[[[35, 100], [295, 100], [295, 389], [35, 389]]]","[""the order of time carlo rovelli""]"
Sand County Almanac,Aldo Leopold,dataset\adjusted_dataset\Science-Geography\0000252.jpg,"[[[124, 29], [416, 29], [416, 120], [124, 120]]]","[""sua county almarac""]"
Water,John Palmer,dataset\adjusted_dataset\Science-Geography\0000253.jpg,"[[[160, 92], [500, 92], [500, 164], [160, 164]]]","[""water""]"
"""Surely You're Joking, Mr. Feynman!""",Richard P. Feynman,dataset\adjusted_dataset\Science-Geography\0000254.jpg,"[[[151, 39], [489, 39], [489, 172], [151, 172]]]","[""esurely you re joking, mr feynman!""]"
An Introduction to Statistical Learning,Gareth James,dataset\adjusted_dataset\Science-Geography\0000255.jpg,"[[[62, 164], [396, 164], [396, 334], [62, 334]]]","[""anintroduction tb statistical lextning fuh #peiaucs in k""]"
The Holographic Universe,Professor Michael Talbot,dataset\adjusted_dataset\Science-Geography\0000256.jpg,"[[[9, 87], [512, 87], [512, 211], [9, 211]]]","[""holographic universe""]"
Chaos,James Gleick,dataset\adjusted_dataset\Science-Geography\0000257.jpg,"[[[24, 202], [494, 202], [494, 274], [24, 274]]]","[""chaos""]"
Off the Map,Alastair Bonnett,dataset\adjusted_dataset\Science-Geography\0000258.jpg,"[[[41, 268], [461, 268], [461, 350], [41, 350]]]","[""lajot eamtd off tkf map""]"
Are You My Mother?,P. D Eastman,dataset\adjusted_dataset\Science-Geography\0000259.jpg,"[[[38, 21], [357, 21], [357, 211], [38, 211]]]","[""are you my mother?""]"
The Uninhabitable Earth,David Wallace-wells,dataset\adjusted_dataset\Science-Geography\0000260.jpg,"[[[58, 130], [452, 130], [452, 365], [58, 365]]]","[""uninhabitable earth  fdat dm tim mutua david wallace-wells""]"
Feral,George Monbiot,dataset\adjusted_dataset\Science-Geography\0000261.jpg,"[[[307, 145], [337, 145], [337, 157], [307, 157]]]","[""fan""]"
"Guns, Germs, and Steel",Jared Diamond,dataset\adjusted_dataset\Science-Geography\0000262.jpg,"[[[13, 221], [477, 221], [477, 512], [13, 512]]]","[""guns germs; llaal steel fitl a hualia buciml mred damond""]"
Structures,J. Gordon,dataset\adjusted_dataset\Science-Geography\0000263.jpg,"[[[46, 187], [503, 187], [503, 262], [46, 262]]]","[""slltures qatto ut""]"
The New World Champion Paper Airplane Book,John M. Collins,dataset\adjusted_dataset\Science-Geography\0000264.jpg,"[[[21, 37], [484, 37], [484, 486], [21, 486]]]","[""the new world champion nu rng ertwild paper airplane book im dn\""krl jcihm collins""]"
Against the Gods,Peter L. Bernstein,dataset\adjusted_dataset\Science-Geography\0000265.jpg,"[[[36, 28], [473, 28], [473, 155], [36, 155]]]","[""against the gods unun~iit 9o de ur""]"
Balanced and Barefoot,Angela J. Hanscom,dataset\adjusted_dataset\Science-Geography\0000266.jpg,"[[[68, 264], [442, 264], [442, 460], [68, 460]]]","[""balanced and barefuot""]"
A Brief History of Everyone Who Ever Lived,Adam Rutherford,dataset\adjusted_dataset\Science-Geography\0000267.jpg,"[[[36, 166], [455, 166], [455, 286], [36, 286]]]","[""history of everyone""]"
Adam Spencer's Book of Numbers,Adam Spencer,dataset\adjusted_dataset\Science-Geography\0000268.jpg,"[[[174, 200], [464, 200], [464, 232], [174, 232]]]","[""adam speneerts""]"
The Longevity Paradox,Steven R. Gundry,dataset\adjusted_dataset\Science-Geography\0000269.jpg,"[[[95, 37], [490, 37], [490, 143], [95, 143]]]","[""longevity paradox""]"
This Explains Everything,John Brockman,dataset\adjusted_dataset\Science-Geography\0000270.jpg,"[[[35, 323], [489, 323], [489, 391], [35, 391]]]","[""everything""]"
The Moral Landscape,Sam Harris,dataset\adjusted_dataset\Science-Geography\0000271.jpg,"[[[11, 203], [512, 203], [512, 339], [11, 339]]]","[""moral landscape""]"
In Praise of Walking,Shane O'Mara,dataset\adjusted_dataset\Science-Geography\0000272.jpg,"[[[65, 175], [312, 175], [312, 225], [65, 225]]]","[""praise""]"
Curious George and the Firefighters,Margret Rey,dataset\adjusted_dataset\Science-Geography\0000273.jpg,"[[[39, 34], [480, 34], [480, 301], [39, 301]]]","[""margret & ha-rey's cwiows geoige oths fvretiaiters g#ua acitmitis \""#s1\""""]"
The Mind-Gut Connection,Emeran Mayer,dataset\adjusted_dataset\Science-Geography\0000274.jpg,"[[[0, 28], [512, 28], [512, 139], [0, 139]]]","[""mind-gul connectton""]"
Human Universe,Brian Cox,dataset\adjusted_dataset\Science-Geography\0000275.jpg,"[[[85, 111], [436, 111], [436, 151], [85, 151]]]","[""universe""]"
"Hello, is this planet Earth?",Tim Peake,dataset\adjusted_dataset\Science-Geography\0000276.jpg,"[[[22, 14], [488, 14], [488, 229], [22, 229]]]","[""tim peake hello, i5 nfs planet earth? gtre nen tn lntur \""faeur""]"
How to Choose the Sex of Your Baby,Landrum B Shettles,dataset\adjusted_dataset\Science-Geography\0000277.jpg,[],[]
Last Chance To See,Douglas Adams,dataset\adjusted_dataset\Science-Geography\0000278.jpg,"[[[21, 153], [481, 153], [481, 395], [21, 395]]]","[""carwardine last chance tosee tit ilicilllewca""]"
The Science Delusion,Rupert Sheldrake,dataset\adjusted_dataset\Science-Geography\0000279.jpg,"[[[0, 189], [512, 189], [512, 337], [0, 337]]]","[""scaince deluson""]"
Molecules,Nick Mann,dataset\adjusted_dataset\Science-Geography\0000280.jpg,"[[[114, 204], [497, 204], [497, 294], [114, 294]]]","[""molecules""]"
The Omnivore's Dilemma,Michael Pollan,dataset\adjusted_dataset\Science-Geography\0000281.jpg,"[[[41, 75], [463, 75], [463, 209], [41, 209]]]","[""omnivore 5 dilemma fcun""]"
Mad About Sharks,Deborah Jane Murrell,dataset\adjusted_dataset\Science-Geography\0000282.jpg,"[[[51, 19], [503, 19], [503, 149], [51, 149]]]","[""maj *bcu+ sharks""]"
Other Minds,Peter Godfrey-Smith,dataset\adjusted_dataset\Science-Geography\0000283.jpg,"[[[37, 362], [478, 362], [478, 441], [37, 441]]]","[""oth e r minds dcoun lve di""]"
The Snow Leopard,Peter Matthiessen,dataset\adjusted_dataset\Science-Geography\0000284.jpg,"[[[180, 385], [470, 385], [470, 417], [180, 417]]]","[""tlc shew leopan""]"
David and Goliath,Malcolm Gladwell,dataset\adjusted_dataset\Science-Geography\0000285.jpg,"[[[84, 290], [426, 290], [426, 424], [84, 424]]]","[""lavid 8 goliath""]"
Figuring,Maria Popova,dataset\adjusted_dataset\Science-Geography\0000286.jpg,[],[]
The Elephant Whisperer,Lawrence Anthony,dataset\adjusted_dataset\Science-Geography\0000287.jpg,"[[[8, 300], [488, 300], [488, 482], [8, 482]]]","[""elephant whis erer lnrenee nthont""]"
The Radium Girls,Kate Moore,dataset\adjusted_dataset\Science-Geography\0000288.jpg,"[[[88, 138], [432, 138], [432, 300], [88, 300]]]","[""radium girls qel laud eta""]"
My Book Of Number Games 1-150,Publishing Kumon,dataset\adjusted_dataset\Science-Geography\0000289.jpg,"[[[17, 3], [501, 3], [501, 198], [17, 198]]]","[""kumcn bu 4.5.6 mr book e numbr games 1-150 cennfri-the dots & color-by-number""]"
Wildwood,Roger Deakin,dataset\adjusted_dataset\Science-Geography\0000290.jpg,[],[]
RHS Latin for Gardeners,Royal Horticultural Society,dataset\adjusted_dataset\Science-Geography\0000291.jpg,"[[[106, 204], [410, 204], [410, 234], [106, 234]]]","[""gardener s""]"
Head Strong,Dave Asprey,dataset\adjusted_dataset\Science-Geography\0000292.jpg,[],[]
How Not to Be Wrong,Jordan Ellenberg,dataset\adjusted_dataset\Science-Geography\0000293.jpg,"[[[0, 118], [512, 118], [512, 473], [0, 473]]]","[""how notto be wrong the powerof mathematical thinking jordan ellenberg""]"
The Language Instinct,Steven Pinker,dataset\adjusted_dataset\Science-Geography\0000294.jpg,"[[[25, 271], [493, 271], [493, 463], [25, 463]]]","[""la o g u a g \u20ac ijtinct jteven pimhea""]"
The Vital Question,Nick Lane,dataset\adjusted_dataset\Science-Geography\0000295.jpg,"[[[29, 55], [487, 55], [487, 233], [29, 233]]]","[""nick lane the vital question""]"
Neurocomic,Matteo Farinella,dataset\adjusted_dataset\Science-Geography\0000296.jpg,"[[[92, 86], [426, 86], [426, 118], [92, 118]]]","[""neurucomic""]"
Active Hope,Joanna R. Macy,dataset\adjusted_dataset\Science-Geography\0000297.jpg,"[[[205, 123], [476, 123], [476, 218], [205, 218]]]","[""active hope""]"
Biomimicry,Janine M. Benyus,dataset\adjusted_dataset\Science-Geography\0000298.jpg,"[[[35, 111], [475, 111], [475, 155], [35, 155]]]","[""bi 0 mtmicry""]"
The Field,Lynne McTaggart,dataset\adjusted_dataset\Science-Geography\0000299.jpg,"[[[175, 7], [335, 7], [335, 73], [175, 73]]]","[""the""]"
The Dyslexic Advantage,Brock L Eide,dataset\adjusted_dataset\Science-Geography\0000300.jpg,"[[[63, 177], [453, 177], [453, 341], [63, 341]]]","[""dyslexic advantage unlarkinp jia nind  dy ic bgin""]"
Wonders of the Universe,Brian Cox,dataset\adjusted_dataset\Science-Geography\0000301.jpg,"[[[130, 77], [497, 77], [497, 297], [130, 297]]]","[""w nders of the tjniverse brian cox lee djn""]"
Cradle to Cradle,Michael Braungart,dataset\adjusted_dataset\Science-Geography\0000302.jpg,"[[[135, 29], [365, 29], [365, 273], [135, 273]]]","[""cradle to cradle re nakit = thehf i4e flke th0g5""]"
The Butchering Art,Lindsey Fitzharris,dataset\adjusted_dataset\Science-Geography\0000303.jpg,"[[[0, 0], [512, 0], [512, 243], [0, 243]]]","[""bhechereng art""]"
The Pocket Guide to The Polyvagal Theory,Stephen Porges,dataset\adjusted_dataset\Science-Geography\0000304.jpg,"[[[83, 122], [464, 122], [464, 294], [83, 294]]]","[""tae pocket guide to the poltvagal theory ihe tronstormorive fowyero fceling sofe""]"
The Illustrated Brief History Of Time,Stephen Hawking,dataset\adjusted_dataset\Science-Geography\0000305.jpg,"[[[29, 26], [473, 26], [473, 145], [29, 145]]]","[""tlleet rtt\"" a bkief ahstore ot ttme""]"
How to Be Human,Ruby Wax,dataset\adjusted_dataset\Science-Geography\0000306.jpg,"[[[12, 19], [501, 19], [501, 290], [12, 290]]]","[""ruby wax hnha m jili 44 howto c be human""]"
Midnight in Chernobyl,Adam Higginbotham,dataset\adjusted_dataset\Science-Geography\0000307.jpg,"[[[11, 147], [512, 147], [512, 384], [11, 384]]]","[""midnight 1n chernobyl""]"
Earth User's Guide to Permaculture,Rosemary Morrow,dataset\adjusted_dataset\Science-Geography\0000308.jpg,"[[[44, 86], [502, 86], [502, 274], [44, 274]]]","[""earth-user g guide to eusaculture""]"
The Biology of Belief,Bruce H Lipton,dataset\adjusted_dataset\Science-Geography\0000309.jpg,"[[[36, 24], [461, 24], [461, 122], [36, 122]]]","[""the bioloc, of belief 9""]"
An Elephant in My Kitchen,Francoise Malby-Anthony,dataset\adjusted_dataset\Science-Geography\0000310.jpg,"[[[25, 69], [493, 69], [493, 223], [25, 223]]]","[""a n elephane 1t1 it }\"" kitchen""]"
What Doesn't Kill Us,Scott Carney,dataset\adjusted_dataset\Science-Geography\0000311.jpg,"[[[84, 270], [431, 270], [431, 414], [84, 414]]]","[""what doesn't kill us""]"
Creating a Forest Garden,Martin Crawford,dataset\adjusted_dataset\Science-Geography\0000312.jpg,"[[[119, 471], [378, 471], [378, 499], [119, 499]]]","[""murtincrammtdrd""]"
The Singularity is Near,Ray Kurzweil,dataset\adjusted_dataset\Science-Geography\0000313.jpg,"[[[35, 166], [486, 166], [486, 335], [35, 335]]]","[""5ingulaktty 215 near""]"
The Smartest Guys in the Room,Bethany McLean,dataset\adjusted_dataset\Science-Geography\0000314.jpg,"[[[37, 60], [475, 60], [475, 235], [37, 235]]]","[""smartest gums in mmhe zoom""]"
Blue Planet II,James Honeyborne,dataset\adjusted_dataset\Science-Geography\0000315.jpg,"[[[70, 62], [448, 62], [448, 94], [70, 94]]]","[""blue planet m""]"
Happy City,Charles Montgomery,dataset\adjusted_dataset\Science-Geography\0000316.jpg,[],[]
Abundance,Peter H. Diamandis,dataset\adjusted_dataset\Science-Geography\0000317.jpg,[],[]
Animal-speak,Ted Andrews,dataset\adjusted_dataset\Science-Geography\0000318.jpg,"[[[7, 7], [501, 7], [501, 143], [7, 143]]]","[""animal-speais tne sprkt heafawens olenanet fn""]"
Unthinkable,Helen Thomson,dataset\adjusted_dataset\Science-Geography\0000319.jpg,[],[]
Brain On Fire: My Month of Madness,Susannah Cahalan,dataset\adjusted_dataset\Science-Geography\0000320.jpg,[],[]
"Ganong's Review of Medical Physiology, Twenty-Fifth Edition",Kim E. Barrett,dataset\adjusted_dataset\Science-Geography\0000321.jpg,"[[[27, 25], [333, 25], [333, 203], [27, 203]]]","[""ganong'5 review of medical physiology""]"
The Scorch Trials,James Dashner,dataset\adjusted_dataset\Science-Geography\0000322.jpg,"[[[35, 205], [474, 205], [474, 308], [35, 308]]]","[""scorch tnials""]"
Psilocybin Mushrooms Of The World,Paul Stamets,dataset\adjusted_dataset\Science-Geography\0000323.jpg,"[[[24, 56], [476, 56], [476, 249], [24, 249]]]","[""p'silocyrin mushrooms 0l liie world""]"
The Book of Why,Judea Pearl,dataset\adjusted_dataset\Science-Geography\0000324.jpg,"[[[94, 11], [419, 11], [419, 496], [94, 496]]]","[""judea pearl the book of why ol ciust ln eecc the ncu srike""]"
Pearson Baccalaureate Chemistry Higher Level 2nd edition print and online edition for the IB Diploma,Catrin Brown,dataset\adjusted_dataset\Science-Geography\0000325.jpg,[],[]
The Blue Zones,Dan Buettner,dataset\adjusted_dataset\Science-Geography\0000326.jpg,"[[[23, 457], [489, 457], [489, 499], [23, 499]]]","[""dan buettner""]"
The Science of Interstellar,Kip Thorne,dataset\adjusted_dataset\Science-Geography\0000327.jpg,"[[[25, 229], [485, 229], [485, 271], [25, 271]]]","[""interstllak""]"
Tinkerlab,Rachelle Doorley,dataset\adjusted_dataset\Science-Geography\0000328.jpg,"[[[290, 188], [404, 188], [404, 212], [290, 212]]]","[""ekerar""]"
Play,Stuart Brown,dataset\adjusted_dataset\Science-Geography\0000329.jpg,[],[]
Things to Make and Do in the Fourth Dimension,Matt Parker,dataset\adjusted_dataset\Science-Geography\0000330.jpg,"[[[0, 0], [476, 0], [476, 499], [0, 499]]]","[""t hings to make and do& the fuurth dimenslon matt farker""]"
Pocket Ref,Thomas J. Glover,dataset\adjusted_dataset\Science-Geography\0000331.jpg,"[[[82, 116], [248, 116], [248, 166], [82, 166]]]","[""ref""]"
The Art of Strategy,Avinash K. Dixit,dataset\adjusted_dataset\Science-Geography\0000332.jpg,"[[[19, 199], [506, 199], [506, 469], [19, 469]]]","[""the art strategy 90 497t k dtt rt#t / njllot""]"
Give Me Half!,Stuart J. Murphy,dataset\adjusted_dataset\Science-Geography\0000333.jpg,"[[[110, 26], [491, 26], [491, 138], [110, 138]]]","[""give me half ! hbhel kaat milutdkglleau""]"
The Inevitable,Kevin Kelly,dataset\adjusted_dataset\Science-Geography\0000334.jpg,"[[[6, 95], [501, 95], [501, 158], [6, 158]]]","[""inevitable""]"
How to Invent Everything,Ryan North,dataset\adjusted_dataset\Science-Geography\0000335.jpg,"[[[55, 70], [442, 70], [442, 257], [55, 257]]]","[""how to invent e erything""]"
Thing Explainer,Randall Munroe,dataset\adjusted_dataset\Science-Geography\0000336.jpg,"[[[118, 60], [398, 60], [398, 199], [118, 199]]]","[""thing explainer cempecatid sfetr tn itpet dfaea""]"
The Cartoon Guide to Chemistry,Larry Gonick,dataset\adjusted_dataset\Science-Geography\0000337.jpg,"[[[13, 10], [505, 10], [505, 133], [13, 133]]]","[""thecaptoonguide to cllgmigtav""]"
Humble Pi,Matt Parker,dataset\adjusted_dataset\Science-Geography\0000338.jpg,"[[[47, 25], [470, 25], [470, 191], [47, 191]]]","[""humble pi""]"
1421,Gavin Menzies,dataset\adjusted_dataset\Science-Geography\0000339.jpg,[],[]
Inferior,Angela Saini,dataset\adjusted_dataset\Science-Geography\0000340.jpg,"[[[159, 184], [364, 184], [364, 238], [159, 238]]]","[""inferior""]"
The Brain That Changes Itself,Norman Doidge,dataset\adjusted_dataset\Science-Geography\0000341.jpg,"[[[36, 124], [366, 124], [366, 152], [36, 152]]]","[""tha bealin mat""]"
The Rules of Life,Richard Templar,dataset\adjusted_dataset\Science-Geography\0000342.jpg,"[[[143, 147], [367, 147], [367, 350], [143, 350]]]","[""the rules of life""]"
Istanbul,Orhan Pamuk,dataset\adjusted_dataset\Science-Geography\0000343.jpg,[],[]
Incognito,David Eagleman,dataset\adjusted_dataset\Science-Geography\0000344.jpg,"[[[93, 251], [417, 251], [417, 287], [93, 287]]]","[""incognito""]"
Human Anatomy,Margaret Matt,dataset\adjusted_dataset\Science-Geography\0000345.jpg,"[[[37, 42], [474, 42], [474, 121], [37, 121]]]","[""humananatomy cclrlng book""]"
The Story of the Human Body,Daniel Lieberman,dataset\adjusted_dataset\Science-Geography\0000346.jpg,"[[[103, 293], [407, 293], [407, 376], [103, 376]]]","[""hu man bodx""]"
Silent Spring,Rachel Carson,dataset\adjusted_dataset\Science-Geography\0000347.jpg,"[[[25, 35], [485, 35], [485, 215], [25, 215]]]","[""silen t 5 p #tig 50""]"
The Craft of Research,Wayne C. Booth,dataset\adjusted_dataset\Science-Geography\0000348.jpg,[],[]
The Better Angels of Our Nature,Steven Pinker,dataset\adjusted_dataset\Science-Geography\0000349.jpg,"[[[0, 24], [490, 24], [490, 511], [0, 511]]]","[""steven pinker thb better angels on our nature \""ftyioienceh4s decuned jur uitt tcer tine7 o0k ret""]"
Dirt to Soil,Gabe Brown,dataset\adjusted_dataset\Science-Geography\0000350.jpg,[],[]
Wonders of the Solar System,Brian Cox,dataset\adjusted_dataset\Science-Geography\0000351.jpg,"[[[30, 67], [406, 67], [406, 333], [30, 333]]]","[""he wonders of the solar system briancox""]"
"The Feynman Lectures on Physics, boxed set",Richard P. Feynman,dataset\adjusted_dataset\Science-Geography\0000352.jpg,"[[[63, 70], [428, 70], [428, 337], [63, 337]]]","[""7 feynman lretlrei 'on thysles 2""]"
Neuroanatomy through Clinical Cases,Hal Blumenfeld,dataset\adjusted_dataset\Science-Geography\0000353.jpg,"[[[54, 46], [457, 46], [457, 179], [54, 179]]]","[""neuroanatomy trongk clinical cases""]"
Into the Magic Shop,Director James R Doty,dataset\adjusted_dataset\Science-Geography\0000354.jpg,"[[[135, 176], [379, 176], [379, 224], [135, 224]]]","[""irto the naoic shcf""]"
Conscious,Annaka Harris,dataset\adjusted_dataset\Science-Geography\0000355.jpg,[],[]
Talking to Strangers,Malcolm Gladwell,dataset\adjusted_dataset\Science-Geography\0000356.jpg,"[[[33, 36], [476, 36], [476, 364], [33, 364]]]","[""malcolm gladwell talking to strangers wt#an~ han cnt%""]"
Ocean,Dan Kainen,dataset\adjusted_dataset\Science-Geography\0000357.jpg,"[[[0, 25], [512, 25], [512, 148], [0, 148]]]","[""ocean""]"
Bonk,Mary Roach,dataset\adjusted_dataset\Science-Geography\0000358.jpg,[],[]
The Memory Code,Lynne Kelly,dataset\adjusted_dataset\Science-Geography\0000359.jpg,"[[[51, 243], [469, 243], [469, 370], [51, 370]]]","[""memory code""]"
Travelling to Infinity: The True Story Behind the Theory of Everything,Jane Hawking,dataset\adjusted_dataset\Science-Geography\0000360.jpg,[],[]
Zeitoun,Dave Eggers,dataset\adjusted_dataset\Science-Geography\0000361.jpg,"[[[36, 32], [432, 32], [432, 80], [36, 80]]]","[""etlluf""]"
Vibrant Matter,Jane Bennett,dataset\adjusted_dataset\Science-Geography\0000362.jpg,"[[[147, 68], [366, 68], [366, 96], [147, 96]]]","[""yibrz nitter""]"
Our Mathematical Universe,Max Tegmark,dataset\adjusted_dataset\Science-Geography\0000363.jpg,"[[[17, 8], [363, 8], [363, 150], [17, 150]]]","[""max tegmark our mathematical universe fy oleettot cns ulimoca nature ofrealty""]"
Money,Yuval Noah Harari,dataset\adjusted_dataset\Science-Geography\0000364.jpg,"[[[171, 471], [271, 471], [271, 487], [171, 487]]]","[""minac""]"
For the Love of Physics,Walter H. G. Lewin,dataset\adjusted_dataset\Science-Geography\0000365.jpg,"[[[55, 76], [458, 76], [458, 288], [55, 288]]]","[""tvr the lve of py /4s""]"
An Astonishing Secret,Daniel O'Leary,dataset\adjusted_dataset\Science-Geography\0000366.jpg,"[[[135, 293], [375, 293], [375, 331], [135, 331]]]","[""secret""]"
The Laws Guide to Nature Drawing and Journaling,John Muir Laws,dataset\adjusted_dataset\Science-Geography\0000367.jpg,"[[[34, 26], [482, 26], [482, 113], [34, 113]]]","[""nature drawing ond journaling""]"
Death by Black Hole,Neil Degrasse Tyson,dataset\adjusted_dataset\Science-Geography\0000368.jpg,"[[[34, 344], [482, 344], [482, 391], [34, 391]]]","[""death by black hole""]"
The Fabric of the Cosmos,Brian Greene,dataset\adjusted_dataset\Science-Geography\0000369.jpg,[],[]
The Rise of Superman,Steven Kotler,dataset\adjusted_dataset\Science-Geography\0000370.jpg,[],[]
Stealing Fire,Steven Kotler,dataset\adjusted_dataset\Science-Geography\0000371.jpg,"[[[55, 111], [453, 111], [453, 199], [55, 199]]]","[""steactng fire""]"
The Anatomy of Hatha Yoga,H.David Coulter,dataset\adjusted_dataset\Science-Geography\0000372.jpg,[],[]
The Holographic Universe,Michael Talbot,dataset\adjusted_dataset\Science-Geography\0000373.jpg,"[[[18, 37], [498, 37], [498, 122], [18, 122]]]","[""the holographic v m | \"" e r $ e""]"
Humble Pi,Matt Parker,dataset\adjusted_dataset\Science-Geography\0000374.jpg,"[[[45, 25], [470, 25], [470, 191], [45, 191]]]","[""humble pi""]"
A Universe from Nothing,Lawrence M Krauss,dataset\adjusted_dataset\Science-Geography\0000375.jpg,"[[[28, 302], [482, 302], [482, 378], [28, 378]]]","[""nothing""]"
How Emotions Are Made,Lisa Feldman Barrett,dataset\adjusted_dataset\Science-Geography\0000376.jpg,"[[[61, 162], [462, 162], [462, 408], [61, 408]]]","[""emotions are made the secret life ofthe brain""]"
Where's the Poop?,Julie Markes,dataset\adjusted_dataset\Science-Geography\0000377.jpg,"[[[168, 74], [340, 74], [340, 232], [168, 232]]]","[""wheres the poop?""]"
Freakonomics,Steven D Levitt,dataset\adjusted_dataset\Science-Geography\0000378.jpg,[],[]
Childhood Disrupted,Donna Jackson Nakazawa,dataset\adjusted_dataset\Science-Geography\0000379.jpg,[],[]
The Secret Life of Trees,Colin Tudge,dataset\adjusted_dataset\Science-Geography\0000380.jpg,"[[[31, 38], [491, 38], [491, 255], [31, 255]]]","[""the secret life off trees a tapt""]"
What is Life?,Erwin Schrodinger,dataset\adjusted_dataset\Science-Geography\0000381.jpg,"[[[56, 89], [475, 89], [475, 182], [56, 182]]]","[""schrodinger whotis lile?""]"
The Cartoon Guide to Physics,Larry Gonick,dataset\adjusted_dataset\Science-Geography\0000382.jpg,"[[[25, 33], [491, 33], [491, 185], [25, 185]]]","[""the cartoonguideto puvsic }""]"
The Simpsons and Their Mathematical Secrets,Dr. Simon Singh,dataset\adjusted_dataset\Science-Geography\0000383.jpg,"[[[9, 146], [476, 146], [476, 451], [9, 451]]]","[""simpsons and their mathematical secrets sa_s simon singh cs sn ledtodit7r7d""]"
The GCHQ Puzzle Book II,GCHQ,dataset\adjusted_dataset\Science-Geography\0000384.jpg,"[[[63, 116], [454, 116], [454, 260], [63, 260]]]","[""t h e g c a q puzzle booki""]"
Humanology,Luke O'Neill,dataset\adjusted_dataset\Science-Geography\0000385.jpg,"[[[45, 44], [448, 44], [448, 100], [45, 100]]]","[""humanology""]"
Permaculture Design,Aranya,dataset\adjusted_dataset\Science-Geography\0000386.jpg,"[[[72, 52], [440, 52], [440, 168], [72, 168]]]","[""permaculture design anmu""]"
The Elements of Statistical Learning,Trevor Hastie,dataset\adjusted_dataset\Science-Geography\0000387.jpg,"[[[86, 183], [488, 183], [488, 296], [86, 296]]]","[""the elements 0f rtatistica| learnini wurmrn\""tmrzannigrg""]"
Staying with the Trouble,Donna J. Haraway,dataset\adjusted_dataset\Science-Geography\0000388.jpg,"[[[291, 90], [506, 90], [506, 186], [291, 186]]]","[""with trouble""]"
Tiny Homes,Lloyd Kahn,dataset\adjusted_dataset\Science-Geography\0000389.jpg,"[[[75, 27], [453, 27], [453, 157], [75, 157]]]","[""tity homes simple shelter llni kahe""]"
Packing for Mars,Mary Roach,dataset\adjusted_dataset\Science-Geography\0000390.jpg,"[[[77, 140], [485, 140], [485, 421], [77, 421]]]","[""gking mars ofetu# kkl""]"
Cartoon Guide to Statistics,Larry Gonick,dataset\adjusted_dataset\Science-Geography\0000391.jpg,"[[[20, 22], [511, 22], [511, 229], [20, 229]]]","[""the cartoon guide to su8371e} prviid uroatcd 4ho coitiom""]"
Europe: A Natural History,Tim Flannery,dataset\adjusted_dataset\Science-Geography\0000392.jpg,"[[[79, 17], [437, 17], [437, 232], [79, 232]]]","[""europe antacural history""]"
Meadowland,John Lewis-Stempel,dataset\adjusted_dataset\Science-Geography\0000393.jpg,[],[]
Cooked,Michael Pollan,dataset\adjusted_dataset\Science-Geography\0000394.jpg,"[[[123, 165], [385, 165], [385, 203], [123, 203]]]","[""cooked""]"
Discovering Statistics Using R,Andy Field,dataset\adjusted_dataset\Science-Geography\0000395.jpg,"[[[21, 103], [490, 103], [490, 171], [21, 171]]]","[""discovering statsties using r""]"
Physics of the Impossible,Department of Physics Michio Kaku,dataset\adjusted_dataset\Science-Geography\0000396.jpg,"[[[37, 344], [476, 344], [476, 386], [37, 386]]]","[""lmpossibce""]"
The Rise of the Robots,Martin Ford,dataset\adjusted_dataset\Science-Geography\0000397.jpg,"[[[32, 37], [482, 37], [482, 192], [32, 192]]]","[""the rise ofthe robots""]"
Story Genius,Lisa Cron,dataset\adjusted_dataset\Science-Geography\0000398.jpg,[],[]
Superintelligence,Nick Bostrom,dataset\adjusted_dataset\Science-Geography\0000399.jpg,"[[[19, 73], [495, 73], [495, 142], [19, 142]]]","[""superintelligence f djl\""er""]"
David and Goliath,Malcolm Gladwell,dataset\adjusted_dataset\Science-Geography\0000400.jpg,"[[[84, 290], [422, 290], [422, 424], [84, 424]]]","[""david 8 goliath""]"
Curiosity,Markus Motum,dataset\adjusted_dataset\Science-Geography\0000401.jpg,"[[[80, 376], [464, 376], [464, 481], [80, 481]]]","[""curiosity tha sorv p hux kozer""]"
Chemistry Essentials For Dummies,John T. Moore,dataset\adjusted_dataset\Science-Geography\0000402.jpg,"[[[49, 66], [460, 66], [460, 280], [49, 280]]]","[""chemistry essentials dummie,s""]"
Waterlog,Roger Deakin,dataset\adjusted_dataset\Science-Geography\0000403.jpg,"[[[48, 194], [457, 194], [457, 257], [48, 257]]]","[""waterlog""]"
The Planets,Brian Cox,dataset\adjusted_dataset\Science-Geography\0000404.jpg,[],[]
Seeing Like a State,James C. Scott,dataset\adjusted_dataset\Science-Geography\0000405.jpg,"[[[156, 114], [329, 114], [329, 288], [156, 288]]]","[""seeing like a state""]"
Wilding,Isabella Tree,dataset\adjusted_dataset\Science-Geography\0000406.jpg,"[[[20, 110], [496, 110], [496, 190], [20, 190]]]","[""wildinje""]"
In Defence of Dogs,John Bradshaw,dataset\adjusted_dataset\Science-Geography\0000407.jpg,"[[[46, 89], [459, 89], [459, 180], [46, 180]]]","[""indefence of dogs""]"
The Uninhabitable Earth,David Wallace-wells,dataset\adjusted_dataset\Science-Geography\0000408.jpg,"[[[60, 154], [456, 154], [456, 277], [60, 277]]]","[""ujnitihabitable earth ~\""v\""t lf ie! fmw""]"
The Case Against Sugar,Gary Taubes,dataset\adjusted_dataset\Science-Geography\0000409.jpg,"[[[0, 279], [512, 279], [512, 512], [0, 512]]]","[""the case against sugar g2ry taubes""]"
The Cloudspotter's Guide,Gavin Pretor-Pinney,dataset\adjusted_dataset\Science-Geography\0000410.jpg,"[[[27, 84], [473, 84], [473, 207], [27, 207]]]","[""clogdsnotter' 5 nci irtwu""]"
Relativity,Albert Einstein,dataset\adjusted_dataset\Science-Geography\0000411.jpg,[],[]
The Idiot Brain,Dean Burnett,dataset\adjusted_dataset\Science-Geography\0000412.jpg,[],[]
A Colorful Introduction to the Anatomy of the Human Brain,John P. J. Pinel,dataset\adjusted_dataset\Science-Geography\0000413.jpg,"[[[46, 14], [458, 14], [458, 111], [46, 111]]]","[""eolorfukinroaretuto; anaromy hunan brain""]"
Smarter Faster Better,Charles Duhigg,dataset\adjusted_dataset\Science-Geography\0000414.jpg,"[[[64, 26], [444, 26], [444, 161], [64, 161]]]","[""the power of habt smarter faster""]"
The Moneyless Man,Mark Boyle,dataset\adjusted_dataset\Science-Geography\0000415.jpg,"[[[15, 15], [316, 15], [316, 502], [15, 502]]]","[""the money- less ma ayear qf freeconomic lining mark bofle""]"
The Mind-Gut Connection,Emeran Mayer,dataset\adjusted_dataset\Science-Geography\0000416.jpg,"[[[29, 10], [486, 10], [486, 123], [29, 123]]]","[""mind-gut connection""]"
Psychology Statistics For Dummies,Donncha Hanna,dataset\adjusted_dataset\Science-Geography\0000417.jpg,"[[[17, 40], [460, 40], [460, 323], [17, 323]]]","[""psychology statistics dummies lomio.""]"
Wired For Story,Lisa Cron,dataset\adjusted_dataset\Science-Geography\0000418.jpg,"[[[117, 191], [411, 191], [411, 357], [117, 357]]]","[""wired for story""]"
Oxford IB Study Guides: Physics for the IB Diploma,Tim Kirk,dataset\adjusted_dataset\Science-Geography\0000419.jpg,[],[]
Collapse,Jared Diamond,dataset\adjusted_dataset\Science-Geography\0000420.jpg,"[[[13, 25], [499, 25], [499, 151], [13, 151]]]","[""thf ra collapse""]"
Special Relativity and Classical Field Theory,Leonard Susskind,dataset\adjusted_dataset\Science-Geography\0000421.jpg,"[[[118, 184], [394, 184], [394, 332], [118, 332]]]","[""relativity and classical field theory tho thoorctical nmninur""]"
On the Move,Oliver Sacks,dataset\adjusted_dataset\Science-Geography\0000422.jpg,"[[[38, 62], [470, 62], [470, 251], [38, 251]]]","[""sacks tn thee mttl itc""]"
No Dig Organic Home & Garden,Charles Dowding,dataset\adjusted_dataset\Science-Geography\0000423.jpg,"[[[22, 271], [493, 271], [493, 331], [22, 331]]]","[""na dig organic hone & garden ocvdcorti sortoungvtt""]"
I Contain Multitudes,Ed Yong,dataset\adjusted_dataset\Science-Geography\0000424.jpg,"[[[75, 161], [439, 161], [439, 316], [75, 316]]]","[""contain multitudes tae mictooes yimin us mnd   crndur yinyy of /f""]"
Molecular Gastronomy,Herve This,dataset\adjusted_dataset\Science-Geography\0000425.jpg,"[[[9, 57], [499, 57], [499, 135], [9, 135]]]","[""mocar (astromy fxporing tn srinner' o| fi:tn""]"
The Shallows,Nicholas Carr,dataset\adjusted_dataset\Science-Geography\0000426.jpg,[],[]
I Am a Strange Loop,Douglas R. Hofstadter,dataset\adjusted_dataset\Science-Geography\0000427.jpg,"[[[83, 97], [423, 97], [423, 189], [83, 189]]]","[""strange loop""]"
This Book Is a Planetarium,Kelli Anderson,dataset\adjusted_dataset\Science-Geography\0000428.jpg,"[[[66, 109], [433, 109], [433, 285], [66, 285]]]","[""this book is a planetarium""]"
The Hot Zone,Richard Preston,dataset\adjusted_dataset\Science-Geography\0000429.jpg,[],[]
The Master and His Emissary,Iain McGilchrist,dataset\adjusted_dataset\Science-Geography\0000430.jpg,"[[[28, 103], [488, 103], [488, 430], [28, 430]]]","[""the master and fis emissary terueeanaodipl caclotaa kpnd""]"
Stuff Matters,Mark A. Miodownik,dataset\adjusted_dataset\Science-Geography\0000431.jpg,[],[]
The Drunkard's Walk,Leonard Mlodinow,dataset\adjusted_dataset\Science-Geography\0000432.jpg,[],[]
Why We Sleep,Matthew Walker,dataset\adjusted_dataset\Science-Geography\0000433.jpg,[],[]
The Revenge Of Geography,Robert D. Kaplan,dataset\adjusted_dataset\Science-Geography\0000434.jpg,"[[[56, 45], [461, 45], [461, 223], [56, 223]]]","[""the revenge @ f g eography""]"
Mad About Bugs,Deborah Jane Murrell,dataset\adjusted_dataset\Science-Geography\0000435.jpg,"[[[82, 20], [479, 20], [479, 156], [82, 156]]]","[""ma] aort 3 bugs""]"
Essential Medical Statistics,Betty R. Kirkwood,dataset\adjusted_dataset\Science-Geography\0000436.jpg,"[[[101, 70], [413, 70], [413, 143], [101, 143]]]","[""medical statistics""]"
Edexcel AS and A Level Modular Mathematics Core Mathematics 1 C1,Keith Pledger,dataset\adjusted_dataset\Science-Geography\0000437.jpg,"[[[23, 370], [360, 370], [360, 507], [23, 507]]]","[""edezcelasanda lerel modular nathenatics c1""]"
The Dog Listener,Jan Fennell,dataset\adjusted_dataset\Science-Geography\0000438.jpg,"[[[21, 16], [479, 16], [479, 190], [21, 190]]]","[""forenrd p> montt robeeta the dog listener #lwr&t\"" \""n""]"
The Woman who Changed Her Brain,Barbara Arrowsmith-Young,dataset\adjusted_dataset\Science-Geography\0000439.jpg,"[[[0, 79], [512, 79], [512, 369], [0, 369]]]","[""w omain ejo t haangie id xer bibian l""]"
"Oxford IB Diploma Programme: IB Mathematics: applications and interpretation, Standard Level, Print and Enhanced Online Course Book Pack",Jane Forrest,dataset\adjusted_dataset\Science-Geography\0000440.jpg,[],[]
Aware,Daniel J. Siegel,dataset\adjusted_dataset\Science-Geography\0000441.jpg,"[[[119, 179], [394, 179], [394, 230], [119, 230]]]","[""aware""]"
A Brief History of the Universe,J. P. McEvoy,dataset\adjusted_dataset\Science-Geography\0000442.jpg,"[[[23, 349], [499, 349], [499, 413], [23, 413]]]","[""universe""]"
Delavier's Stretching Anatomy,Frederic Delavier,dataset\adjusted_dataset\Science-Geography\0000443.jpg,"[[[290, 414], [502, 414], [502, 473], [290, 473]]]","[""rederlc deljve #eclmincc7 clnianl""]"
The Knowledge,Lewis Dartnell,dataset\adjusted_dataset\Science-Geography\0000444.jpg,"[[[22, 84], [512, 84], [512, 158], [22, 158]]]","[""knowledge""]"
Babylon's Ark,Lawrence Anthony,dataset\adjusted_dataset\Science-Geography\0000445.jpg,"[[[25, 201], [471, 201], [471, 323], [25, 323]]]","[""babylui's hbk layrende junohy jreltt""]"
Cities for People,Jan Gehl,dataset\adjusted_dataset\Science-Geography\0000446.jpg,"[[[50, 77], [456, 77], [456, 215], [50, 215]]]","[""jan gehl cities for people""]"
The Sixth Extinction,Elizabeth Kolbert,dataset\adjusted_dataset\Science-Geography\0000447.jpg,"[[[24, 29], [489, 29], [489, 250], [24, 250]]]","[""the sixth extinct on an umhatural history""]"
"Guns, Germs, and Steel",Jared Diamond,dataset\adjusted_dataset\Science-Geography\0000448.jpg,"[[[11, 216], [410, 216], [410, 401], [11, 401]]]","[""guns , germis stell""]"
Low Tox Life,Alexx Stuart,dataset\adjusted_dataset\Science-Geography\0000449.jpg,[],[]
Why We Sleep,Matthew Walker,dataset\adjusted_dataset\Science-Geography\0000450.jpg,[],[]
Drawdown,Paul Hawken,dataset\adjusted_dataset\Science-Geography\0000451.jpg,[],[]
The Elements Jigsaw Puzzle,Nick Mann,dataset\adjusted_dataset\Science-Geography\0000452.jpg,"[[[69, 11], [339, 11], [339, 172], [69, 172]]]","[""#elements uu70""]"
The Natural History Book,DK,dataset\adjusted_dataset\Science-Geography\0000453.jpg,"[[[11, 189], [491, 189], [491, 322], [11, 322]]]","[""natural history""]"
Unweaving the Rainbow,Richard Dawkins,dataset\adjusted_dataset\Science-Geography\0000454.jpg,"[[[30, 318], [480, 318], [480, 469], [30, 469]]]","[""unweaving the rainbow tly ecujeledrhdith hd arcrdent""]"
Life on Earth,David Attenborough,dataset\adjusted_dataset\Science-Geography\0000455.jpg,"[[[38, 87], [476, 87], [476, 200], [38, 200]]]","[""life on earth david attenborough""]"
Why Evolution is True,Jerry A. Coyne,dataset\adjusted_dataset\Science-Geography\0000456.jpg,"[[[0, 144], [512, 144], [512, 346], [0, 346]]]","[""evolution 15 true""]"
The Elegant Universe,Brian Greene,dataset\adjusted_dataset\Science-Geography\0000457.jpg,[],[]
Game Theory: A Very Short Introduction,Ken Binmore,dataset\adjusted_dataset\Science-Geography\0000458.jpg,[],[]
How to Solve It,Georg Polya,dataset\adjusted_dataset\Science-Geography\0000459.jpg,"[[[106, 159], [403, 159], [403, 343], [106, 343]]]","[""how to solve t rfiknyi reeclahy""]"
The Four Horsemen,Richard Dawkins,dataset\adjusted_dataset\Science-Geography\0000460.jpg,[],[]
The Body Electric,Robert O. Becker,dataset\adjusted_dataset\Science-Geography\0000461.jpg,"[[[15, 169], [494, 169], [494, 404], [15, 404]]]","[""body electric""]"
Blueprint,Nicholas A. Christakis,dataset\adjusted_dataset\Science-Geography\0000462.jpg,[],[]
Making Your Own Cheese,Paul Peacock,dataset\adjusted_dataset\Science-Geography\0000463.jpg,"[[[22, 8], [498, 8], [498, 226], [22, 226]]]","[""(making your own cheese paultncock""]"
Sir Cumference And The Sword In The Cone,Cindy Neuschwander,dataset\adjusted_dataset\Science-Geography\0000464.jpg,"[[[149, 39], [460, 39], [460, 251], [149, 251]]]","[""sir cumfcrcnce eudux sword jerbe cone ji""]"
The Red Queen,Matt Ridley,dataset\adjusted_dataset\Science-Geography\0000465.jpg,"[[[352, 18], [416, 18], [416, 26], [352, 26]]]","[""adaneren an""]"
Welcome to the Universe,Neil Degrasse Tyson,dataset\adjusted_dataset\Science-Geography\0000466.jpg,"[[[100, 174], [299, 174], [299, 260], [100, 260]]]","[""welcome t 0 the umiverse""]"
Medical Herbalism,David Hoffmann,dataset\adjusted_dataset\Science-Geography\0000467.jpg,"[[[17, 0], [493, 0], [493, 212], [17, 212]]]","[""medical herbalism the sceence and practice cf herbal medcne""]"
Stranger Things: Worlds Turned Upside Down,Gina McIntyre,dataset\adjusted_dataset\Science-Geography\0000468.jpg,"[[[82, 391], [438, 391], [438, 465], [82, 465]]]","[""worlds turned upside down""]"
Origins,Lewis Dartnell,dataset\adjusted_dataset\Science-Geography\0000469.jpg,"[[[35, 185], [487, 185], [487, 339], [35, 339]]]","[""origins hoi the earta ma@ede""]"
Numbers Workbook Ages 3-5: New Edition,Collins Easy Learning,dataset\adjusted_dataset\Science-Geography\0000470.jpg,"[[[87, 14], [499, 14], [499, 193], [87, 193]]]","[""eosy leorning numbers workbook""]"
In Search Of Schrodinger's Cat,John Gribbin,dataset\adjusted_dataset\Science-Geography\0000471.jpg,"[[[34, 258], [466, 258], [466, 490], [34, 490]]]","[""in searich of schrtdingers jdhn grbbay gat dulatuh phgts and rentt""]"
Molecules of Emotion The Science Behind Mind Body Medicine,Candace Pert,dataset\adjusted_dataset\Science-Geography\0000472.jpg,"[[[21, 133], [496, 133], [496, 401], [21, 401]]]","[""molecules emation tae agierce eatn d mtnd ddot t edtgtn e""]"
The Disappearing Spoon,Sam Kean,dataset\adjusted_dataset\Science-Geography\0000473.jpg,"[[[32, 286], [504, 286], [504, 498], [32, 498]]]","[""ike isappearin spoon jje [eeii jic eele jf tne elenegt?""]"
Help Your Kids With Maths,Carol Vorderman,dataset\adjusted_dataset\Science-Geography\0000474.jpg,"[[[14, -2], [502, -2], [502, 314], [14, 314]]]","[""0o; l0co : eldl help your kids with maths #unique stef- cystep yisualgude""]"
Life Lessons from a Brain Surgeon,Rahul Jandial,dataset\adjusted_dataset\Science-Geography\0000475.jpg,"[[[79, 183], [429, 183], [429, 323], [79, 323]]]","[""life lessons from a brain surgeon""]"
Your Inner Fish,Neil Shubin,dataset\adjusted_dataset\Science-Geography\0000476.jpg,"[[[39, 79], [489, 79], [489, 241], [39, 241]]]","[""shubin tjur inner fish""]"
The Garden Jungle,Dave Goulson,dataset\adjusted_dataset\Science-Geography\0000477.jpg,[],[]
The Concise Human Body Book,DK,dataset\adjusted_dataset\Science-Geography\0000478.jpg,"[[[35, 341], [491, 341], [491, 493], [35, 493]]]","[""human body book goyu""]"
The Age of Wonder,Richard Holmes,dataset\adjusted_dataset\Science-Geography\0000479.jpg,"[[[42, 62], [476, 62], [476, 223], [42, 223]]]","[""#tcaard holmd? the a ge t wonder""]"
Joseph Banks' Florilegium,Joe Studholme,dataset\adjusted_dataset\Science-Geography\0000480.jpg,"[[[94, 62], [419, 62], [419, 100], [94, 100]]]","[""florilegium""]"
Mudlarking,Lara Maiklem,dataset\adjusted_dataset\Science-Geography\0000481.jpg,"[[[0, 17], [498, 17], [498, 460], [0, 460]]]","[""mud cark l  r # 6i [ kl e m ing""]"
1491 (Second Edition),Charles C Mann,dataset\adjusted_dataset\Science-Geography\0000482.jpg,[],[]
Endurance,Alfred Lansing,dataset\adjusted_dataset\Science-Geography\0000483.jpg,"[[[29, 87], [479, 87], [479, 149], [29, 149]]]","[""endurance""]"
10% Human,Alanna Collen,dataset\adjusted_dataset\Science-Geography\0000484.jpg,[],[]
The Seven Daughters Of Eve,Bryan Sykes,dataset\adjusted_dataset\Science-Geography\0000485.jpg,"[[[32, 8], [481, 8], [481, 313], [32, 313]]]","[""bryan sykes the seven dauchters of eve tmt intryiticnni atctnifr""]"
The Inevitable,Kevin Kelly,dataset\adjusted_dataset\Science-Geography\0000486.jpg,"[[[12, 88], [504, 88], [504, 144], [12, 144]]]","[""inevitable""]"
Merchants of Doubt,Erik M. Conway,dataset\adjusted_dataset\Science-Geography\0000487.jpg,[],[]
'What Do You Care What Other People Think?',Richard P. Feynman,dataset\adjusted_dataset\Science-Geography\0000488.jpg,"[[[236, 244], [502, 244], [502, 329], [236, 329]]]","[""tou cuae what dthel felfle thine?""]"
Mathematics: A Very Short Introduction,Timothy Gowers,dataset\adjusted_dataset\Science-Geography\0000489.jpg,"[[[151, 209], [483, 209], [483, 263], [151, 263]]]","[""mutaematics tttdrtridg""]"
Help Your Kids with Science,Carol Vorderman,dataset\adjusted_dataset\Science-Geography\0000490.jpg,"[[[1, 132], [511, 132], [511, 320], [1, 320]]]","[""help your kids with scence unicue step-bx-step yisual guide""]"
Becoming Animal,David Abram,dataset\adjusted_dataset\Science-Geography\0000491.jpg,"[[[59, 20], [452, 20], [452, 135], [59, 135]]]","[""b ec omtnt anima l 5724a0o""]"
Blockchain Revolution,Don Tapscott,dataset\adjusted_dataset\Science-Geography\0000492.jpg,[],[]
Logicomix,Apostolos Doxiadis,dataset\adjusted_dataset\Science-Geography\0000493.jpg,"[[[16, 12], [499, 12], [499, 128], [16, 128]]]","[""logicomix""]"
Sapiens,Yuval Noah Harari,dataset\adjusted_dataset\Science-Geography\0000494.jpg,[],[]
The Cloud Book,Richard Hamblyn,dataset\adjusted_dataset\Science-Geography\0000495.jpg,"[[[8, 249], [320, 249], [320, 492], [8, 492]]]","[""the cloud pock qunswnmnl""]"
Salt,Mark Kurlansky,dataset\adjusted_dataset\Science-Geography\0000496.jpg,[],[]
Captivate,Vanessa Van Edwards,dataset\adjusted_dataset\Science-Geography\0000497.jpg,[],[]
Ignition!,John Drury Clark,dataset\adjusted_dataset\Science-Geography\0000498.jpg,"[[[118, 122], [391, 122], [391, 251], [118, 251]]]","[""ignitionl anbnzdt jrd tdetie\""""]"
What If?,Randall Munroe,dataset\adjusted_dataset\Science-Geography\0000499.jpg,"[[[30, 215], [491, 215], [491, 323], [30, 323]]]","[""what if?""]"
Pihkal,Alexander T. Shulgin,dataset\adjusted_dataset\Science-Geography\0000500.jpg,[],[]
How to Lie with Statistics,Darrell Huff,dataset\adjusted_dataset\Science-Geography\0000501.jpg,"[[[15, 13], [481, 13], [481, 252], [15, 252]]]","[""hd 'ar lie with stitistics wairrem hutl ubliray ugttne mtl""]"
Coming Back to Life,Joanna R. Macy,dataset\adjusted_dataset\Science-Geography\0000502.jpg,"[[[101, 127], [419, 127], [419, 203], [101, 203]]]","[""comin back to""]"
Atlantic,Simon Winchester,dataset\adjusted_dataset\Science-Geography\0000503.jpg,"[[[81, 70], [440, 70], [440, 207], [81, 207]]]","[""winchester ~lani/c""]"
How To Read Water,Tristan Gooley,dataset\adjusted_dataset\Science-Geography\0000504.jpg,"[[[0, 311], [512, 311], [512, 474], [0, 474]]]","[""how to read water clues ritterhr feo podeles fc the ee""]"
The Cloud Collector's Handbook,Gavin Pretor-Pinney,dataset\adjusted_dataset\Science-Geography\0000505.jpg,"[[[18, 56], [500, 56], [500, 124], [18, 124]]]","[""cloud collbctor 5 handbodr""]"
The Man Who Loved China,Author and Historian Simon Winchester,dataset\adjusted_dataset\Science-Geography\0000506.jpg,"[[[40, 42], [474, 42], [474, 117], [40, 117]]]","[""the man who loyed catna""]"
The Origin Of Species,Charles Darwin,dataset\adjusted_dataset\Science-Geography\0000507.jpg,"[[[40, 340], [474, 340], [474, 389], [40, 389]]]","[""the oricn \"" species ielukml""]"
The Brain's Way of Healing,Norman Doidge,dataset\adjusted_dataset\Science-Geography\0000508.jpg,"[[[63, 342], [455, 342], [455, 482], [63, 482]]]","[""tk brain\""$ way healing""]"
The Upside of Irrationality,Dr Dan Ariely,dataset\adjusted_dataset\Science-Geography\0000509.jpg,"[[[72, 214], [418, 214], [418, 398], [72, 398]]]","[""the upside of irrationality vnpiced rnyyurs wnaii e2m""]"
Mad About Space,Ladybird,dataset\adjusted_dataset\Science-Geography\0000510.jpg,"[[[55, 18], [493, 18], [493, 172], [55, 172]]]","[""mad .bovt  space""]"
The Beginning of Infinity,David Deutsch,dataset\adjusted_dataset\Science-Geography\0000511.jpg,"[[[21, 62], [475, 62], [475, 304], [21, 304]]]","[""david deutsch the beginning of infinity expanatcna hzt transiormn amond""]"
Merchants of Doubt,Naomi Oreskes,dataset\adjusted_dataset\Science-Geography\0000512.jpg,"[[[39, 189], [484, 189], [484, 273], [39, 273]]]","[""doubt""]"
"New And Selected Poems, Volume Two",Mary Oliver,dataset\adjusted_dataset\Science-Geography\0000513.jpg,"[[[52, 192], [460, 192], [460, 356], [52, 356]]]","[""new and selected poems""]"
Cat Sense,John W. S. Bradshaw,dataset\adjusted_dataset\Science-Geography\0000514.jpg,"[[[69, 78], [431, 78], [431, 163], [69, 163]]]","[""bradshaw cat sense""]"
Anatomy and Physiology For Dummies,Erin Odya,dataset\adjusted_dataset\Science-Geography\0000515.jpg,"[[[75, 85], [483, 85], [483, 241], [75, 241]]]","[""anatomy & physiology dummies""]"
"Animal, Vegetable, Miracle",Barbara Kingsolver,dataset\adjusted_dataset\Science-Geography\0000516.jpg,"[[[25, 201], [494, 201], [494, 478], [25, 478]]]","[""barbara kingsolver animal vegetable, miracle""]"
Quantum,Manjit Kumar,dataset\adjusted_dataset\Science-Geography\0000517.jpg,[],[]
Python Data Science Handbook,Jake Vanderplas,dataset\adjusted_dataset\Science-Geography\0000518.jpg,"[[[45, 215], [440, 215], [440, 401], [45, 401]]]","[""python data science handbook fiaana""]"
Edexcel AS and A level Mathematics Pure Mathematics Year 1/AS Textbook + e-book,,dataset\adjusted_dataset\Science-Geography\0000519.jpg,[],[]
Forces of Nature,Brian Cox,dataset\adjusted_dataset\Science-Geography\0000520.jpg,"[[[67, 163], [432, 163], [432, 331], [67, 331]]]","[""forces df nature doeaon brian cox ei comnt""]"
Six Not-So-Easy Pieces,Richard P. Feynman,dataset\adjusted_dataset\Science-Geography\0000521.jpg,"[[[21, 284], [499, 284], [499, 477], [21, 477]]]","[""feynman six not-so-easy picecs j rtrnimu""]"
The Autistic Brain,Temple Grandin,dataset\adjusted_dataset\Science-Geography\0000522.jpg,"[[[20, 232], [496, 232], [496, 284], [20, 284]]]","[""au tistic""]"
The Accidental Billionaires,Ben Mezrich,dataset\adjusted_dataset\Science-Geography\0000523.jpg,"[[[37, 186], [470, 186], [470, 265], [37, 265]]]","[""celoettal 0 i litaaires""]"
An African Love Story,Dame Daphne Sheldrick,dataset\adjusted_dataset\Science-Geography\0000524.jpg,[],[]
Climate Justice,Mary Robinson,dataset\adjusted_dataset\Science-Geography\0000525.jpg,"[[[25, 193], [477, 193], [477, 322], [25, 322]]]","[""climate justice""]"
Novacene,James Lovelock,dataset\adjusted_dataset\Science-Geography\0000526.jpg,"[[[272, 64], [476, 64], [476, 96], [272, 96]]]","[""ncvacene""]"
Nine Pints,Rose George,dataset\adjusted_dataset\Science-Geography\0000527.jpg,"[[[91, 127], [424, 127], [424, 184], [91, 184]]]","[""nine pints""]"
"Salt, Sugar, Fat",Michael Moss,dataset\adjusted_dataset\Science-Geography\0000528.jpg,"[[[52, 84], [460, 84], [460, 402], [52, 402]]]","[""salt sugar fat #houths foogeits 7ocggn7s""]"
Basic Physics,Karl F. Kuhn,dataset\adjusted_dataset\Science-Geography\0000529.jpg,"[[[42, 22], [477, 22], [477, 259], [42, 259]]]","[""dizinui basic physics sflf-teacang guide""]"
Organic Mushroom Farming and Mycoremediation,Tradd Cotter,dataset\adjusted_dataset\Science-Geography\0000530.jpg,"[[[38, 128], [476, 128], [476, 199], [38, 199]]]","[""organic mushroon farming and mycotemediation""]"
The Horse Anatomy Workbook,Maggie Raynor,dataset\adjusted_dataset\Science-Geography\0000531.jpg,"[[[0, 0], [382, 0], [382, 138], [0, 138]]]","[""i6 hcky anaiomi workrook me enei""]"
Voices from Chernobyl,Svetlana Alexievich,dataset\adjusted_dataset\Science-Geography\0000532.jpg,"[[[4, 135], [501, 135], [501, 208], [4, 208]]]","[""voices fron chernobyl {urant uevemici""]"
The Language Of God: A Scientist Presents Evidence For Belief,Collins,dataset\adjusted_dataset\Science-Geography\0000533.jpg,[],[]
The World Without Us,Alan Weisman,dataset\adjusted_dataset\Science-Geography\0000534.jpg,"[[[24, 12], [504, 12], [504, 416], [24, 416]]]","[""wgiid witlhout us nan wyelsmtan""]"
Botany for Gardeners,Brian Capon,dataset\adjusted_dataset\Science-Geography\0000535.jpg,"[[[16, 212], [496, 212], [496, 288], [16, 288]]]","[""botany for gardeners third edition brian catin""]"
Solve For Happy,Mo Gawdat,dataset\adjusted_dataset\Science-Geography\0000536.jpg,"[[[42, 0], [455, 0], [455, 220], [42, 220]]]","[""solve for aa f happy""]"
The Death of Expertise,Tom Nichols,dataset\adjusted_dataset\Science-Geography\0000537.jpg,"[[[32, 76], [495, 76], [495, 185], [32, 185]]]","[""the death of expertise""]"
Yoga Mat Companion 1: Vinyasa Flow & Standing Poses,Ray Long,dataset\adjusted_dataset\Science-Geography\0000538.jpg,"[[[33, 311], [481, 311], [481, 421], [33, 421]]]","[""vinyasa flow standing poses""]"
The Science Book,DK,dataset\adjusted_dataset\Science-Geography\0000539.jpg,"[[[120, 216], [398, 216], [398, 316], [120, 316]]]","[""scienc ibookt""]"
Edexcel AS and A Level Modular Mathematics Core Mathematics 2 C2,Keith Pledger,dataset\adjusted_dataset\Science-Geography\0000540.jpg,"[[[19, 370], [350, 370], [350, 509], [19, 509]]]","[""edercelasandx level modular mathematics c2""]"
The Origin of Consciousness in the Breakdown of the Bicameral Mind,Julian Jaynes,dataset\adjusted_dataset\Science-Geography\0000541.jpg,"[[[0, 155], [512, 155], [512, 336], [0, 336]]]","[""taf o4c 01 consciolsress ln the brea dovxoi tthe rmc ameramind""]"
Physics for the IB Diploma Coursebook,K. A. Tsokos,dataset\adjusted_dataset\Science-Geography\0000542.jpg,"[[[23, 85], [263, 85], [263, 214], [23, 214]]]","[""physics tor hz ib mpkma sathedtcon""]"
River Out of Eden,Richard Dawkins,dataset\adjusted_dataset\Science-Geography\0000543.jpg,"[[[73, 40], [441, 40], [441, 415], [73, 415]]]","[""nickako daukins riuer outof eden""]"
A Brief History of Science,Thomas Crump,dataset\adjusted_dataset\Science-Geography\0000544.jpg,[],[]
The Vegetarian Myth,Lierre Keith,dataset\adjusted_dataset\Science-Geography\0000545.jpg,"[[[73, 297], [442, 297], [442, 498], [73, 498]]]","[""thevegetarian myth iktt uin liette keith""]"
"The Feynman Lectures on Physics, Vol. I",Richard P. Feynman,dataset\adjusted_dataset\Science-Geography\0000546.jpg,[],[]
The Second Brain,Michael Gershon,dataset\adjusted_dataset\Science-Geography\0000547.jpg,[],[]
The River of Consciousness,Oliver Sacks,dataset\adjusted_dataset\Science-Geography\0000548.jpg,"[[[27, 335], [485, 335], [485, 371], [27, 371]]]","[""conscousness""]"
The Hidden Reality,Brian Greene,dataset\adjusted_dataset\Science-Geography\0000549.jpg,"[[[33, 287], [483, 287], [483, 373], [33, 373]]]","[""t h e htdte n k emmtt y""]"
Pattern Recognition and Machine Learning,Christopher M. Bishop,dataset\adjusted_dataset\Science-Geography\0000550.jpg,"[[[41, 39], [475, 39], [475, 153], [41, 153]]]","[""pattern recognition and machine learning christopher m. bishop""]"
Bad Science,Ben Goldacre,dataset\adjusted_dataset\Science-Geography\0000551.jpg,[],[]
Speculations on the Evolution of Human Intelligence,Carl Sagan,dataset\adjusted_dataset\Science-Geography\0000552.jpg,[],[]
Oxford IB Diploma Programme: Mathematics Standard Level Course Companion,Paul La Rondie,dataset\adjusted_dataset\Science-Geography\0000553.jpg,"[[[69, 267], [483, 267], [483, 367], [69, 367]]]","[""mathematics standard level""]"
The Disappearing Spoon...and other true tales from the Periodic Table,Sam Kean,dataset\adjusted_dataset\Science-Geography\0000554.jpg,[],[]
Calculations in AS/A Level Chemistry,Jim Clark,dataset\adjusted_dataset\Science-Geography\0000555.jpg,"[[[33, 22], [489, 22], [489, 135], [33, 135]]]","[""rztctan 45/4 ike| chemistry""]"
How Long is Now?,New Scientist,dataset\adjusted_dataset\Science-Geography\0000556.jpg,"[[[19, 102], [480, 102], [480, 260], [19, 260]]]","[""how long is now 2""]"
Midnight in Chernobyl,Adam Higginbotham,dataset\adjusted_dataset\Science-Geography\0000557.jpg,"[[[11, 147], [512, 147], [512, 384], [11, 384]]]","[""midnight 1n chernobyl""]"
The Lost World of Genesis One,Dr John H Walton,dataset\adjusted_dataset\Science-Geography\0000558.jpg,"[[[79, 97], [437, 97], [437, 348], [79, 348]]]","[""lost world of genesis onf""]"
Big Questions from Little People...,Gemma Elwin Harris,dataset\adjusted_dataset\Science-Geography\0000559.jpg,"[[[48, 146], [471, 146], [471, 424], [48, 424]]]","[""questions little people 844 \""iapi 3#gr078 / a great minds""]"
The Big Fat Surprise,Nina Teicholz,dataset\adjusted_dataset\Science-Geography\0000560.jpg,"[[[108, 288], [393, 288], [393, 487], [108, 487]]]","[""tae bic f2 t surprise lidun iaad anena afa dm nna-fichol""]"
Triumph of the City,Edward Glaeser,dataset\adjusted_dataset\Science-Geography\0000561.jpg,[],[]
Parallel Worlds,Michio Kaku,dataset\adjusted_dataset\Science-Geography\0000562.jpg,"[[[0, 31], [512, 31], [512, 349], [0, 349]]]","[""kaku parallel worlds thesciftfef tnkturtkl wtenkr""]"
The Salt Path,Raynor Winn,dataset\adjusted_dataset\Science-Geography\0000563.jpg,"[[[40, 310], [230, 310], [230, 408], [40, 408]]]","[""sat path""]"
Stealing Fire,Steven Kotler,dataset\adjusted_dataset\Science-Geography\0000564.jpg,"[[[55, 111], [453, 111], [453, 199], [55, 199]]]","[""steacing fire""]"
Stuff Matters,Mark Miodownik,dataset\adjusted_dataset\Science-Geography\0000565.jpg,"[[[17, 147], [495, 147], [495, 211], [17, 211]]]","[""stuff matters""]"
Sacred Economics,Charles Eisenstein,dataset\adjusted_dataset\Science-Geography\0000566.jpg,"[[[39, 137], [371, 137], [371, 295], [39, 295]]]","[""sacred economics cmarles eisenslein""]"
How To Do Nothing,Jenny Odell,dataset\adjusted_dataset\Science-Geography\0000567.jpg,"[[[46, 55], [368, 55], [368, 176], [46, 176]]]","[""how to nothin""]"
The Cay,Theodore Taylor,dataset\adjusted_dataset\Science-Geography\0000568.jpg,"[[[25, 75], [441, 75], [441, 235], [25, 235]]]","[""thelay""]"
Desert Solitaire,Edward Abbey,dataset\adjusted_dataset\Science-Geography\0000569.jpg,"[[[102, 281], [403, 281], [403, 372], [102, 372]]]","[""dfseet sulitie vrun jrns wltd""]"
Love Sense,Dr Sue Johnson,dataset\adjusted_dataset\Science-Geography\0000570.jpg,[],[]
Edexcel AS and A Level Modular Mathematics Statistics 1 S1,Greg Attwood,dataset\adjusted_dataset\Science-Geography\0000571.jpg,"[[[24, 370], [356, 370], [356, 502], [24, 502]]]","[""edrxcra5and4 lrvel modular mathemutics 51""]"
Beetle Boy,M. G. Leonard,dataset\adjusted_dataset\Science-Geography\0000572.jpg,"[[[59, 38], [469, 38], [469, 251], [59, 251]]]","[""b exe bey""]"
The Moral Landscape,Sam Harris,dataset\adjusted_dataset\Science-Geography\0000573.jpg,[],[]
Plant Intelligence and the Imaginal Realm,Stephen Harrod Buhner,dataset\adjusted_dataset\Science-Geography\0000574.jpg,"[[[14, 73], [495, 73], [495, 182], [14, 182]]]","[""intelligence anlj wui imaginalrealm""]"
Sapiens,Yuval Noah Harari,dataset\adjusted_dataset\Science-Geography\0000575.jpg,"[[[57, 166], [459, 166], [459, 330], [57, 330]]]","[""sapiens dcanimnales dioscs""]"
The Second Machine Age,Erik Brynjolfsson,dataset\adjusted_dataset\Science-Geography\0000576.jpg,"[[[12, 157], [389, 157], [389, 353], [12, 353]]]","[""tae second macaine age feaklz? tl fkda jhc 0l7id> eri ertemlit wuonitiiri""]"
Reef Fish Identification,Paul Humann,dataset\adjusted_dataset\Science-Geography\0000577.jpg,"[[[119, 43], [391, 43], [391, 174], [119, 174]]]","[""reef fish mdenilt :i,""]"
Spontaneous Evolution: Our Positive Future and a Way to Get There From Here,Bruce Lipton,dataset\adjusted_dataset\Science-Geography\0000578.jpg,[],[]
What's Math Got to Do with It?,Jo Boaler,dataset\adjusted_dataset\Science-Geography\0000579.jpg,"[[[48, 23], [466, 23], [466, 301], [48, 301]]]","[""whats math do boaler cot to do""]"
An Unsung Hero,Michael Smith,dataset\adjusted_dataset\Science-Geography\0000580.jpg,"[[[17, 405], [494, 405], [494, 441], [17, 441]]]","[""an unsuno hetd""]"
Edexcel AS and A level Mathematics Statistics & Mechanics Year 1/AS Textbook + e-book,Greg Attwood,dataset\adjusted_dataset\Science-Geography\0000581.jpg,[],[]
TouchThinkLearn: Numbers,Xavier Deneux,dataset\adjusted_dataset\Science-Geography\0000582.jpg,"[[[0, 0], [330, 0], [330, 66], [0, 66]]]","[""numbers""]"
"Make: Electronics, 2e",Charles Platt,dataset\adjusted_dataset\Science-Geography\0000583.jpg,"[[[14, 38], [349, 38], [349, 179], [14, 179]]]","[""make: electronics sacond editinn iurt flntt""]"
The Power of When,Dr. Michael Breus,dataset\adjusted_dataset\Science-Geography\0000584.jpg,"[[[24, 68], [480, 68], [480, 252], [24, 252]]]","[""thf power of when""]"
A Sand County Almanac,Aldo Leopold,dataset\adjusted_dataset\Science-Geography\0000585.jpg,"[[[21, 7], [493, 7], [493, 146], [21, 146]]]","[""sind councy 4lninic mtt jic mur t; \""lno lecrtie""]"
Trail Guide to the Body Workbook,Andrew Biel,dataset\adjusted_dataset\Science-Geography\0000586.jpg,"[[[71, 7], [491, 7], [491, 156], [71, 156]]]","[""suuk wozhools1 eciticg trail guide to the body""]"
Great Maps,Jerry Brotton,dataset\adjusted_dataset\Science-Geography\0000587.jpg,"[[[25, 112], [500, 112], [500, 203], [25, 203]]]","[""creatmaps hz 93""]"
The Teenage Brain,Frances E. Jensen,dataset\adjusted_dataset\Science-Geography\0000588.jpg,[],[]
Gathering Moss,Robin Wall Kimmerer,dataset\adjusted_dataset\Science-Geography\0000589.jpg,"[[[14, 296], [192, 296], [192, 320], [14, 320]]]","[""githcr""]"
Ten Arguments For Deleting Your Social Media Accounts Right Now,Jaron Lanier,dataset\adjusted_dataset\Science-Geography\0000590.jpg,,
Prisoners of Geography,Tim Marshall,dataset\adjusted_dataset\Science-Geography\0000591.jpg,"[[[104, 150], [490, 150], [490, 259], [104, 259]]]","[""prisoners cf geografhy c hov""]"
The Honest Life,Jessica Alba,dataset\adjusted_dataset\Science-Geography\0000592.jpg,"[[[8, 28], [322, 28], [322, 235], [8, 235]]]","[""jus\""~ thtie honest life""]"
The Ancestor's Tale,Richard Dawkins,dataset\adjusted_dataset\Science-Geography\0000593.jpg,"[[[94, 191], [435, 191], [435, 341], [94, 341]]]","[""thc ancestors tale""]"
The Third Chimpanzee,Jared M Diamond,dataset\adjusted_dataset\Science-Geography\0000594.jpg,"[[[94, 294], [420, 294], [420, 373], [94, 373]]]","[""the third""]"
Quadrivium,Miranda Lundy,dataset\adjusted_dataset\Science-Geography\0000595.jpg,[],[]
Practical Statistics for Data Scientists,Peter Bruce,dataset\adjusted_dataset\Science-Geography\0000596.jpg,"[[[42, 52], [467, 52], [467, 241], [42, 241]]]","[""practical statistics for data scientists""]"
Touchthinklearn: Shapes,Xavier Deneux,dataset\adjusted_dataset\Science-Geography\0000597.jpg,[],[]
Fingers in the Sparkle Jar,Chris Packham,dataset\adjusted_dataset\Science-Geography\0000598.jpg,"[[[152, 108], [484, 108], [484, 428], [152, 428]]]","[""chiis paciham fingers mntiie gphrhle jar neadin""]"
The Resilient Farm and Homestead,Ben Falk,dataset\adjusted_dataset\Science-Geography\0000599.jpg,"[[[14, 108], [500, 108], [500, 136], [14, 136]]]","[""the reslllent fam and homestead""]"
Field Guide to Mammals of Australia,Peter Menkhorst,dataset\adjusted_dataset\Science-Geography\0000600.jpg,"[[[29, 39], [496, 39], [496, 199], [29, 199]]]","[""4 field guide jo mammals of australia hvd""]"
The Pocket Atlas Of The Moving Body,Mel Cash,dataset\adjusted_dataset\Science-Geography\0000601.jpg,"[[[280, 16], [512, 16], [512, 295], [280, 295]]]","[""pocket atlas of the moving body""]"
Trick or Treatment?,Dr. Simon Singh,dataset\adjusted_dataset\Science-Geography\0000602.jpg,[],[]
Atomic,Jim Baggott,dataset\adjusted_dataset\Science-Geography\0000603.jpg,[],[]
Zero Degrees of Empathy,Simon Baron-Cohen,dataset\adjusted_dataset\Science-Geography\0000604.jpg,"[[[24, 12], [457, 12], [457, 232], [24, 232]]]","[""simon baron-cohen zero degrees of empathy""]"
Drugs Without the Hot Air,David Nutt,dataset\adjusted_dataset\Science-Geography\0000605.jpg,"[[[25, 190], [479, 190], [479, 337], [25, 337]]]","[""dalid nutt drugs withoutthe ctar""]"
Planet Earth II,Stephen Moss,dataset\adjusted_dataset\Science-Geography\0000606.jpg,"[[[46, 48], [466, 48], [466, 80], [46, 80]]]","[""planet errtai""]"
Calculus,Michael Spivak,dataset\adjusted_dataset\Science-Geography\0000607.jpg,"[[[56, 112], [497, 112], [497, 222], [56, 222]]]","[""calculus third edition""]"
The Book of Hygge,Louisa Thomsen Brits,dataset\adjusted_dataset\Science-Geography\0000608.jpg,[],[]
My Stroke of Insight,Jill Bolte Taylor,dataset\adjusted_dataset\Science-Geography\0000609.jpg,[],[]
Human Universe,Brian Cox,dataset\adjusted_dataset\Science-Geography\0000610.jpg,"[[[41, 254], [446, 254], [446, 482], [41, 482]]]","[""prorxor briancc anukrcolex human universe""]"
The Quantum and the Lotus,Professor of Astronomy Trinh Xuan Thuan,dataset\adjusted_dataset\Science-Geography\0000611.jpg,"[[[3, 152], [512, 152], [512, 301], [3, 301]]]","[""lantum 4d |46 1 0 ] u s""]"
Introduction to Mathematical Thinking,Professor Keith Devlin,dataset\adjusted_dataset\Science-Geography\0000612.jpg,"[[[25, 119], [490, 119], [490, 317], [25, 317]]]","[""introduction to mathakatical""]"
Soap Crafting,Anne-marie Faiola,dataset\adjusted_dataset\Science-Geography\0000613.jpg,"[[[74, 148], [467, 148], [467, 317], [74, 317]]]","[""soafting""]"
Down to Earth,Rhonda Hetzel,dataset\adjusted_dataset\Science-Geography\0000614.jpg,"[[[114, 96], [385, 96], [385, 303], [114, 303]]]","[""dow n to earth jo \""pleelra""]"
From Bacteria to Bach and Back,Daniel C. Dennett,dataset\adjusted_dataset\Science-Geography\0000615.jpg,"[[[15, 300], [490, 300], [490, 456], [15, 456]]]","[""from bacteria to bach and bac d daniel c deanett""]"
Yoga Mat Companion 2: Hip Openers & Forward Bends,Ray Long,dataset\adjusted_dataset\Science-Geography\0000616.jpg,"[[[13, 309], [455, 309], [455, 421], [13, 421]]]","[""hip @peners forwvard benids""]"
Can You Solve My Problems?,Alex Bellos,dataset\adjusted_dataset\Science-Geography\0000617.jpg,"[[[9, 35], [484, 35], [484, 284], [9, 284]]]","[""can yov solve wt problems cigeocor 0 neenots aetpuetine 00 ic1uit s[nfring pilzi""]"
Sustainable Energy - without the hot air,David J. C. MacKay,dataset\adjusted_dataset\Science-Geography\0000618.jpg,"[[[16, 320], [491, 320], [491, 417], [16, 417]]]","[""sustainable energy- without the hot air""]"
Introducing Particle Physics,Tom Whyntie,dataset\adjusted_dataset\Science-Geography\0000619.jpg,"[[[28, 69], [491, 69], [491, 322], [28, 322]]]","[""particlf physics graphic cuide""]"
Thank You for Being Late,Thomas L. Friedman,dataset\adjusted_dataset\Science-Geography\0000620.jpg,"[[[46, 70], [467, 70], [467, 228], [46, 228]]]","[""thank tou for being late""]"
Why I Wake Early,Mary Oliver,dataset\adjusted_dataset\Science-Geography\0000621.jpg,"[[[102, 15], [413, 15], [413, 192], [102, 192]]]","[""w h4 y wa k e e a r l y""]"
Erebus: The Story of a Ship,Michael Palin,dataset\adjusted_dataset\Science-Geography\0000622.jpg,"[[[31, 379], [489, 379], [489, 484], [31, 484]]]","[""erebus t4 4t0 rt 0 6 4 44p""]"
Lehninger Principles of Biochemistry,David L. Nelson,dataset\adjusted_dataset\Science-Geography\0000623.jpg,"[[[42, 42], [450, 42], [450, 160], [42, 160]]]","[""lehnlnger principles of biochemistry""]"
"Project X Origins: Purple Book Band, Oxford Level 8: Water: A Wild Ride",Tony Bradman,dataset\adjusted_dataset\Science-Geography\0000624.jpg,[],[]
The (Mis)Behaviour of Markets,Benoit B. Mandelbrot,dataset\adjusted_dataset\Science-Geography\0000625.jpg,"[[[48, 88], [480, 88], [480, 244], [48, 244]]]","[""(mis)behaviour of markets waurit""]"
The Science of Spice,Dr. Stuart Farrimond,dataset\adjusted_dataset\Science-Geography\0000626.jpg,[],[]
Biochemistry For Dummies,John T. Moore,dataset\adjusted_dataset\Science-Geography\0000627.jpg,"[[[17, 77], [468, 77], [468, 326], [17, 326]]]","[""biochemistry dummies lqui jbour""]"
How the Mind Works,Steven Pinker,dataset\adjusted_dataset\Science-Geography\0000628.jpg,"[[[0, 1], [436, 1], [436, 430], [0, 430]]]","[""natijnil bestseller steven pinker how the mind works""]"
The Storytelling Animal,Instructor Jonathan Gottschall,dataset\adjusted_dataset\Science-Geography\0000629.jpg,"[[[51, 53], [463, 53], [463, 91], [51, 91]]]","[""stoattelling gnima""]"
Optimism Over Despair,Noam Chomsky,dataset\adjusted_dataset\Science-Geography\0000630.jpg,"[[[19, 54], [493, 54], [493, 192], [19, 192]]]","[""optimism over despair noom chanaky""]"
"Good Night, Teddy",Francesca Ferri,dataset\adjusted_dataset\Science-Geography\0000631.jpg,"[[[95, 34], [424, 34], [424, 176], [95, 176]]]","[""good night 8""]"
"Project X Origins: Purple Book Band, Oxford Level 8: Water: Don't Look Down",Tony Bradman,dataset\adjusted_dataset\Science-Geography\0000632.jpg,[],[]
Meeting the Universe Halfway,Karen Barad,dataset\adjusted_dataset\Science-Geography\0000633.jpg,"[[[22, 46], [500, 46], [500, 100], [22, 100]]]","[""meeting thc untuerscnalfuau""]"
The Coding Manual for Qualitative Researchers,Johnny Saldana,dataset\adjusted_dataset\Science-Geography\0000634.jpg,"[[[22, 78], [491, 78], [491, 349], [22, 349]]]","[""cbdling manugl for qualitative resedrchers""]"
The Making of the Atomic Bomb,Richard Rhodes,dataset\adjusted_dataset\Science-Geography\0000635.jpg,"[[[11, 23], [472, 23], [472, 459], [11, 459]]]","[""the maktng of the atomic bemb richakd rhodes""]"
Hello World,Hannah Fry,dataset\adjusted_dataset\Science-Geography\0000636.jpg,[],[]
Everyone Poops,Taro Gomi,dataset\adjusted_dataset\Science-Geography\0000637.jpg,"[[[129, 0], [462, 0], [462, 122], [129, 122]]]","[""everyone poops bv\"" taro gom]""]"
The Information,James Gleick,dataset\adjusted_dataset\Science-Geography\0000638.jpg,[],[]
Overview,Benjamin Grant,dataset\adjusted_dataset\Science-Geography\0000639.jpg,"[[[112, 63], [407, 63], [407, 124], [112, 124]]]","[""overview""]"
The Industries of the Future,Alec Ross,dataset\adjusted_dataset\Science-Geography\0000640.jpg,"[[[99, 194], [466, 194], [466, 349], [99, 349]]]","[""h e industries t e future""]"
Honeybee Democracy,Thomas D. Seeley,dataset\adjusted_dataset\Science-Geography\0000641.jpg,"[[[26, 137], [441, 137], [441, 283], [26, 283]]]","[""honfybee democracy thdnns 0 seeify""]"
Climate Change Delusion and the Great Electricity Ripoff,Ian Plimer,dataset\adjusted_dataset\Science-Geography\0000642.jpg,"[[[51, 136], [469, 136], [469, 342], [51, 342]]]","[""the timate change delusion andthe great electricity ripoff""]"
There Is No Planet B,Mike Berners-Lee,dataset\adjusted_dataset\Science-Geography\0000643.jpg,"[[[63, 247], [460, 247], [460, 413], [63, 413]]]","[""there 15 no planet b""]"
Cradle to Cradle,William McDonough,dataset\adjusted_dataset\Science-Geography\0000644.jpg,"[[[74, 184], [450, 184], [450, 327], [74, 327]]]","[""ragle rleizd""]"
The Theoretical Minimum,George Hrabovsky,dataset\adjusted_dataset\Science-Geography\0000645.jpg,[],[]
Deep Medicine,Eric Topol,dataset\adjusted_dataset\Science-Geography\0000646.jpg,"[[[29, 141], [489, 141], [489, 309], [29, 309]]]","[""medicine jtnr latlll da\"" ma""]"
Zero Waste Home,Bea Johnson,dataset\adjusted_dataset\Science-Geography\0000647.jpg,"[[[295, 34], [490, 34], [490, 278], [295, 278]]]","[""zero waste home""]"
Lifespan,David Sinclair,dataset\adjusted_dataset\Science-Geography\0000648.jpg,[],[]
Piano Time 2,Pauline Hall,dataset\adjusted_dataset\Science-Geography\0000649.jpg,"[[[-19, -2], [477, -2], [477, 207], [-19, 207]]]","[""&+an-o timk 2""]"
Against Empathy,Paul Bloom,dataset\adjusted_dataset\Science-Geography\0000650.jpg,"[[[83, 47], [433, 47], [433, 321], [83, 321]]]","[""~ a gainst gox empatay""]"
Who Was Charles Darwin?,Deborah Hopkinson,dataset\adjusted_dataset\Science-Geography\0000651.jpg,"[[[22, 41], [488, 41], [488, 92], [22, 92]]]","[""charles darwin?""]"
In Praise of Walking,Shane O'Mara,dataset\adjusted_dataset\Science-Geography\0000652.jpg,"[[[65, 175], [312, 175], [312, 225], [65, 225]]]","[""praise""]"
Reading in the Brain,Stanislas Dehaene,dataset\adjusted_dataset\Science-Geography\0000653.jpg,"[[[60, 30], [455, 30], [455, 117], [60, 117]]]","[""reading tn the bratn""]"
If Women Rose Rooted,Sharon Blackie,dataset\adjusted_dataset\Science-Geography\0000654.jpg,"[[[47, 172], [424, 172], [424, 373], [47, 373]]]","[""women rose rooted flnc""]"
Algorithms to Live by,Brian Christian,dataset\adjusted_dataset\Science-Geography\0000655.jpg,"[[[25, 0], [489, 0], [489, 132], [25, 132]]]","[""algorithms to live by""]"
Limitless Mind,Jo Boaler,dataset\adjusted_dataset\Science-Geography\0000656.jpg,[],[]
Moonwalking with Einstein,Joshua Foer,dataset\adjusted_dataset\Science-Geography\0000657.jpg,"[[[65, 277], [349, 277], [349, 321], [65, 321]]]","[""einstein""]"
The Grain Brain Whole Life Plan,David Perlmutter,dataset\adjusted_dataset\Science-Geography\0000658.jpg,"[[[32, 123], [482, 123], [482, 489], [32, 489]]]","[""grain brain whol lfe pcam jzm eime jaty di itad feramltt ela y7 lneem""]"
Oxford IB Diploma Programme: Physics Course Companion,Michael Bowen-Jones,dataset\adjusted_dataset\Science-Geography\0000659.jpg,[],[]
A Beginner's Guide to Constructing the Universe,Michael S. Schneider,dataset\adjusted_dataset\Science-Geography\0000660.jpg,"[[[11, 36], [511, 36], [511, 496], [11, 496]]]","[""heginners guide tu lonstucting te universe tiil mhlhesilel hechetytes of mat iire ari abd scieyee p voyage from tp michhel $ schhehder""]"
Life Ascending,Nick Lane,dataset\adjusted_dataset\Science-Geography\0000661.jpg,"[[[28, 31], [487, 31], [487, 67], [28, 67]]]","[""lite ascending""]"
The Good Gut,Justin Sonnenburg,dataset\adjusted_dataset\Science-Geography\0000662.jpg,[],[]
A Brief History of Time,Stephen Hawking,dataset\adjusted_dataset\Science-Geography\0000663.jpg,"[[[39, 40], [468, 40], [468, 155], [39, 155]]]","[""1  1i lu >t] >l10 briet history ot time""]"
Rewording the Brain,David Astle,dataset\adjusted_dataset\Science-Geography\0000664.jpg,"[[[28, 343], [482, 343], [482, 406], [28, 406]]]","[""r ewlo r din g tiae braln""]"
The Unabomber Manifesto,The Unabomber,dataset\adjusted_dataset\Science-Geography\0000665.jpg,[],[]
Prisoners of Geography,Tim Marshall,dataset\adjusted_dataset\Science-Geography\0000666.jpg,"[[[104, 100], [406, 100], [406, 325], [104, 325]]]","[""prisoners #f geography ten mep' tho' ezploln esotrebinm 46out 'ho vorid""]"
What Is Mathematics?,Richard Courant,dataset\adjusted_dataset\Science-Geography\0000667.jpg,"[[[10, 55], [512, 55], [512, 343], [10, 343]]]","[""what is %j mathematics? rn 5 eeteataeiaeea #fnrttr 1 28 $ nenr end heahoda 1 0""]"
Thus Spoke the Plant,Monica Gagliano,dataset\adjusted_dataset\Science-Geography\0000668.jpg,"[[[52, 79], [468, 79], [468, 314], [52, 314]]]","[""spoke the peant""]"
A Brief History of Time: 10th Anniversary Ed,Stephen Hawking,dataset\adjusted_dataset\Science-Geography\0000669.jpg,"[[[147, 325], [499, 325], [499, 507], [147, 507]]]","[""a brief history of time""]"
Chernobyl 01:23:40,Andrew Leatherbarrow,dataset\adjusted_dataset\Science-Geography\0000670.jpg,"[[[74, 49], [436, 49], [436, 215], [74, 215]]]","[""chernobyl 01.23.40 ttriiltiddr jat""]"
Philosophy of Science: Very Short Introduction,Samir Okasha,dataset\adjusted_dataset\Science-Geography\0000671.jpg,"[[[188, 188], [484, 188], [484, 250], [188, 250]]]","[""pailosopay df science""]"
Photograph 51,Anna Ziegler,dataset\adjusted_dataset\Science-Geography\0000672.jpg,"[[[27, 355], [489, 355], [489, 442], [27, 442]]]","[""photograph 51 jnrlat trauu neikt""]"
The Gendered Brain,Gina Rippon,dataset\adjusted_dataset\Science-Geography\0000673.jpg,"[[[42, 74], [470, 74], [470, 329], [42, 329]]]","[""the gendered brain tke iha eh""]"
Start Something That Matters,Blake Mycoskie,dataset\adjusted_dataset\Science-Geography\0000674.jpg,"[[[36, 13], [475, 13], [475, 344], [36, 344]]]","[""ef start something tht matters blake toms mroovki""]"
Too Big to Fail,Andrew Ross Sorkin,dataset\adjusted_dataset\Science-Geography\0000675.jpg,"[[[173, 103], [512, 103], [512, 512], [173, 512]]]","[""too blig fal""]"
Down to Earth,Bruno Latour,dataset\adjusted_dataset\Science-Geography\0000676.jpg,"[[[31, 415], [480, 415], [480, 494], [31, 494]]]","[""down to earth mrehm""]"
The Fourth Industrial Revolution,Klaus Schwab,dataset\adjusted_dataset\Science-Geography\0000677.jpg,"[[[20, 15], [463, 15], [463, 477], [20, 477]]]","[""the fourth industrial revolution klaus schwab fzandga5 doruilocntmt yakc eunatec ferw""]"
Oxford IB Diploma Programme: Chemistry Course Companion,Sergey Bylikin,dataset\adjusted_dataset\Science-Geography\0000678.jpg,[],[]
"The Brain's Way of Healing: Remarkable discoveries and recoveries from the frontiers of neuroplasticity,",Norman Doidge,dataset\adjusted_dataset\Science-Geography\0000679.jpg,[],[]
My Family and Other Animals,Gerald Durrell,dataset\adjusted_dataset\Science-Geography\0000680.jpg,"[[[115, 86], [395, 86], [395, 173], [115, 173]]]","[""nlv fimil; una ofcr aunilz 0 7 cilo ae m""]"
The Death and Life of Great American Cities,Jane Jacobs,dataset\adjusted_dataset\Science-Geography\0000681.jpg,"[[[59, 111], [455, 111], [455, 362], [59, 362]]]","[""death ad life of great american cities""]"
The Pleasure of Finding Things Out,Richard P. Feynman,dataset\adjusted_dataset\Science-Geography\0000682.jpg,"[[[19, 39], [499, 39], [499, 119], [19, 119]]]","[""the fleasure of fihdimg things wt""]"
A Short History of Nearly Everything,Bill Bryson,dataset\adjusted_dataset\Science-Geography\0000683.jpg,"[[[33, 13], [483, 13], [483, 233], [33, 233]]]","[""bill bryson short history %f nearly fvcrything""]"
Solve For Happy,Mo Gawdat,dataset\adjusted_dataset\Science-Geography\0000684.jpg,"[[[1, 49], [501, 49], [501, 402], [1, 402]]]","[""solve for happy path tojoy engineeryour""]"
The Talent Code,Daniel Coyle,dataset\adjusted_dataset\Science-Geography\0000685.jpg,"[[[179, 311], [335, 311], [335, 353], [179, 353]]]","[""code""]"
Shackleton's Boat Journey,Frank Arthur Worsley,dataset\adjusted_dataset\Science-Geography\0000686.jpg,"[[[33, 299], [477, 299], [477, 418], [33, 418]]]","[""shackletons boat jour ey t yorsley""]"
The Logic of Scientific Discovery,Sir Karl Popper,dataset\adjusted_dataset\Science-Geography\0000687.jpg,"[[[27, 193], [479, 193], [479, 342], [27, 342]]]","[""pepper tno loalc 2 s0 uic diczcvorg""]"
The Great Irish Weather Book,Joanna Donnelly,dataset\adjusted_dataset\Science-Geography\0000688.jpg,"[[[77, 241], [424, 241], [424, 352], [77, 352]]]","[""weather bvok""]"
Sacred Geometry,Robert Lawlor,dataset\adjusted_dataset\Science-Geography\0000689.jpg,"[[[27, 204], [474, 204], [474, 297], [27, 297]]]","[""sacred geometry eesenks & sreze""]"
Maths for Mums and Dads,Rob Eastaway,dataset\adjusted_dataset\Science-Geography\0000690.jpg,[],[]
Introduction to Topology,Bert Mendelson,dataset\adjusted_dataset\Science-Geography\0000691.jpg,"[[[31, 199], [473, 199], [473, 314], [31, 314]]]","[""introductionto topology thirdeoutkin""]"
Wave,Sonali Deraniyagala,dataset\adjusted_dataset\Science-Geography\0000692.jpg,"[[[172, 190], [342, 190], [342, 222], [172, 222]]]","[""wu av e""]"
Seven Days That Divide the World,John C. Lennox,dataset\adjusted_dataset\Science-Geography\0000693.jpg,"[[[44, 152], [466, 152], [466, 306], [44, 306]]]","[""seven days that divide the world""]"
Molecular Biology of the Cell,Bruce Alberts,dataset\adjusted_dataset\Science-Geography\0000694.jpg,"[[[62, 13], [499, 13], [499, 136], [62, 136]]]","[""9 molecular biologyof the cell""]"
Cambridge International AS and A Level Biology Coursebook with CD-ROM,Mary Jones,dataset\adjusted_dataset\Science-Geography\0000695.jpg,"[[[261, 75], [486, 75], [486, 261], [261, 261]]]","[""horahan d onuttotci thd atel biology oursaboek tmcr""]"
How We Die,Sherwin B. Nuland,dataset\adjusted_dataset\Science-Geography\0000696.jpg,[],[]
The Cloudspotter's Guide,Gavin Pretor-Pinney,dataset\adjusted_dataset\Science-Geography\0000697.jpg,[],[]
Billions & Billions,Carl Sagan,dataset\adjusted_dataset\Science-Geography\0000698.jpg,"[[[45, 135], [467, 135], [467, 199], [45, 199]]]","[""btllions""]"
Something Deeply Hidden,Sean Carroll,dataset\adjusted_dataset\Science-Geography\0000699.jpg,[],[]
The Inflamed Mind,Edward Bullmore,dataset\adjusted_dataset\Science-Geography\0000700.jpg,[],[]
The Brilliant History of Color in Art,Victoria Finlay,dataset\adjusted_dataset\Science-Geography\0000701.jpg,"[[[149, 197], [413, 197], [413, 279], [149, 279]]]","[""hailliant history  dt gelor in arf""]"
Reaching Down the Rabbit Hole,Allan Ropper,dataset\adjusted_dataset\Science-Geography\0000702.jpg,"[[[59, 57], [449, 57], [449, 267], [59, 267]]]","[""reaching down th e rabbit h le""]"
The Biology of Desire,Marc Lewis,dataset\adjusted_dataset\Science-Geography\0000703.jpg,[],[]
Edexcel AS and A Level Modular Mathematics Core Mathematics 3 C3,Keith Pledger,dataset\adjusted_dataset\Science-Geography\0000704.jpg,"[[[26, 369], [358, 369], [358, 504], [26, 504]]]","[""edercela5 anda level modular mathematics c3""]"
Heartwood,Rowan Reid,dataset\adjusted_dataset\Science-Geography\0000705.jpg,"[[[97, 25], [479, 25], [479, 67], [97, 67]]]","[""heartwood""]"
The Story of Life: Evolution (Extended Edition),Ruth Symons,dataset\adjusted_dataset\Science-Geography\0000706.jpg,[],[]
The Hidden Life of Trees,Peter Wohlleben,dataset\adjusted_dataset\Science-Geography\0000707.jpg,"[[[46, 118], [464, 118], [464, 286], [46, 286]]]","[""the aiddein life of trees""]"
Gorillas in the Mist,Dian Fossey,dataset\adjusted_dataset\Science-Geography\0000708.jpg,"[[[63, 410], [450, 410], [450, 480], [63, 480]]]","[""gotimas in the mist dian fossey""]"
Complete Chemistry for Cambridge IGCSE (R),Rosemarie Gallagher,dataset\adjusted_dataset\Science-Geography\0000709.jpg,"[[[22, 95], [372, 95], [372, 227], [22, 227]]]","[""complete chemistry for cambridge igcse""]"
"Botany of Desire, the",Michael Pollan,dataset\adjusted_dataset\Science-Geography\0000710.jpg,[],[]
The Hand Sculpted House,Ianto Evans,dataset\adjusted_dataset\Science-Geography\0000711.jpg,"[[[35, 347], [488, 347], [488, 493], [35, 493]]]","[""tudi prbrphelglde lv #waacugi the handl sculpted house tuloz7 guueom ut""]"
Delavier's Core Training Anatomy,Frederic Delavier,dataset\adjusted_dataset\Science-Geography\0000712.jpg,"[[[9, 36], [480, 36], [480, 244], [9, 244]]]","[""core training anatomy dum jotuntucrnm muu cdwacd ir toiktot eanenanerenet""]"
The Problems of Philosophy,Bertrand Russell,dataset\adjusted_dataset\Science-Geography\0000713.jpg,[],[]
NG Photo Ark,Joel Sartore,dataset\adjusted_dataset\Science-Geography\0000714.jpg,"[[[25, 187], [486, 187], [486, 316], [25, 316]]]","[""photo ark uvati cueiquotu lil""]"
Cambridge International AS and A Level Physics Coursebook,David Sang,dataset\adjusted_dataset\Science-Geography\0000715.jpg,"[[[228, 74], [483, 74], [483, 259], [228, 259]]]","[""grham jott jnd aichaid #ocdaldo efinnal 49and < loval physics coursabock tdloik""]"
Principles of Neural Science,Eric R. Kandel,dataset\adjusted_dataset\Science-Geography\0000716.jpg,"[[[111, 67], [407, 67], [407, 161], [111, 161]]]","[""princtples ofneural seience""]"
The World is Flat,Thomas L. Friedman,dataset\adjusted_dataset\Science-Geography\0000717.jpg,[],[]
The Biology Coloring Book,Robert D. Griffin,dataset\adjusted_dataset\Science-Geography\0000718.jpg,"[[[0, 60], [512, 60], [512, 116], [0, 116]]]","[""colorinngbook""]"
Animals in Translation,Temple Grandin,dataset\adjusted_dataset\Science-Geography\0000719.jpg,"[[[29, 260], [501, 260], [501, 373], [29, 373]]]","[""animals in translattom""]"
Quantum Theory: A Very Short Introduction,John Polkinghorne,dataset\adjusted_dataset\Science-Geography\0000720.jpg,"[[[41, 211], [492, 211], [492, 271], [41, 271]]]","[""ouantum theort #eottudoels_""]"
"Diffusion of Innovations, 5th Edition",Everett M. Rogers,dataset\adjusted_dataset\Science-Geography\0000721.jpg,"[[[15, 3], [503, 3], [503, 171], [15, 171]]]","[""diffusion of innovations""]"
Behave,Robert M. Sapolsky,dataset\adjusted_dataset\Science-Geography\0000722.jpg,"[[[53, 153], [459, 153], [459, 219], [53, 219]]]","[""behave""]"
Yoga Mat Companion 4: Arm Balances & Inversions,Ray Long,dataset\adjusted_dataset\Science-Geography\0000723.jpg,"[[[50, 322], [448, 322], [448, 442], [50, 442]]]","[""arm balances inversions""]"
Testosterone Rex,Cordelia Fine,dataset\adjusted_dataset\Science-Geography\0000724.jpg,"[[[111, 41], [399, 41], [399, 152], [111, 152]]]","[""testosterone rex""]"
How Bad Are Bananas?,Mike Berners-Lee,dataset\adjusted_dataset\Science-Geography\0000725.jpg,[],[]
The Universe In A Nutshell,Stephen Hawking,dataset\adjusted_dataset\Science-Geography\0000726.jpg,"[[[34, 338], [482, 338], [482, 452], [34, 452]]]","[""u ntv er$ e n utshell""]"
Chemistry,Allan Blackman,dataset\adjusted_dataset\Science-Geography\0000727.jpg,"[[[34, 102], [478, 102], [478, 174], [34, 174]]]","[""chemistry""]"
"Heads, Features and Faces",George B. Bridgman,dataset\adjusted_dataset\Science-Geography\0000728.jpg,"[[[30, 369], [476, 369], [476, 504], [30, 504]]]","[""heads features and faces geotee p bridgmon""]"
True Spirit,Jessica Watson,dataset\adjusted_dataset\Science-Geography\0000729.jpg,"[[[48, 140], [470, 140], [470, 295], [48, 295]]]","[""jessica atscn true spirit""]"
Everything in its Place,Oliver Sacks,dataset\adjusted_dataset\Science-Geography\0000730.jpg,"[[[43, 55], [335, 55], [335, 295], [43, 295]]]","[""oliver sacks eyerything in tts flace first loytajm lastitales""]"
The Brain: A Very Short Introduction,Michael O'Shea,dataset\adjusted_dataset\Science-Geography\0000731.jpg,"[[[232, 208], [476, 208], [476, 261], [232, 261]]]","[""the bpain entinndlcdz""]"
Reactions,Theodore Gray,dataset\adjusted_dataset\Science-Geography\0000732.jpg,"[[[102, 200], [505, 200], [505, 304], [102, 304]]]","[""reactions""]"
The Future of the Professions,Richard E. Susskind,dataset\adjusted_dataset\Science-Geography\0000733.jpg,"[[[0, 377], [512, 377], [512, 455], [0, 455]]]","[""the future 0f tae p rcfess1ons""]"
Yoga Mat Companion 3: Back Bends & Twists,Ray Long,dataset\adjusted_dataset\Science-Geography\0000734.jpg,"[[[94, 322], [406, 322], [406, 438], [94, 438]]]","[""backbenids twists""]"
Edexcel AS and A Level Modular Mathematics Core Mathematics 4 C4,Keith Pledger,dataset\adjusted_dataset\Science-Geography\0000735.jpg,"[[[27, 370], [360, 370], [360, 510], [27, 510]]]","[""edexcel sanda level modular mathematics c4""]"
Cambridge International AS and A Level Chemistry Coursebook with CD-ROM,Lawrie Ryan,dataset\adjusted_dataset\Science-Geography\0000736.jpg,"[[[28, 93], [486, 93], [486, 522], [28, 522]]]","[""unougghr wotts cantyidqe intarnational a8078 lovbl chemistry pd calraetcok latan in au 07 z ti ds 71? cn 71j 8x uu""]"
The Map That Changed the World,Author and Historian Simon Winchester,dataset\adjusted_dataset\Science-Geography\0000737.jpg,"[[[30, 242], [496, 242], [496, 316], [30, 316]]]","[""map tmat caanged the world""]"
59 Seconds,Richard Wiseman,dataset\adjusted_dataset\Science-Geography\0000738.jpg,"[[[66, 111], [285, 111], [285, 229], [66, 229]]]","[""53 seelurds""]"
Will My Cat Eat My Eyeballs?,Caitlin Doughty,dataset\adjusted_dataset\Science-Geography\0000739.jpg,"[[[10, 1], [505, 1], [505, 142], [10, 142]]]","[""will my gat eat my eyeballs?""]"
Krakatoa,Simon Winchester,dataset\adjusted_dataset\Science-Geography\0000740.jpg,"[[[24, 236], [468, 236], [468, 316], [24, 316]]]","[""krakatoa""]"
Chasing the Sun,Richard Cohen,dataset\adjusted_dataset\Science-Geography\0000741.jpg,"[[[73, 363], [450, 363], [450, 496], [73, 496]]]","[""chasing the sun kichrrdcohey""]"
The Sports Gene,David Epstein,dataset\adjusted_dataset\Science-Geography\0000742.jpg,[],[]
Born with a Bang,Jennifer Morgan,dataset\adjusted_dataset\Science-Geography\0000743.jpg,"[[[301, 461], [399, 461], [399, 475], [301, 475]]]","[""iti amnei""]"
Emergent Strategy,Adrienne Brown,dataset\adjusted_dataset\Science-Geography\0000744.jpg,[],[]
Seventeen Equations that Changed the World,Ian Stewart,dataset\adjusted_dataset\Science-Geography\0000745.jpg,"[[[11, 83], [504, 83], [504, 465], [11, 465]]]","[""17 equations tht chooged theworld ian stewvart""]"
Learning the Art of Electronics,Thomas C. Hayes,dataset\adjusted_dataset\Science-Geography\0000746.jpg,"[[[75, 27], [432, 27], [432, 382], [75, 382]]]","[""learning rl; electronics otonccca ~o thomas \u20ac hates""]"
The Future of Humanity,Michio Kaku,dataset\adjusted_dataset\Science-Geography\0000747.jpg,"[[[34, 31], [474, 31], [474, 293], [34, 293]]]","[""michio kaku te future 0r humantty""]"
Divide and Ride,Stuart J. Murphy,dataset\adjusted_dataset\Science-Geography\0000748.jpg,"[[[128, 0], [519, 0], [519, 240], [128, 240]]]","[""diyide epa ride \""citt tutlt""]"
Illumanatomy,Kate Davies,dataset\adjusted_dataset\Science-Geography\0000749.jpg,"[[[32, 88], [477, 88], [477, 168], [32, 168]]]","[""illumanatomy""]"
Animal,Sara Pascoe,dataset\adjusted_dataset\Science-Geography\0000750.jpg,[],[]
Mind and Cosmos,Thomas Nagel,dataset\adjusted_dataset\Science-Geography\0000751.jpg,[],[]
Bold,Peter H. Diamandis,dataset\adjusted_dataset\Science-Geography\0000752.jpg,[],[]
We Have No Idea,Jorge Cham,dataset\adjusted_dataset\Science-Geography\0000753.jpg,[],[]
"Folks, This Ain't Normal",Joel Salatin,dataset\adjusted_dataset\Science-Geography\0000754.jpg,"[[[225, 194], [445, 194], [445, 306], [225, 306]]]","[""folks, this ain+ normal""]"
Walkable City,Jeff Speck,dataset\adjusted_dataset\Science-Geography\0000755.jpg,[],[]
Statistics without Tears,Derek Rowntree,dataset\adjusted_dataset\Science-Geography\0000756.jpg,"[[[35, 20], [357, 20], [357, 93], [35, 93]]]","[""statistics wvithout teors""]"
The Science Of Discworld,Terry Pratchett,dataset\adjusted_dataset\Science-Geography\0000757.jpg,"[[[95, 369], [421, 369], [421, 413], [95, 413]]]","[""the science of""]"
Meditations,Marcus Aurelius,dataset\adjusted_dataset\Science-Geography\0000758.jpg,"[[[21, 33], [499, 33], [499, 95], [21, 95]]]","[""meditations""]"
A Short History of Nearly Everything,Bill Bryson,dataset\adjusted_dataset\Science-Geography\0000759.jpg,[],[]
How to Create a Mind,Ray Kurzweil,dataset\adjusted_dataset\Science-Geography\0000760.jpg,[],[]
Introduction to the Human Body,Gerard J. Tortora,dataset\adjusted_dataset\Science-Geography\0000761.jpg,"[[[147, 67], [349, 67], [349, 181], [147, 181]]]","[""the humlan body""]"
Essential Mathematics: Essential Mathematics for the Australian Curriculum Year 9,David Greenwood,dataset\adjusted_dataset\Science-Geography\0000762.jpg,"[[[119, 50], [488, 50], [488, 266], [119, 266]]]","[""l essential mathematics""]"
Object-Oriented Ontology,Graham Harman,dataset\adjusted_dataset\Science-Geography\0000763.jpg,"[[[20, 131], [395, 131], [395, 436], [20, 436]]]","[""object- oriented ontolegy anew thzory of everything grahom harman""]"
Where Song Began: Australia's Birds And How They Changed TheWorld,Tim Low,dataset\adjusted_dataset\Science-Geography\0000764.jpg,[],[]
Chemistry For Dummies,John T. Moore,dataset\adjusted_dataset\Science-Geography\0000765.jpg,[],[]
The Medium is the Massage,Marshall McLuhan,dataset\adjusted_dataset\Science-Geography\0000766.jpg,[],[]
"Trail Guide to the Body Flashcards, Vol. 2: Muscles of the Body",Andrew Biel,dataset\adjusted_dataset\Science-Geography\0000767.jpg,"[[[46, 18], [502, 18], [502, 148], [46, 148]]]","[""trail guide to the body""]"
Mental Arithmetic 4,J. w. Adams,dataset\adjusted_dataset\Science-Geography\0000768.jpg,[],[]
Homo Deus,Yuval Noah Harari,dataset\adjusted_dataset\Science-Geography\0000769.jpg,[],[]
The Human Bone Manual,Tim D. White,dataset\adjusted_dataset\Science-Geography\0000770.jpg,"[[[27, 59], [479, 59], [479, 131], [27, 131]]]","[""ehuman bone manual""]"
The Infinite Game,Simon Sinek,dataset\adjusted_dataset\Science-Geography\0000771.jpg,[],[]
Who We Are and How We Got Here,David Reich,dataset\adjusted_dataset\Science-Geography\0000772.jpg,"[[[106, 107], [342, 107], [342, 399], [106, 399]]]","[""who wer we are and how wve got here""]"
"The Feynman Lectures on Physics, Vol. III",Richard P. Feynman,dataset\adjusted_dataset\Science-Geography\0000773.jpg,[],[]
Worth Dying for,Tim Marshall,dataset\adjusted_dataset\Science-Geography\0000774.jpg,"[[[49, 135], [466, 135], [466, 362], [49, 362]]]","[""worih dying for tfoeloe @d flads""]"
Organic Chemistry,Jonathan Clayden,dataset\adjusted_dataset\Science-Geography\0000775.jpg,"[[[35, 62], [442, 62], [442, 183], [35, 183]]]","[""organic chemistry""]"
The Science of Yoga,William Broad,dataset\adjusted_dataset\Science-Geography\0000776.jpg,"[[[23, 119], [493, 119], [493, 380], [23, 380]]]","[""the science 0f yioigia tis riskoundthe nexardg""]"
The Big Picture,Sean Carroll,dataset\adjusted_dataset\Science-Geography\0000777.jpg,[],[]
Developing Number Knowledge,Robert J. Wright,dataset\adjusted_dataset\Science-Geography\0000778.jpg,"[[[41, 145], [417, 145], [417, 391], [41, 391]]]","[""developing number knowledge beben) dielod cmttd mimlieeur""]"
The Organic Artist,Nick Neddo,dataset\adjusted_dataset\Science-Geography\0000779.jpg,[],[]
The Math Book,Clifford A. Pickover,dataset\adjusted_dataset\Science-Geography\0000780.jpg,[],[]
Fifty Challenging Problems in Probability with Solutions,Frederick Mosteller,dataset\adjusted_dataset\Science-Geography\0000781.jpg,"[[[67, 154], [485, 154], [485, 341], [67, 341]]]","[""challenging problems tn probabiliy""]"
The Cartoon Guide to Algebra,Larry Gonick,dataset\adjusted_dataset\Science-Geography\0000782.jpg,"[[[50, 14], [468, 14], [468, 144], [50, 144]]]","[""the cartoon gvide to algebra""]"
The Psychopath Inside,James H. Fallon,dataset\adjusted_dataset\Science-Geography\0000783.jpg,[],[]
The Plastic Mind,Sharon Begley,dataset\adjusted_dataset\Science-Geography\0000784.jpg,[],[]
The Rise and Fall of the Dinosaurs,Steve Brusatte,dataset\adjusted_dataset\Science-Geography\0000785.jpg,"[[[14, 290], [497, 290], [497, 368], [14, 368]]]","[""taf msf jndtt dinosaurs""]"
On Fire,Naomi Klein,dataset\adjusted_dataset\Science-Geography\0000786.jpg,"[[[90, 146], [417, 146], [417, 226], [90, 226]]]","[""on gpg""]"
The Oxford Book of Modern Science Writing,Richard Dawkins,dataset\adjusted_dataset\Science-Geography\0000787.jpg,"[[[18, 10], [492, 10], [492, 330], [18, 330]]]","[""richard dawkins the oxford book cf modern scien e writing""]"
Blueprint,Robert Plomin,dataset\adjusted_dataset\Science-Geography\0000788.jpg,"[[[86, 148], [426, 148], [426, 284], [86, 284]]]","[""blueprint [n dalynkt li #hne t""]"
How We Learn,Benedict Carey,dataset\adjusted_dataset\Science-Geography\0000789.jpg,[],[]
The Signal and the Noise,Nate Silver,dataset\adjusted_dataset\Science-Geography\0000790.jpg,[],[]
Photographic Card Deck Of The Elements,Theodore Gray,dataset\adjusted_dataset\Science-Geography\0000791.jpg,"[[[7, 218], [374, 218], [374, 379], [7, 379]]]","[""ii ehutocelplly canp drck 0f #elements""]"
The Emperor's New Mind,Roger Penrose,dataset\adjusted_dataset\Science-Geography\0000792.jpg,"[[[16, 106], [497, 106], [497, 290], [16, 290]]]","[""the emper rs new mind""]"
The Demon in the Machine,Paul Davies,dataset\adjusted_dataset\Science-Geography\0000793.jpg,"[[[48, 111], [449, 111], [449, 393], [48, 393]]]","[""the demon in the machine""]"
Napoleon'S Buttons,Penny Le Couteur,dataset\adjusted_dataset\Science-Geography\0000794.jpg,[],[]
Don't Let the Pigeon Drive the Bus,Mo Willems,dataset\adjusted_dataset\Science-Geography\0000795.jpg,"[[[0, 0], [261, 0], [261, 359], [0, 359]]]","[""dol l let the pigeon drive the bus !""]"
Black Holes: The Reith Lectures,Stephen Hawking,dataset\adjusted_dataset\Science-Geography\0000796.jpg,"[[[29, 70], [481, 70], [481, 268], [29, 268]]]","[""stephen hawking black holes thf @xc aeita lectues""]"
Hyperobjects,Timothy Morton,dataset\adjusted_dataset\Science-Geography\0000797.jpg,"[[[38, 214], [293, 214], [293, 258], [38, 258]]]","[""hyperobjecla""]"
Plant Spirit Healing,Pam Montgomery,dataset\adjusted_dataset\Science-Geography\0000798.jpg,"[[[36, 338], [476, 338], [476, 499], [36, 499]]]","[""plant spirit healing to rx gput""]"
Wiggling Worms at Work,Wendy Pfeffer,dataset\adjusted_dataset\Science-Geography\0000799.jpg,"[[[174, 23], [495, 23], [495, 196], [174, 196]]]","[""worme al""]"
Genome,Matt Ridley,dataset\adjusted_dataset\Science-Geography\0000800.jpg,"[[[5, 103], [499, 103], [499, 165], [5, 165]]]","[""genome""]"
The Road to Reality,Roger Penrose,dataset\adjusted_dataset\Science-Geography\0000801.jpg,"[[[107, 85], [401, 85], [401, 216], [107, 216]]]","[""tae road t0 rfality""]"
Soft-Wired,Michael Merzenich Phd,dataset\adjusted_dataset\Science-Geography\0000802.jpg,[],[]
Jungle,Dan Kainen,dataset\adjusted_dataset\Science-Geography\0000803.jpg,"[[[16, 34], [498, 34], [498, 158], [16, 158]]]","[""jungle""]"
He Said/She Said,Erin Kelly,dataset\adjusted_dataset\Science-Geography\0000804.jpg,"[[[28, 92], [498, 92], [498, 471], [28, 471]]]","[""he said she said dnedcvo\"" ceae f uec-e""]"
Reality is Broken,Jane McGonigal,dataset\adjusted_dataset\Science-Geography\0000805.jpg,"[[[44, 41], [478, 41], [478, 200], [44, 200]]]","[""reclity is broken""]"
Perspective Drawing Handbook,Joseph D'Amelio,dataset\adjusted_dataset\Science-Geography\0000806.jpg,"[[[86, 0], [480, 0], [480, 182], [86, 182]]]","[""perspective drawing handbook iosttdameio""]"
Why Does Asparagus Make Your Wee Smell?,Andy Brunning,dataset\adjusted_dataset\Science-Geography\0000807.jpg,"[[[82, 182], [428, 182], [428, 340], [82, 340]]]","[""asparacus make vour iee smell? lnma iii""]"
The Code Book,Dr. Simon Singh,dataset\adjusted_dataset\Science-Geography\0000808.jpg,[],[]
God's Philosophers,James Hannam,dataset\adjusted_dataset\Science-Geography\0000809.jpg,[],[]
Food of the Gods,Terence McKenna,dataset\adjusted_dataset\Science-Geography\0000810.jpg,[],[]
Spark,Dr. John J. Ratey,dataset\adjusted_dataset\Science-Geography\0000811.jpg,"[[[5, 42], [504, 42], [504, 233], [5, 233]]]","[""jpark""]"
Wonders of Life,Brian Cox,dataset\adjusted_dataset\Science-Geography\0000812.jpg,"[[[30, 231], [474, 231], [474, 491], [30, 491]]]","[""bpiancox wqnders lll""]"
Beyond Words,Carl Safina,dataset\adjusted_dataset\Science-Geography\0000813.jpg,"[[[78, 35], [439, 35], [439, 157], [78, 157]]]","[""beyond words tmk 4x""]"
The Feeling Of What Happens,Antonio Damasio,dataset\adjusted_dataset\Science-Geography\0000814.jpg,"[[[112, 296], [390, 296], [390, 381], [112, 381]]]","[""the feeling vfhft happens aentle znalr huan""]"
The Neuroscience of Psychotherapy,Louis Cozolino,dataset\adjusted_dataset\Science-Geography\0000815.jpg,"[[[80, 220], [485, 220], [485, 304], [80, 304]]]","[""neuroscience psychotherapy""]"
"The Lego Power Functions Idea Book, Volume 1",Yoshihito Isogawa,dataset\adjusted_dataset\Science-Geography\0000816.jpg,"[[[178, 168], [332, 168], [332, 263], [178, 263]]]","[""the leoo power twnctons odegddk""]"
The Future of Humanity,Michio Kaku,dataset\adjusted_dataset\Science-Geography\0000817.jpg,"[[[19, 46], [438, 46], [438, 327], [19, 327]]]","[""michio kaku the future of humanity tancr 254 mtn ueet4ell hutoncuyed oudruit blendenth""]"
Cambridge IGCSE Computer Science,David Watson,dataset\adjusted_dataset\Science-Geography\0000818.jpg,"[[[120, 71], [488, 71], [488, 268], [120, 268]]]","[""ciandee igcse computer science""]"
The Encyclopedia of Psychoactive Plants,Christian Rätsch,dataset\adjusted_dataset\Science-Geography\0000819.jpg,"[[[56, 182], [454, 182], [454, 210], [56, 210]]]","[""the encyclofedia cf""]"
Climate--A New Story,Charles Eisenstein,dataset\adjusted_dataset\Science-Geography\0000820.jpg,"[[[61, 173], [442, 173], [442, 293], [61, 293]]]","[""climale a new story""]"
Tesla: Man out of Time,Margaret Cheney,dataset\adjusted_dataset\Science-Geography\0000821.jpg,[],[]
Infinite Powers,Steven Strogatz,dataset\adjusted_dataset\Science-Geography\0000822.jpg,"[[[19, 234], [489, 234], [489, 496], [19, 496]]]","[""in fete p steteneticz""]"
Holistic Management,Allan Savory,dataset\adjusted_dataset\Science-Geography\0000823.jpg,"[[[28, 8], [488, 8], [488, 173], [28, 173]]]","[""holistic management comaor de revolutide to gentorpc0p foyirekhfht""]"
The Geography of Thought,Richard Nisbett,dataset\adjusted_dataset\Science-Geography\0000824.jpg,"[[[47, 373], [465, 373], [465, 444], [47, 444]]]","[""the geography cfthoucht""]"
Physics of the Future,Department of Physics Michio Kaku,dataset\adjusted_dataset\Science-Geography\0000825.jpg,"[[[72, 193], [443, 193], [443, 265], [72, 265]]]","[""physics of the futor e""]"
This Thing Of Darkness,Harry Thompson,dataset\adjusted_dataset\Science-Geography\0000826.jpg,"[[[50, 13], [486, 13], [486, 202], [50, 202]]]","[""harry tlonpsen zbis tbingof dazkness""]"
The Longevity Diet,Valter Longo,dataset\adjusted_dataset\Science-Geography\0000827.jpg,"[[[71, 435], [440, 435], [440, 481], [71, 481]]]","[""valter longo ph d uee""]"
Mindsight: Change Your Brain and Your Life,Daniel J. Siegel,dataset\adjusted_dataset\Science-Geography\0000828.jpg,"[[[19, 317], [503, 317], [503, 436], [19, 436]]]","[""mindsight cpangetcuk pran jjgurt""]"
Phantoms in the Brain,"V S Ramachandran M.D., Ph.D.",dataset\adjusted_dataset\Science-Geography\0000829.jpg,"[[[32, 100], [510, 100], [510, 181], [32, 181]]]","[""paantom$ in t h e b katn""]"
The Mind and the Brain,Jeffrey M Schartz,dataset\adjusted_dataset\Science-Geography\0000830.jpg,"[[[42, 77], [230, 77], [230, 109], [42, 109]]]","[""tk mind""]"
The Rise And Fall Of The Third Chimpanzee,Jared Diamond,dataset\adjusted_dataset\Science-Geography\0000831.jpg,"[[[34, 127], [476, 127], [476, 248], [34, 248]]]","[""the rise and fall ot the third chimpanzee""]"
Complete Physics for Cambridge IGCSE (R),Stephen Pople,dataset\adjusted_dataset\Science-Geography\0000832.jpg,"[[[25, 95], [387, 95], [387, 226], [25, 226]]]","[""complete physics for cambridge igcse?""]"
The Twittering Machine,Richard Seymour,dataset\adjusted_dataset\Science-Geography\0000833.jpg,"[[[37, 36], [476, 36], [476, 81], [37, 81]]]","[""tnm tuittavtda hecwtne ricmacd etaoum""]"
"One, Two, Three...Infinity",George Gamow,dataset\adjusted_dataset\Science-Geography\0000834.jpg,"[[[177, 11], [325, 11], [325, 188], [177, 188]]]","[""one two txree tun""]"
Notes on Nursing,Florence Nightingale,dataset\adjusted_dataset\Science-Geography\0000835.jpg,"[[[25, 266], [296, 266], [296, 376], [25, 376]]]","[""notes on nursing""]"
The Calm Birth Method,Suzy Ashworth,dataset\adjusted_dataset\Science-Geography\0000836.jpg,"[[[24, 0], [485, 0], [485, 241], [24, 241]]]","[""calm birth method""]"
Polar,Dan Kainen,dataset\adjusted_dataset\Science-Geography\0000837.jpg,"[[[28, 26], [488, 26], [488, 150], [28, 150]]]","[""polar""]"
"Oxford IB Diploma Programme: IB Mathematics: analysis and approaches, Higher Level, Print and Enhanced Online Course Book Pack",Marlene Torres Skoumal,dataset\adjusted_dataset\Science-Geography\0000838.jpg,[],[]
The Male Brain,Louann Brizendine,dataset\adjusted_dataset\Science-Geography\0000839.jpg,[],[]
To Die For,Lucy Siegle,dataset\adjusted_dataset\Science-Geography\0000840.jpg,[],[]
We Have Never Been Modern,Bruno Latour,dataset\adjusted_dataset\Science-Geography\0000841.jpg,"[[[20, 50], [497, 50], [497, 253], [20, 253]]]","[""we have mever 0220 modern""]"
Europe,Tim Flannery,dataset\adjusted_dataset\Science-Geography\0000842.jpg,"[[[91, 425], [419, 425], [419, 469], [91, 469]]]","[""eu rope""]"
Loneliness,John T. Cacioppo,dataset\adjusted_dataset\Science-Geography\0000843.jpg,"[[[90, 166], [419, 166], [419, 211], [90, 211]]]","[""toneluness""]"
Show Me the Numbers,Stephen Few,dataset\adjusted_dataset\Science-Geography\0000844.jpg,"[[[0, 20], [442, 20], [442, 77], [0, 77]]]","[""show mc thc numbcrs tcnf inent""]"
The Skeptics' Guide to the Universe,Steven Novella,dataset\adjusted_dataset\Science-Geography\0000845.jpg,"[[[20, 50], [512, 50], [512, 392], [20, 392]]]","[""the skeptics' gue dtoih universe eiyfiina rdrd dox d kcxtat s dsongluloptcd""]"
Constellation Myths,Eratosthenes,dataset\adjusted_dataset\Science-Geography\0000846.jpg,[],[]
Salt,Mark Kurlansky,dataset\adjusted_dataset\Science-Geography\0000847.jpg,[],[]
Beyond Good and Evil,Friedrich Nietzsche,dataset\adjusted_dataset\Science-Geography\0000848.jpg,[],[]
True Hallucinations,T. McKenna,dataset\adjusted_dataset\Science-Geography\0000849.jpg,[],[]
The Time Paradox,Philip G. Zimbardo,dataset\adjusted_dataset\Science-Geography\0000850.jpg,"[[[32, 396], [478, 396], [478, 446], [32, 446]]]","[""zimbardo""]"
Origin Story,David Christian,dataset\adjusted_dataset\Science-Geography\0000851.jpg,[],[]
Anatomy of the Soul,Dr. Curt Thompson,dataset\adjusted_dataset\Science-Geography\0000852.jpg,"[[[117, 189], [371, 189], [371, 297], [117, 297]]]","[""anatomy oftir soul""]"
My Age of Anxiety,Scott Stossel,dataset\adjusted_dataset\Science-Geography\0000853.jpg,"[[[88, 113], [497, 113], [497, 295], [88, 295]]]","[""mz 432 *f anxtety""]"
The Botany of Desire,Michael Pollan,dataset\adjusted_dataset\Science-Geography\0000854.jpg,"[[[204, 35], [505, 35], [505, 295], [204, 295]]]","[""michael pollan the botany cf desire fal e7t""]"
The Voyage of the Beagle,Charles Darwin,dataset\adjusted_dataset\Science-Geography\0000855.jpg,"[[[35, 61], [465, 61], [465, 152], [35, 152]]]","[""darwin thc #ivage @ twc @exgle""]"
Mushrooms,Roger Phillips,dataset\adjusted_dataset\Science-Geography\0000856.jpg,"[[[20, 44], [495, 44], [495, 111], [20, 111]]]","[""mushroms""]"
Dynamic Anatomy,Burne Hogarth,dataset\adjusted_dataset\Science-Geography\0000857.jpg,"[[[37, 180], [484, 180], [484, 341], [37, 341]]]","[""dvnamic anatomy re#isedlndxpanded""]"
"Where, the Why, and the How : 75 Artists Illustrate Wondrous Mysteries of Science",Jenny Volvovski,dataset\adjusted_dataset\Science-Geography\0000858.jpg,[],[]
Molecular Model Set for Organic Chemistry,,dataset\adjusted_dataset\Science-Geography\0000859.jpg,"[[[2, 7], [302, 7], [302, 194], [2, 194]]]","[""ntu pi isi nji molecular model set for organic chistey""]"
The Future of the Mind,Department of Physics Michio Kaku,dataset\adjusted_dataset\Science-Geography\0000860.jpg,"[[[101, 233], [437, 233], [437, 359], [101, 359]]]","[""ke future of hfe mnd""]"
Physics of the Impossible,Michio Kaku,dataset\adjusted_dataset\Science-Geography\0000861.jpg,"[[[28, 18], [499, 18], [499, 448], [28, 448]]]","[""michiokaku phvsics df impossibug""]"
Origin Story,David Christian,dataset\adjusted_dataset\Science-Geography\0000862.jpg,[],[]
"The Encyclopedia Of Country Living, 40th Anniversary Edition",Carla Emery,dataset\adjusted_dataset\Science-Geography\0000863.jpg,[],[]
Shinrin-Yoku,Dr Qing Li,dataset\adjusted_dataset\Science-Geography\0000864.jpg,"[[[150, 187], [397, 187], [397, 212], [150, 212]]]","[""shinein-toru""]"
Where Good Ideas Come from,Steven Johnson,dataset\adjusted_dataset\Science-Geography\0000865.jpg,"[[[0, 47], [512, 47], [512, 400], [0, 400]]]","[""johnsom where good idens come fr @mi the matural mstory m f hhovm""]"
Making Number Talks Matter,Cathy Humphreys,dataset\adjusted_dataset\Science-Geography\0000866.jpg,"[[[31, 53], [433, 53], [433, 347], [31, 347]]]","[""making number talks matter pacinp""]"
Teaming with Nutrients,Jeff Lowenfels,dataset\adjusted_dataset\Science-Geography\0000867.jpg,"[[[42, 24], [433, 24], [433, 185], [42, 185]]]","[""teaming with nutrients""]"
The Nature of Things,Lucretius,dataset\adjusted_dataset\Science-Geography\0000868.jpg,[],[]
Future Shock,Alvin Toffler,dataset\adjusted_dataset\Science-Geography\0000869.jpg,[],[]
The Organically Clean Home,Becky Rapinchuk,dataset\adjusted_dataset\Science-Geography\0000870.jpg,"[[[50, 66], [459, 66], [459, 191], [50, 191]]]","[""clean home ba qr""]"
Love Your Body,Louise Hay,dataset\adjusted_dataset\Science-Geography\0000871.jpg,"[[[0, 148], [466, 148], [466, 408], [0, 408]]]","[""love vour bodv""]"
The Moral Animal,Robert Wright,dataset\adjusted_dataset\Science-Geography\0000872.jpg,[],[]
The Cartoon Guide to Calculus,Larry Gonick,dataset\adjusted_dataset\Science-Geography\0000873.jpg,"[[[32, 43], [479, 43], [479, 153], [32, 153]]]","[""calculus""]"
Inventing Ourselves,Sarah-Jayne Blakemore,dataset\adjusted_dataset\Science-Geography\0000874.jpg,[],[]
What's Going on in There?,Lise Eliot,dataset\adjusted_dataset\Science-Geography\0000875.jpg,"[[[19, 3], [493, 3], [493, 93], [19, 93]]]","[""whatsgoinc on in thcrc?""]"
Reason For Hope,Jane Goodall,dataset\adjusted_dataset\Science-Geography\0000876.jpg,"[[[44, 359], [468, 359], [468, 497], [44, 497]]]","[""reason for hope m r""]"
The Sarawak Report,Clare Rewcastle Brown,dataset\adjusted_dataset\Science-Geography\0000877.jpg,"[[[56, 219], [485, 219], [485, 360], [56, 360]]]","[""sarawak report clarc rercshe frown""]"
An Elephant in My Kitchen,Francoise Malby-Anthony,dataset\adjusted_dataset\Science-Geography\0000878.jpg,"[[[83, 16], [429, 16], [429, 173], [83, 173]]]","[""far aeatt fa4 baaeaaaalef eaa ta ree 40 elcphant fn nly [-itchen""]"
Memoirs of an Addicted Brain,Marc Lewis,dataset\adjusted_dataset\Science-Geography\0000879.jpg,"[[[69, 90], [438, 90], [438, 200], [69, 200]]]","[""apbictep bkatn""]"
Edexcel AS and A Level Modular Mathematics Mechanics 1 M1,Susan Hooker,dataset\adjusted_dataset\Science-Geography\0000880.jpg,"[[[32, 368], [358, 368], [358, 504], [32, 504]]]","[""edokcelesencaleval modulat matheniates mi""]"
The Strangest Man,Graham Farmelo,dataset\adjusted_dataset\Science-Geography\0000881.jpg,"[[[24, 230], [485, 230], [485, 498], [24, 498]]]","[""the strangest man the cce4liie of chil didoc qual idekivs""]"
Sacred Geometry,Miranda Lundy,dataset\adjusted_dataset\Science-Geography\0000882.jpg,"[[[82, 62], [434, 62], [434, 168], [82, 168]]]","[""sacred geometry""]"
The Annotated Turing,Charles Petzold,dataset\adjusted_dataset\Science-Geography\0000883.jpg,"[[[19, 80], [495, 80], [495, 265], [19, 265]]]","[""the annotated turing 1g131 ac ttcut uig fet f  ens""]"
Exactly,Simon Winchester,dataset\adjusted_dataset\Science-Geography\0000884.jpg,[],[]
Shelter,Lloyd Kahn,dataset\adjusted_dataset\Science-Geography\0000885.jpg,,
The Myth of Capitalism,Jonathan Tepper,dataset\adjusted_dataset\Science-Geography\0000886.jpg,"[[[50, 164], [460, 164], [460, 214], [50, 214]]]","[""ef cipiralism""]"
The Great Derangement,Amitav Ghosh,dataset\adjusted_dataset\Science-Geography\0000887.jpg,"[[[169, 207], [496, 207], [496, 256], [169, 256]]]","[""derangement""]"
Command and Control,Eric Schlosser,dataset\adjusted_dataset\Science-Geography\0000888.jpg,[],[]
Emotions Revealed,Paul Ekman,dataset\adjusted_dataset\Science-Geography\0000889.jpg,"[[[43, 18], [474, 18], [474, 161], [43, 161]]]","[""emwtwmg wevealem""]"
Great Divide,Dodds,dataset\adjusted_dataset\Science-Geography\0000890.jpg,"[[[144, 4], [403, 4], [403, 205], [144, 205]]]","[""great' divide""]"
Science and Spiritual Practices,Rupert Sheldrake,dataset\adjusted_dataset\Science-Geography\0000891.jpg,"[[[75, 267], [436, 267], [436, 431], [75, 431]]]","[""science and spiritual practices""]"
Biology of Belief,Bruce Lipton,dataset\adjusted_dataset\Science-Geography\0000892.jpg,"[[[269, 37], [505, 37], [505, 165], [269, 165]]]","[""biology belief""]"
Naturally Clean Home,Karyn Siegel-Maier,dataset\adjusted_dataset\Science-Geography\0000893.jpg,"[[[63, 50], [449, 50], [449, 111], [63, 111]]]","[""#tu#llt clean home""]"
From Here to Eternity,Caitlin Doughty,dataset\adjusted_dataset\Science-Geography\0000894.jpg,"[[[169, 329], [339, 329], [339, 367], [169, 367]]]","[""eternitt""]"
The Universe in Your Hand,Christophe Galfard,dataset\adjusted_dataset\Science-Geography\0000895.jpg,"[[[41, 154], [471, 154], [471, 225], [41, 225]]]","[""the vniteese ln tour hrd""]"
The Death of Expertise,Tom Nichols,dataset\adjusted_dataset\Science-Geography\0000896.jpg,"[[[30, 76], [493, 76], [493, 185], [30, 185]]]","[""the death 0f expertise""]"
Seven Days That Divide the World,John C. Lennox,dataset\adjusted_dataset\Science-Geography\0000897.jpg,"[[[42, 152], [466, 152], [466, 304], [42, 304]]]","[""seven days that diyide the vorld""]"
Book of Abstract Algebra,Charles C. Pinter,dataset\adjusted_dataset\Science-Geography\0000898.jpg,"[[[49, 8], [474, 8], [474, 210], [49, 210]]]","[""l book of abstract algebra 1ec n h doiit uln""]"
Stiff,Mary Roach,dataset\adjusted_dataset\Science-Geography\0000899.jpg,[],[]
Rocks & Minerals,Ronald Bonewitz,dataset\adjusted_dataset\Science-Geography\0000900.jpg,"[[[3, 127], [512, 127], [512, 291], [3, 291]]]","[""rocks & minerals""]"
Packing for Mars,Mary Roach,dataset\adjusted_dataset\Science-Geography\0000901.jpg,"[[[81, 53], [430, 53], [430, 157], [81, 157]]]","[""packing tor mar s""]"
The Science of Discworld IV,Terry Pratchett,dataset\adjusted_dataset\Science-Geography\0000902.jpg,[],[]
The Philosophy Gym,Stephen Law,dataset\adjusted_dataset\Science-Geography\0000903.jpg,[],[]
The Technological Society,Jacques Ellul,dataset\adjusted_dataset\Science-Geography\0000904.jpg,"[[[77, 21], [437, 21], [437, 112], [77, 112]]]","[""technological society jacbje elldi""]"
Arts of Living on a Damaged Planet,Anna Lowenhaupt Tsing,dataset\adjusted_dataset\Science-Geography\0000905.jpg,"[[[0, 7], [505, 7], [505, 477], [0, 477]]]","[""n arts c of living living umi on a damaged damaged planet planet""]"
507 Mechanical Movements,Henry T. Brown,dataset\adjusted_dataset\Science-Geography\0000906.jpg,"[[[9, 32], [477, 32], [477, 487], [9, 487]]]","[""507 mechanical movements mechanisms and devices 010 henrt t. browi""]"
Genograms,Monica McGoldrick,dataset\adjusted_dataset\Science-Geography\0000907.jpg,"[[[238, 18], [498, 18], [498, 66], [238, 66]]]","[""gr am5""]"
The Inner Life of Animals,Peter Wohlleben,dataset\adjusted_dataset\Science-Geography\0000908.jpg,"[[[92, 103], [422, 103], [422, 256], [92, 256]]]","[""the inner life of animals""]"
Homemade,Eleanor Ozich,dataset\adjusted_dataset\Science-Geography\0000909.jpg,"[[[86, 350], [426, 350], [426, 398], [86, 398]]]","[""homemade""]"
This Will Make You Smarter,John Brockman,dataset\adjusted_dataset\Science-Geography\0000910.jpg,"[[[40, 31], [457, 31], [457, 411], [40, 411]]]","[""this will make yau smarter""]"
The Model Thinker,Scott E. Page,dataset\adjusted_dataset\Science-Geography\0000911.jpg,"[[[30, 116], [486, 116], [486, 454], [30, 454]]]","[""the model thinker wnaitov #erd e0 hnot 10 meke dala work lor""]"
Loonshots,Safi Bahcall,dataset\adjusted_dataset\Science-Geography\0000912.jpg,"[[[60, 116], [453, 116], [453, 168], [60, 168]]]","[""loonshots""]"
Cosmos and Psyche,Richard Tarnas,dataset\adjusted_dataset\Science-Geography\0000913.jpg,"[[[89, 259], [421, 259], [421, 303], [89, 303]]]","[""1's  chf""]"
Fungi of Temperate Europe,Thomas Laessoe,dataset\adjusted_dataset\Science-Geography\0000914.jpg,[],[]
The Remarkable Life of the Skin,Monty Lyman,dataset\adjusted_dataset\Science-Geography\0000915.jpg,"[[[0, 175], [512, 175], [512, 489], [0, 489]]]","[""0u-u wu, tiz remarkable life <skin an irr frn7 titri momy lymen""]"
The Small Animal Veterinary Nerdbook,Sophia Yin,dataset\adjusted_dataset\Science-Geography\0000916.jpg,"[[[52, 97], [441, 97], [441, 157], [52, 157]]]","[""ttnlaninni #r1sntety jrrnonk""]"
Sapiens,Yuval Noah Harari,dataset\adjusted_dataset\Science-Geography\0000917.jpg,"[[[194, 232], [316, 232], [316, 256], [194, 256]]]","[""#apiens""]"
A Vindication of the Rights of Woman (Vintage Feminism Short Edition),Mary Wollstonecraft,dataset\adjusted_dataset\Science-Geography\0000918.jpg,"[[[53, 28], [463, 28], [463, 109], [53, 109]]]","[""vndgation nf the rights""]"
Signature in the Cell,Stephen C. Meyer,dataset\adjusted_dataset\Science-Geography\0000919.jpg,"[[[18, 225], [496, 225], [496, 312], [18, 312]]]","[""5 !  natd r e in the c ell""]"
"The Feynman Lectures on Physics, Vol. II",Richard P. Feynman,dataset\adjusted_dataset\Science-Geography\0000920.jpg,[],[]
Hedgerow,John Wright,dataset\adjusted_dataset\Science-Geography\0000921.jpg,"[[[36, 403], [350, 403], [350, 479], [36, 479]]]","[""hedgerow""]"
Principles of Brewing Science,George J. Fix,dataset\adjusted_dataset\Science-Geography\0000922.jpg,"[[[0, 0], [495, 0], [495, 131], [0, 131]]]","[""principizs 2t bcelid e5ience""]"
iGen,Jean M. Twenge,dataset\adjusted_dataset\Science-Geography\0000923.jpg,"[[[299, 116], [378, 116], [378, 166], [299, 166]]]","[""'ge\""""]"
What is the Name of This Book?,Raymond M. Smullyan,dataset\adjusted_dataset\Science-Geography\0000924.jpg,"[[[115, 203], [468, 203], [468, 315], [115, 315]]]","[""what \""5 746 74ic name 3e62?""]"
Hello World,Hannah Fry,dataset\adjusted_dataset\Science-Geography\0000925.jpg,"[[[103, 148], [447, 148], [447, 303], [103, 303]]]","[""hello world""]"
Leading on the Edge,Rachel Robertson,dataset\adjusted_dataset\Science-Geography\0000926.jpg,"[[[33, 132], [477, 132], [477, 358], [33, 358]]]","[""leading on the edge b\"" l ty 4it cefe fr""]"
Cure,Jo Marchant,dataset\adjusted_dataset\Science-Geography\0000927.jpg,"[[[24, 322], [82, 322], [82, 354], [24, 354]]]","[""e""]"
Deep,James Nestor,dataset\adjusted_dataset\Science-Geography\0000928.jpg,"[[[56, 134], [494, 134], [494, 330], [56, 330]]]","[""dffp""]"
The Perfect Scent,Chandler Burr,dataset\adjusted_dataset\Science-Geography\0000929.jpg,[],[]
"Mindset Mathematics: Visualizing and Investigating Big Ideas, Grade 7",Jo Boaler,dataset\adjusted_dataset\Science-Geography\0000930.jpg,"[[[27, 14], [487, 14], [487, 242], [27, 242]]]","[""wisuz zing and investigating big idoas mindset mathematics 6aadb7""]"
The Invention of Nature,Andrea Wulf,dataset\adjusted_dataset\Science-Geography\0000931.jpg,[],[]
The Tell-Tale Brain,V. S. Ramachandran,dataset\adjusted_dataset\Science-Geography\0000932.jpg,"[[[123, 111], [389, 111], [389, 239], [123, 239]]]","[""tell-tale brain dt""]"
Apollo 13,James Lovell,dataset\adjusted_dataset\Science-Geography\0000933.jpg,"[[[27, 129], [486, 129], [486, 184], [27, 184]]]","[""apoclo  13""]"
Euclid's Elements,Euclid,dataset\adjusted_dataset\Science-Geography\0000934.jpg,"[[[29, 365], [423, 365], [423, 474], [29, 474]]]","[""eucuos elements""]"
The Algorithm Design Manual,Steve S. Skiena,dataset\adjusted_dataset\Science-Geography\0000935.jpg,"[[[15, 65], [500, 65], [500, 147], [15, 147]]]","[""algorithm design manual""]"
"Some We Love, Some We Hate, Some We Eat",Hal Herzog,dataset\adjusted_dataset\Science-Geography\0000936.jpg,"[[[232, 382], [392, 382], [392, 442], [232, 442]]]","[""some we eat""]"
Introducing Quantum Theory,J. P. McEvoy,dataset\adjusted_dataset\Science-Geography\0000937.jpg,"[[[26, 44], [499, 44], [499, 286], [26, 286]]]","[""quantum theory gaaphic  guide""]"
On the Origin of Species,Charles Darwin,dataset\adjusted_dataset\Science-Geography\0000938.jpg,"[[[92, 51], [421, 51], [421, 145], [92, 145]]]","[""ootbe orgn of specich 4tt""]"
On the Future,Martin Rees,dataset\adjusted_dataset\Science-Geography\0000939.jpg,"[[[38, 23], [473, 23], [473, 488], [38, 488]]]","[""on the future prospects for hunamitt martin rees""]"
Reaching the Animal Mind,Karen Pryor,dataset\adjusted_dataset\Science-Geography\0000940.jpg,"[[[25, 69], [399, 69], [399, 196], [25, 196]]]","[""reaching the animal mind karen pryor""]"
Nightwatch,Terence Dickinson,dataset\adjusted_dataset\Science-Geography\0000941.jpg,"[[[85, 53], [452, 53], [452, 138], [85, 138]]]","[""nghtwatch kaur ina1 unicir""]"
Summary of The Body Keeps the Score,Instaread Summaries,dataset\adjusted_dataset\Science-Geography\0000942.jpg,"[[[56, 65], [459, 65], [459, 367], [56, 367]]]","[""summary 0f the b 0 d y keeps the score t bessel wanfiee wild""]"
The Nature Fix,Florence Williams,dataset\adjusted_dataset\Science-Geography\0000943.jpg,"[[[62, 98], [452, 98], [452, 207], [62, 207]]]","[""nature fix""]"
The Way Home,Mark Boyle,dataset\adjusted_dataset\Science-Geography\0000944.jpg,"[[[226, 77], [497, 77], [497, 320], [226, 320]]]","[""the way home tlrs /nx4 r m thput #rchnnlogy""]"
Delusions of Gender,Cordelia Fine,dataset\adjusted_dataset\Science-Geography\0000945.jpg,"[[[64, 394], [450, 394], [450, 428], [64, 428]]]","[""0 f 5 e nd e r""]"
Animals Make Us Human,Dr Temple Grandin,dataset\adjusted_dataset\Science-Geography\0000946.jpg,"[[[20, 323], [496, 323], [496, 424], [20, 424]]]","[""animals 'vake us human""]"
Social,Matthew D Lieberman,dataset\adjusted_dataset\Science-Geography\0000947.jpg,[],[]
Fourth Phase of Water,Gerald Pollack,dataset\adjusted_dataset\Science-Geography\0000948.jpg,"[[[82, 117], [448, 117], [448, 253], [82, 253]]]","[""the fourth phase of water""]"
In the Shadow of Man,Dr Jane Goodall,dataset\adjusted_dataset\Science-Geography\0000949.jpg,"[[[161, 41], [479, 41], [479, 125], [161, 125]]]","[""tu [ke shadow o man""]"
Muscle Book,Paul Blakey,dataset\adjusted_dataset\Science-Geography\0000950.jpg,"[[[218, 48], [504, 48], [504, 219], [218, 219]]]","[""ihe muscle book 1 elafi""]"
The Hungry Brain,Dr. Stephan Guyenet,dataset\adjusted_dataset\Science-Geography\0000951.jpg,[],[]
Mitochondria and the Future of Medicine,Lee Know,dataset\adjusted_dataset\Science-Geography\0000952.jpg,"[[[42, 80], [471, 80], [471, 288], [42, 288]]]","[""mitochondria and the future of medicne te t uolarhntet dutct chtuulz 4lel iitj lile latw""]"
Wild,Jay Griffiths,dataset\adjusted_dataset\Science-Geography\0000953.jpg,"[[[40, 110], [480, 110], [480, 210], [40, 210]]]","[""wild""]"
Gaia,James Lovelock,dataset\adjusted_dataset\Science-Geography\0000954.jpg,"[[[28, 126], [490, 126], [490, 252], [28, 252]]]","[""ga a""]"
Particle Physics: A Very Short Introduction,Frank Close,dataset\adjusted_dataset\Science-Geography\0000955.jpg,"[[[93, 205], [484, 205], [484, 262], [93, 262]]]","[""particle patsics ghan irinditan]""]"
Cartoon Guide to Genetics,Larry Gonick,dataset\adjusted_dataset\Science-Geography\0000956.jpg,"[[[32, 16], [496, 16], [496, 228], [32, 228]]]","[""th[ cartoonguide t0 bennc3 larly sonick emark wheelis""]"
Creaturepedia,Adrienne Barman,dataset\adjusted_dataset\Science-Geography\0000957.jpg,"[[[14, 112], [498, 112], [498, 179], [14, 179]]]","[""creaturepedia eclecac""]"
Science Of Yoga,Ann Swanson,dataset\adjusted_dataset\Science-Geography\0000958.jpg,"[[[51, 125], [482, 125], [482, 361], [51, 361]]]","[""science? yoga""]"
Gravitational Waves,Brian Clegg,dataset\adjusted_dataset\Science-Geography\0000959.jpg,[],[]
The Drunkard's Walk,Leonard Mlodinow,dataset\adjusted_dataset\Science-Geography\0000960.jpg,"[[[59, 21], [512, 21], [512, 196], [59, 196]]]","[""0 #6l 5 e < [ 62 - le n the dounkar 5 walk""]"
Edexcel A level Mathematics Pure Mathematics Year 2 Textbook + e-book,Greg Attwood,dataset\adjusted_dataset\Science-Geography\0000961.jpg,[],[]
M.C. Escher. The Graphic Work,M C Escher,dataset\adjusted_dataset\Science-Geography\0000962.jpg,"[[[54, 28], [430, 28], [430, 97], [54, 97]]]","[""mc. escher mcinic""]"
The Moth Snowstorm,Michael McCarthy,dataset\adjusted_dataset\Science-Geography\0000963.jpg,"[[[21, 236], [488, 236], [488, 312], [21, 312]]]","[""snowstormv ttvr tntj ji)""]"
The Laws of Thermodynamics: A Very Short Introduction,Peter W. Atkins,dataset\adjusted_dataset\Science-Geography\0000964.jpg,"[[[36, 185], [485, 185], [485, 271], [36, 271]]]","[""tae lawsof thercodynaocs itanjurhttaen""]"
The Believing Brain,Michael Shermer,dataset\adjusted_dataset\Science-Geography\0000965.jpg,"[[[125, 89], [397, 89], [397, 133], [125, 133]]]","[""the believing""]"
Phantoms in the Brain,V. S. Ramachandran,dataset\adjusted_dataset\Science-Geography\0000966.jpg,[],[]
Mushrooms,Patrick Harding,dataset\adjusted_dataset\Science-Geography\0000967.jpg,"[[[48, 122], [424, 122], [424, 178], [48, 178]]]","[""mushrooms""]"
Process and Reality,Alfred North Whitehead,dataset\adjusted_dataset\Science-Geography\0000968.jpg,"[[[15, 0], [502, 0], [502, 154], [15, 154]]]","[""process aud reallty cufdltedmton""]"
The Particle at the End of the Universe,Sean Carroll,dataset\adjusted_dataset\Science-Geography\0000969.jpg,"[[[121, 97], [497, 97], [497, 487], [121, 487]]]","[""fartiele cuthe endt df 5 sean carpoll""]"
Mini Weapons of Mass Destruction,John Austin,dataset\adjusted_dataset\Science-Geography\0000970.jpg,"[[[10, 0], [512, 0], [512, 207], [10, 207]]]","[""min weapods of nass destruction lrht""]"
The Second Machine Age,Erik Brynjolfsson,dataset\adjusted_dataset\Science-Geography\0000971.jpg,"[[[0, 156], [460, 156], [460, 294], [0, 294]]]","[""tae second machime age durene tiae 3i jonxnllecte""]"
Lifespan,David A Sinclair,dataset\adjusted_dataset\Science-Geography\0000972.jpg,[],[]
Geology and Astronomy,Charles Kovacs,dataset\adjusted_dataset\Science-Geography\0000973.jpg,"[[[94, 43], [416, 43], [416, 164], [94, 164]]]","[""geology and astronomy (iauk kovt""]"
The Bee Book,DK,dataset\adjusted_dataset\Science-Geography\0000974.jpg,"[[[277, 75], [491, 75], [491, 278], [277, 278]]]","[""the bee book""]"
Against Method,Paul K. Feyerabend,dataset\adjusted_dataset\Science-Geography\0000975.jpg,[],[]
Statistics For Dummies,Deborah J. Rumsey,dataset\adjusted_dataset\Science-Geography\0000976.jpg,"[[[54, 100], [481, 100], [481, 219], [54, 219]]]","[""statistics dummies""]"
Qed,Richard P. Feynman,dataset\adjusted_dataset\Science-Geography\0000977.jpg,[],[]
From the Wood-Fired Oven,Richard Miscovich,dataset\adjusted_dataset\Science-Geography\0000978.jpg,"[[[123, 93], [487, 93], [487, 179], [123, 179]]]","[""wood-fred oven""]"
The Woman Who Changed Her Brain,Barbara Arrowsmith-Young,dataset\adjusted_dataset\Science-Geography\0000979.jpg,"[[[31, 64], [487, 64], [487, 245], [31, 245]]]","[""the vomin tho changed her brain""]"
Cronin'S Key Guide to Australian Trees,Leonard Cronin,dataset\adjusted_dataset\Science-Geography\0000980.jpg,"[[[214, 144], [479, 144], [479, 219], [214, 219]]]","[""australian trees""]"
How Did We Get into This Mess?,George Monbiot,dataset\adjusted_dataset\Science-Geography\0000981.jpg,"[[[78, 53], [429, 53], [429, 446], [78, 446]]]","[""george monbiot how did we get into this mess ?""]"
It's Not Rocket Science,Ben Miller,dataset\adjusted_dataset\Science-Geography\0000982.jpg,"[[[17, 11], [512, 11], [512, 345], [17, 345]]]","[""ben miller ity nt rwket setence""]"
"Guns, Germs and Steel",Jared Diamond,dataset\adjusted_dataset\Science-Geography\0000983.jpg,"[[[159, 219], [351, 219], [351, 259], [159, 259]]]","[""guns geams #ndsteel""]"
Knowledge Encyclopedia Science!,DK,dataset\adjusted_dataset\Science-Geography\0000984.jpg,"[[[8, 14], [436, 14], [436, 512], [8, 512]]]","[""df e science cctonf""]"
Life on the Edge,Jim Al-Khalili,dataset\adjusted_dataset\Science-Geography\0000985.jpg,"[[[81, 141], [445, 141], [445, 258], [81, 258]]]","[""iife on cloc""]"
The River of Consciousness,Oliver Sacks,dataset\adjusted_dataset\Science-Geography\0000986.jpg,"[[[40, 123], [474, 123], [474, 356], [40, 356]]]","[""thc rirr\"" o consciousness oliver sacks""]"
The Way Past Winter,Kiran Millwood Hargrave,dataset\adjusted_dataset\Science-Geography\0000987.jpg,"[[[110, 275], [411, 275], [411, 388], [110, 388]]]","[""3 pasti winter""]"
The Lost City of Z,David Grann,dataset\adjusted_dataset\Science-Geography\0000988.jpg,[],[]
Veg in One Bed,Huw Richards,dataset\adjusted_dataset\Science-Geography\0000989.jpg,"[[[76, 212], [456, 212], [456, 260], [76, 260]]]","[""veg inone bed""]"
